{"type":"FeatureCollection","name":"nepal-states","crs":{"type":"name","properties":{"name":"urn:ogc:def:crs:OGC:1.3:CRS84"}},"features":[{"type":"Feature","properties":{"PROVINCE":"Koshi","PCODE":"NP01"},"geometry":{"type":"MultiPolygon","coordinates":[[[[86.58,28.111],[86.586,28.109],[86.589,28.105],[86.597,28.103],[86.604,28.1],[86.606,28.097],[86.608,28.092],[86.605,28.089],[86.603,28.086],[86.604,28.082],[86.607,28.078],[86.611,28.075],[86.616,28.074],[86.621,28.075],[86.628,28.073],[86.634,28.071],[86.637,28.073],[86.643,28.074],[86.65,28.075],[86.654,28.078],[86.658,28.082],[86.659,28.086],[86.66,28.09],[86.661,28.093],[86.662,28.096],[86.666,28.099],[86.671,28.102],[86.675,28.102],[86.679,28.103],[86.681,28.104],[86.685,28.106],[86.69,28.109],[86.694,28.108],[86.701,28.107],[86.705,28.108],[86.707,28.106],[86.711,28.106],[86.714,28.107],[86.718,28.107],[86.724,28.105],[86.73,28.103],[86.735,28.103],[86.74,28.102],[86.742,28.099],[86.746,28.098],[86.748,28.095],[86.749,28.094],[86.748,28.092],[86.748,28.089],[86.747,28.088],[86.747,28.087],[86.748,28.086],[86.749,28.084],[86.75,28.083],[86.751,28.082],[86.753,28.08],[86.756,28.079],[86.759,28.078],[86.761,28.078],[86.763,28.077],[86.764,28.075],[86.765,28.075],[86.764,28.073],[86.763,28.072],[86.76,28.071],[86.758,28.07],[86.756,28.069],[86.754,28.066],[86.753,28.064],[86.753,28.062],[86.752,28.059],[86.752,28.057],[86.751,28.054],[86.75,28.052],[86.748,28.052],[86.747,28.051],[86.747,28.046],[86.749,28.045],[86.75,28.043],[86.75,28.042],[86.751,28.04],[86.752,28.038],[86.755,28.037],[86.756,28.036],[86.758,28.035],[86.759,28.035],[86.76,28.035],[86.764,28.036],[86.766,28.037],[86.768,28.037],[86.772,28.037],[86.773,28.038],[86.774,28.038],[86.776,28.036],[86.776,28.034],[86.777,28.034],[86.778,28.033],[86.78,28.032],[86.78,28.03],[86.78,28.028],[86.779,28.028],[86.78,28.027],[86.781,28.026],[86.783,28.026],[86.783,28.025],[86.785,28.025],[86.787,28.023],[86.787,28.022],[86.788,28.021],[86.79,28.02],[86.791,28.019],[86.793,28.02],[86.795,28.021],[86.798,28.022],[86.801,28.023],[86.803,28.024],[86.805,28.023],[86.806,28.022],[86.807,28.021],[86.809,28.02],[86.81,28.02],[86.812,28.019],[86.813,28.019],[86.816,28.02],[86.818,28.02],[86.821,28.019],[86.823,28.018],[86.825,28.018],[86.826,28.017],[86.827,28.017],[86.828,28.015],[86.83,28.015],[86.832,28.015],[86.834,28.015],[86.837,28.015],[86.838,28.016],[86.838,28.017],[86.84,28.018],[86.841,28.018],[86.843,28.019],[86.844,28.019],[86.847,28.02],[86.848,28.02],[86.848,28.021],[86.848,28.023],[86.848,28.025],[86.85,28.027],[86.852,28.028],[86.853,28.028],[86.855,28.028],[86.856,28.027],[86.858,28.027],[86.859,28.027],[86.861,28.027],[86.862,28.026],[86.863,28.026],[86.864,28.026],[86.866,28.026],[86.867,28.025],[86.869,28.024],[86.871,28.023],[86.873,28.022],[86.872,28.021],[86.873,28.02],[86.872,28.019],[86.871,28.017],[86.871,28.015],[86.871,28.013],[86.872,28.012],[86.873,28.011],[86.874,28.01],[86.876,28.009],[86.878,28.007],[86.879,28.007],[86.879,28.006],[86.881,28.004],[86.883,28.002],[86.885,28.001],[86.889,27.999],[86.891,27.997],[86.896,27.996],[86.901,27.994],[86.905,27.994],[86.91,27.992],[86.914,27.991],[86.916,27.99],[86.92,27.989],[86.923,27.988],[86.926,27.985],[86.928,27.983],[86.932,27.98],[86.933,27.976],[86.933,27.972],[86.933,27.969],[86.933,27.963],[86.937,27.962],[86.941,27.96],[86.945,27.958],[86.947,27.958],[86.951,27.957],[86.955,27.957],[86.959,27.956],[86.963,27.956],[86.967,27.955],[86.97,27.955],[86.974,27.954],[86.976,27.952],[86.98,27.951],[86.986,27.95],[86.988,27.951],[86.993,27.955],[86.998,27.955],[87.003,27.954],[87.009,27.954],[87.014,27.957],[87.017,27.956],[87.021,27.952],[87.025,27.95],[87.031,27.949],[87.036,27.951],[87.04,27.949],[87.043,27.945],[87.044,27.941],[87.048,27.936],[87.051,27.933],[87.053,27.927],[87.058,27.926],[87.062,27.925],[87.067,27.923],[87.073,27.92],[87.078,27.916],[87.078,27.911],[87.077,27.907],[87.078,27.904],[87.081,27.901],[87.083,27.897],[87.085,27.894],[87.087,27.891],[87.088,27.888],[87.089,27.883],[87.093,27.881],[87.097,27.879],[87.103,27.878],[87.107,27.875],[87.108,27.872],[87.108,27.868],[87.108,27.865],[87.108,27.861],[87.109,27.857],[87.108,27.854],[87.11,27.852],[87.11,27.847],[87.112,27.845],[87.115,27.842],[87.117,27.84],[87.12,27.84],[87.123,27.839],[87.126,27.835],[87.129,27.836],[87.133,27.837],[87.136,27.837],[87.14,27.837],[87.144,27.835],[87.149,27.832],[87.154,27.829],[87.156,27.825],[87.16,27.824],[87.164,27.823],[87.169,27.822],[87.172,27.821],[87.177,27.821],[87.182,27.822],[87.187,27.821],[87.191,27.82],[87.195,27.82],[87.2,27.822],[87.203,27.822],[87.206,27.822],[87.21,27.822],[87.214,27.823],[87.217,27.824],[87.221,27.823],[87.224,27.823],[87.226,27.82],[87.228,27.823],[87.229,27.826],[87.231,27.829],[87.235,27.833],[87.237,27.837],[87.24,27.84],[87.245,27.842],[87.25,27.843],[87.255,27.847],[87.258,27.85],[87.264,27.85],[87.267,27.85],[87.272,27.849],[87.277,27.847],[87.282,27.846],[87.287,27.845],[87.291,27.845],[87.295,27.844],[87.3,27.843],[87.304,27.843],[87.304,27.838],[87.306,27.834],[87.311,27.832],[87.317,27.828],[87.321,27.826],[87.326,27.827],[87.331,27.827],[87.337,27.829],[87.342,27.828],[87.346,27.828],[87.351,27.829],[87.356,27.828],[87.361,27.83],[87.364,27.835],[87.368,27.838],[87.372,27.844],[87.379,27.846],[87.385,27.849],[87.39,27.849],[87.397,27.851],[87.402,27.852],[87.407,27.857],[87.414,27.859],[87.419,27.863],[87.421,27.86],[87.425,27.859],[87.426,27.855],[87.429,27.851],[87.433,27.847],[87.432,27.843],[87.429,27.841],[87.424,27.841],[87.42,27.841],[87.415,27.84],[87.411,27.839],[87.405,27.837],[87.406,27.834],[87.413,27.834],[87.417,27.832],[87.424,27.831],[87.429,27.829],[87.437,27.826],[87.443,27.824],[87.449,27.822],[87.455,27.824],[87.459,27.826],[87.465,27.83],[87.47,27.833],[87.475,27.836],[87.478,27.84],[87.484,27.843],[87.49,27.847],[87.492,27.844],[87.496,27.845],[87.5,27.846],[87.506,27.846],[87.51,27.847],[87.515,27.846],[87.519,27.844],[87.524,27.844],[87.528,27.845],[87.533,27.845],[87.537,27.844],[87.542,27.847],[87.544,27.85],[87.548,27.854],[87.551,27.858],[87.552,27.863],[87.554,27.866],[87.559,27.867],[87.565,27.866],[87.57,27.863],[87.574,27.862],[87.577,27.862],[87.58,27.86],[87.582,27.857],[87.586,27.853],[87.587,27.848],[87.587,27.844],[87.589,27.84],[87.591,27.834],[87.59,27.829],[87.589,27.825],[87.589,27.82],[87.594,27.821],[87.598,27.821],[87.603,27.82],[87.606,27.818],[87.609,27.815],[87.612,27.811],[87.614,27.813],[87.615,27.816],[87.617,27.819],[87.622,27.821],[87.627,27.821],[87.631,27.824],[87.632,27.828],[87.632,27.832],[87.636,27.834],[87.641,27.835],[87.645,27.834],[87.649,27.835],[87.655,27.836],[87.659,27.837],[87.664,27.836],[87.669,27.835],[87.67,27.832],[87.667,27.828],[87.664,27.824],[87.665,27.821],[87.664,27.817],[87.665,27.813],[87.665,27.808],[87.668,27.807],[87.672,27.807],[87.675,27.81],[87.677,27.81],[87.681,27.81],[87.684,27.812],[87.69,27.812],[87.694,27.811],[87.698,27.812],[87.702,27.811],[87.706,27.811],[87.71,27.811],[87.714,27.81],[87.718,27.809],[87.722,27.806],[87.725,27.805],[87.729,27.807],[87.732,27.809],[87.734,27.811],[87.736,27.814],[87.735,27.817],[87.734,27.82],[87.737,27.825],[87.739,27.827],[87.742,27.83],[87.743,27.834],[87.746,27.836],[87.75,27.835],[87.753,27.836],[87.755,27.839],[87.756,27.841],[87.757,27.844],[87.758,27.846],[87.759,27.848],[87.761,27.85],[87.762,27.853],[87.764,27.856],[87.766,27.859],[87.768,27.861],[87.771,27.862],[87.774,27.863],[87.776,27.865],[87.778,27.866],[87.777,27.868],[87.778,27.871],[87.778,27.874],[87.776,27.876],[87.776,27.878],[87.777,27.881],[87.778,27.884],[87.778,27.886],[87.78,27.889],[87.781,27.89],[87.783,27.893],[87.783,27.895],[87.784,27.897],[87.785,27.9],[87.788,27.901],[87.791,27.902],[87.794,27.903],[87.796,27.905],[87.798,27.906],[87.801,27.907],[87.804,27.909],[87.806,27.911],[87.806,27.914],[87.807,27.916],[87.809,27.918],[87.811,27.919],[87.813,27.921],[87.816,27.921],[87.818,27.922],[87.82,27.92],[87.823,27.919],[87.825,27.922],[87.826,27.924],[87.826,27.927],[87.827,27.93],[87.827,27.933],[87.825,27.935],[87.825,27.938],[87.826,27.94],[87.827,27.943],[87.828,27.945],[87.83,27.948],[87.832,27.95],[87.831,27.953],[87.834,27.952],[87.837,27.951],[87.84,27.951],[87.843,27.949],[87.845,27.947],[87.848,27.947],[87.85,27.949],[87.854,27.949],[87.856,27.948],[87.857,27.945],[87.858,27.942],[87.858,27.94],[87.859,27.938],[87.859,27.935],[87.856,27.932],[87.854,27.929],[87.857,27.927],[87.859,27.925],[87.861,27.923],[87.861,27.92],[87.864,27.917],[87.864,27.913],[87.867,27.911],[87.87,27.913],[87.873,27.914],[87.877,27.915],[87.88,27.914],[87.884,27.912],[87.888,27.91],[87.891,27.911],[87.894,27.911],[87.898,27.911],[87.9,27.912],[87.904,27.915],[87.906,27.916],[87.909,27.917],[87.911,27.916],[87.913,27.917],[87.916,27.917],[87.92,27.916],[87.923,27.917],[87.926,27.917],[87.93,27.918],[87.933,27.918],[87.935,27.915],[87.936,27.912],[87.939,27.911],[87.942,27.91],[87.946,27.91],[87.949,27.91],[87.952,27.91],[87.954,27.91],[87.956,27.908],[87.958,27.906],[87.96,27.904],[87.962,27.9],[87.964,27.896],[87.966,27.894],[87.969,27.892],[87.973,27.891],[87.976,27.89],[87.98,27.889],[87.983,27.888],[87.985,27.887],[87.988,27.888],[87.992,27.89],[87.995,27.892],[87.997,27.894],[87.998,27.895],[87.999,27.896],[88.001,27.898],[88.002,27.898],[88.004,27.898],[88.006,27.899],[88.008,27.899],[88.009,27.899],[88.011,27.898],[88.012,27.899],[88.014,27.899],[88.017,27.899],[88.018,27.898],[88.02,27.897],[88.021,27.897],[88.022,27.897],[88.023,27.899],[88.024,27.901],[88.026,27.903],[88.026,27.904],[88.027,27.905],[88.028,27.906],[88.03,27.906],[88.032,27.906],[88.033,27.905],[88.035,27.905],[88.037,27.904],[88.038,27.903],[88.04,27.901],[88.043,27.899],[88.044,27.9],[88.045,27.9],[88.047,27.899],[88.049,27.898],[88.05,27.898],[88.052,27.897],[88.054,27.897],[88.054,27.896],[88.055,27.894],[88.056,27.892],[88.056,27.891],[88.057,27.89],[88.058,27.889],[88.058,27.888],[88.059,27.888],[88.061,27.888],[88.063,27.887],[88.064,27.887],[88.065,27.886],[88.066,27.887],[88.066,27.888],[88.068,27.89],[88.07,27.892],[88.071,27.893],[88.072,27.894],[88.073,27.894],[88.075,27.894],[88.078,27.895],[88.079,27.896],[88.081,27.896],[88.083,27.896],[88.084,27.896],[88.085,27.895],[88.086,27.894],[88.086,27.893],[88.087,27.892],[88.089,27.89],[88.089,27.888],[88.09,27.886],[88.09,27.884],[88.09,27.882],[88.09,27.88],[88.09,27.879],[88.09,27.876],[88.09,27.874],[88.091,27.871],[88.093,27.87],[88.094,27.869],[88.096,27.867],[88.097,27.867],[88.101,27.868],[88.105,27.868],[88.108,27.868],[88.112,27.869],[88.116,27.871],[88.118,27.874],[88.121,27.876],[88.122,27.878],[88.125,27.88],[88.127,27.882],[88.129,27.882],[88.132,27.882],[88.135,27.882],[88.138,27.88],[88.139,27.879],[88.139,27.878],[88.141,27.878],[88.143,27.878],[88.145,27.878],[88.147,27.877],[88.149,27.877],[88.15,27.876],[88.151,27.874],[88.153,27.872],[88.154,27.871],[88.154,27.871],[88.156,27.871],[88.159,27.87],[88.16,27.87],[88.163,27.869],[88.165,27.868],[88.167,27.866],[88.169,27.865],[88.171,27.864],[88.172,27.864],[88.173,27.863],[88.174,27.862],[88.174,27.861],[88.176,27.86],[88.176,27.859],[88.177,27.858],[88.178,27.857],[88.18,27.857],[88.182,27.857],[88.183,27.857],[88.185,27.857],[88.186,27.857],[88.187,27.855],[88.188,27.854],[88.189,27.854],[88.191,27.855],[88.193,27.855],[88.196,27.855],[88.197,27.853],[88.197,27.852],[88.197,27.85],[88.197,27.849],[88.197,27.848],[88.198,27.847],[88.198,27.846],[88.199,27.845],[88.2,27.844],[88.201,27.843],[88.202,27.841],[88.202,27.839],[88.201,27.838],[88.2,27.837],[88.199,27.837],[88.197,27.837],[88.195,27.836],[88.194,27.836],[88.193,27.834],[88.191,27.831],[88.19,27.829],[88.189,27.827],[88.187,27.825],[88.186,27.825],[88.183,27.823],[88.181,27.823],[88.18,27.823],[88.178,27.822],[88.175,27.822],[88.174,27.821],[88.173,27.82],[88.174,27.819],[88.173,27.818],[88.174,27.817],[88.175,27.817],[88.176,27.817],[88.178,27.816],[88.18,27.815],[88.181,27.814],[88.184,27.811],[88.185,27.811],[88.185,27.81],[88.186,27.808],[88.186,27.807],[88.186,27.805],[88.186,27.803],[88.187,27.801],[88.188,27.8],[88.188,27.799],[88.189,27.799],[88.19,27.798],[88.191,27.798],[88.192,27.797],[88.193,27.796],[88.194,27.796],[88.195,27.795],[88.195,27.793],[88.196,27.793],[88.197,27.792],[88.197,27.791],[88.197,27.79],[88.196,27.789],[88.195,27.787],[88.195,27.787],[88.192,27.785],[88.19,27.783],[88.188,27.781],[88.187,27.779],[88.186,27.778],[88.185,27.777],[88.184,27.777],[88.182,27.776],[88.181,27.775],[88.182,27.774],[88.182,27.773],[88.182,27.772],[88.181,27.769],[88.182,27.768],[88.183,27.767],[88.183,27.766],[88.182,27.765],[88.182,27.764],[88.182,27.763],[88.179,27.76],[88.177,27.759],[88.177,27.758],[88.177,27.756],[88.178,27.753],[88.179,27.75],[88.179,27.749],[88.176,27.746],[88.174,27.744],[88.173,27.743],[88.17,27.742],[88.167,27.741],[88.165,27.741],[88.162,27.741],[88.159,27.741],[88.158,27.739],[88.157,27.737],[88.156,27.735],[88.155,27.732],[88.155,27.729],[88.154,27.725],[88.155,27.722],[88.156,27.72],[88.155,27.717],[88.154,27.716],[88.153,27.713],[88.15,27.709],[88.149,27.706],[88.148,27.703],[88.149,27.701],[88.151,27.699],[88.151,27.696],[88.153,27.694],[88.154,27.692],[88.153,27.689],[88.152,27.688],[88.15,27.685],[88.149,27.683],[88.147,27.68],[88.147,27.676],[88.146,27.672],[88.145,27.669],[88.144,27.665],[88.141,27.662],[88.139,27.66],[88.137,27.658],[88.135,27.657],[88.132,27.656],[88.131,27.654],[88.128,27.652],[88.126,27.651],[88.123,27.648],[88.121,27.646],[88.12,27.643],[88.12,27.641],[88.12,27.639],[88.119,27.636],[88.118,27.633],[88.117,27.63],[88.118,27.628],[88.119,27.626],[88.117,27.624],[88.115,27.621],[88.115,27.618],[88.114,27.614],[88.114,27.612],[88.112,27.609],[88.11,27.607],[88.108,27.604],[88.106,27.603],[88.102,27.602],[88.099,27.6],[88.096,27.599],[88.092,27.597],[88.09,27.595],[88.088,27.594],[88.086,27.592],[88.084,27.589],[88.083,27.587],[88.082,27.585],[88.08,27.582],[88.079,27.579],[88.078,27.577],[88.077,27.575],[88.075,27.573],[88.077,27.571],[88.08,27.568],[88.081,27.565],[88.079,27.562],[88.077,27.559],[88.074,27.558],[88.072,27.557],[88.069,27.555],[88.069,27.552],[88.069,27.548],[88.067,27.545],[88.065,27.544],[88.063,27.542],[88.061,27.54],[88.059,27.536],[88.059,27.534],[88.061,27.531],[88.064,27.53],[88.066,27.528],[88.064,27.526],[88.061,27.525],[88.06,27.523],[88.058,27.519],[88.057,27.516],[88.061,27.514],[88.061,27.512],[88.059,27.51],[88.057,27.508],[88.055,27.505],[88.051,27.505],[88.05,27.503],[88.047,27.502],[88.046,27.5],[88.044,27.498],[88.044,27.495],[88.044,27.492],[88.044,27.489],[88.044,27.484],[88.045,27.481],[88.044,27.479],[88.047,27.475],[88.05,27.472],[88.053,27.47],[88.057,27.468],[88.058,27.465],[88.06,27.462],[88.063,27.459],[88.067,27.458],[88.066,27.456],[88.065,27.454],[88.067,27.452],[88.069,27.449],[88.071,27.447],[88.072,27.445],[88.071,27.443],[88.069,27.441],[88.068,27.439],[88.07,27.436],[88.075,27.433],[88.079,27.432],[88.08,27.43],[88.08,27.428],[88.079,27.427],[88.075,27.426],[88.073,27.426],[88.071,27.426],[88.068,27.426],[88.066,27.424],[88.062,27.422],[88.058,27.419],[88.057,27.419],[88.054,27.416],[88.051,27.413],[88.05,27.411],[88.05,27.407],[88.047,27.405],[88.048,27.403],[88.048,27.4],[88.046,27.397],[88.046,27.394],[88.045,27.391],[88.045,27.388],[88.045,27.386],[88.044,27.384],[88.045,27.38],[88.043,27.377],[88.042,27.375],[88.042,27.372],[88.043,27.369],[88.045,27.366],[88.047,27.363],[88.049,27.359],[88.054,27.358],[88.058,27.356],[88.059,27.352],[88.06,27.35],[88.061,27.347],[88.061,27.345],[88.063,27.344],[88.065,27.341],[88.066,27.338],[88.065,27.335],[88.063,27.334],[88.06,27.33],[88.06,27.328],[88.057,27.327],[88.054,27.326],[88.052,27.324],[88.051,27.322],[88.049,27.319],[88.049,27.315],[88.048,27.312],[88.045,27.31],[88.043,27.307],[88.041,27.303],[88.043,27.299],[88.044,27.295],[88.043,27.292],[88.04,27.292],[88.037,27.29],[88.035,27.289],[88.034,27.287],[88.032,27.286],[88.033,27.282],[88.032,27.279],[88.031,27.276],[88.03,27.272],[88.031,27.269],[88.032,27.265],[88.031,27.263],[88.031,27.259],[88.031,27.256],[88.031,27.253],[88.029,27.25],[88.027,27.248],[88.026,27.245],[88.025,27.241],[88.025,27.238],[88.023,27.238],[88.02,27.237],[88.019,27.235],[88.02,27.232],[88.019,27.23],[88.019,27.228],[88.018,27.224],[88.017,27.222],[88.015,27.22],[88.013,27.218],[88.012,27.216],[88.014,27.213],[88.016,27.211],[88.015,27.209],[88.013,27.205],[88.012,27.203],[88.015,27.2],[88.016,27.198],[88.016,27.195],[88.015,27.193],[88.014,27.191],[88.014,27.189],[88.014,27.187],[88.013,27.184],[88.013,27.183],[88.013,27.181],[88.013,27.178],[88.014,27.177],[88.016,27.174],[88.018,27.173],[88.019,27.171],[88.018,27.17],[88.016,27.169],[88.014,27.167],[88.012,27.167],[88.011,27.166],[88.012,27.163],[88.011,27.161],[88.011,27.159],[88.01,27.157],[88.01,27.154],[88.009,27.151],[88.008,27.15],[88.008,27.147],[88.008,27.144],[88.006,27.143],[88.004,27.141],[88.002,27.141],[88.001,27.138],[87.999,27.137],[88.0,27.135],[87.999,27.134],[87.997,27.133],[87.994,27.132],[87.992,27.131],[87.991,27.128],[87.991,27.125],[87.989,27.124],[87.989,27.122],[87.987,27.119],[87.989,27.118],[87.989,27.115],[87.99,27.112],[87.991,27.109],[87.994,27.105],[87.998,27.104],[88.001,27.104],[88.004,27.104],[88.006,27.102],[88.008,27.1],[88.009,27.099],[88.011,27.098],[88.012,27.096],[88.013,27.093],[88.014,27.091],[88.016,27.089],[88.017,27.089],[88.019,27.087],[88.021,27.086],[88.021,27.082],[88.019,27.08],[88.018,27.078],[88.016,27.076],[88.017,27.073],[88.019,27.07],[88.021,27.069],[88.022,27.067],[88.023,27.065],[88.023,27.063],[88.024,27.06],[88.026,27.057],[88.026,27.055],[88.028,27.051],[88.029,27.049],[88.03,27.048],[88.031,27.047],[88.033,27.044],[88.035,27.044],[88.036,27.041],[88.037,27.039],[88.038,27.038],[88.039,27.036],[88.041,27.036],[88.044,27.037],[88.048,27.035],[88.051,27.034],[88.054,27.033],[88.056,27.032],[88.058,27.032],[88.059,27.029],[88.062,27.03],[88.065,27.031],[88.068,27.031],[88.072,27.033],[88.075,27.035],[88.077,27.035],[88.079,27.034],[88.081,27.033],[88.083,27.029],[88.083,27.026],[88.084,27.023],[88.086,27.02],[88.088,27.017],[88.089,27.013],[88.088,27.011],[88.089,27.009],[88.09,27.007],[88.092,27.005],[88.095,27.004],[88.098,27.004],[88.1,27.002],[88.102,27.0],[88.105,26.997],[88.107,26.996],[88.109,26.995],[88.109,26.993],[88.111,26.991],[88.114,26.99],[88.117,26.988],[88.122,26.987],[88.124,26.988],[88.127,26.988],[88.129,26.988],[88.132,26.987],[88.134,26.987],[88.136,26.985],[88.135,26.984],[88.134,26.983],[88.132,26.982],[88.131,26.981],[88.13,26.979],[88.128,26.977],[88.127,26.975],[88.125,26.973],[88.124,26.972],[88.123,26.97],[88.122,26.967],[88.122,26.965],[88.122,26.964],[88.122,26.962],[88.123,26.961],[88.123,26.96],[88.122,26.958],[88.121,26.955],[88.121,26.953],[88.121,26.951],[88.121,26.95],[88.122,26.948],[88.123,26.947],[88.124,26.946],[88.125,26.944],[88.127,26.943],[88.128,26.941],[88.129,26.94],[88.13,26.939],[88.132,26.938],[88.133,26.937],[88.134,26.936],[88.136,26.935],[88.137,26.934],[88.138,26.932],[88.139,26.931],[88.139,26.929],[88.141,26.927],[88.142,26.927],[88.143,26.925],[88.144,26.923],[88.145,26.922],[88.146,26.921],[88.145,26.919],[88.144,26.918],[88.144,26.917],[88.145,26.916],[88.144,26.914],[88.142,26.912],[88.142,26.91],[88.141,26.908],[88.14,26.908],[88.14,26.906],[88.139,26.905],[88.139,26.904],[88.139,26.902],[88.137,26.901],[88.136,26.9],[88.137,26.898],[88.138,26.898],[88.139,26.896],[88.141,26.895],[88.142,26.894],[88.142,26.892],[88.143,26.891],[88.145,26.891],[88.146,26.89],[88.147,26.889],[88.148,26.888],[88.15,26.887],[88.151,26.887],[88.152,26.886],[88.154,26.885],[88.156,26.885],[88.157,26.886],[88.158,26.885],[88.158,26.883],[88.159,26.882],[88.16,26.882],[88.162,26.881],[88.163,26.879],[88.164,26.877],[88.164,26.875],[88.165,26.873],[88.166,26.872],[88.167,26.87],[88.169,26.869],[88.171,26.869],[88.172,26.869],[88.173,26.867],[88.173,26.866],[88.173,26.865],[88.173,26.863],[88.172,26.862],[88.172,26.86],[88.174,26.86],[88.174,26.859],[88.174,26.858],[88.174,26.856],[88.174,26.855],[88.175,26.854],[88.174,26.853],[88.172,26.852],[88.17,26.852],[88.169,26.85],[88.167,26.849],[88.168,26.848],[88.168,26.847],[88.17,26.846],[88.171,26.845],[88.17,26.844],[88.169,26.842],[88.168,26.842],[88.168,26.84],[88.168,26.838],[88.169,26.837],[88.171,26.836],[88.173,26.835],[88.174,26.834],[88.173,26.831],[88.172,26.829],[88.172,26.827],[88.173,26.826],[88.174,26.824],[88.175,26.822],[88.177,26.82],[88.178,26.818],[88.179,26.816],[88.179,26.814],[88.178,26.812],[88.178,26.809],[88.178,26.806],[88.178,26.803],[88.179,26.8],[88.181,26.797],[88.181,26.794],[88.182,26.792],[88.183,26.79],[88.184,26.786],[88.185,26.783],[88.186,26.78],[88.187,26.777],[88.187,26.775],[88.188,26.771],[88.188,26.768],[88.188,26.765],[88.187,26.762],[88.186,26.758],[88.186,26.756],[88.187,26.753],[88.187,26.751],[88.186,26.745],[88.186,26.741],[88.186,26.738],[88.185,26.732],[88.182,26.726],[88.182,26.721],[88.18,26.716],[88.177,26.711],[88.173,26.708],[88.17,26.702],[88.167,26.699],[88.168,26.696],[88.168,26.691],[88.167,26.686],[88.167,26.682],[88.164,26.679],[88.165,26.674],[88.165,26.67],[88.165,26.666],[88.164,26.662],[88.164,26.657],[88.163,26.653],[88.163,26.649],[88.163,26.646],[88.16,26.643],[88.159,26.638],[88.158,26.635],[88.155,26.631],[88.149,26.63],[88.144,26.628],[88.142,26.625],[88.142,26.625],[88.141,26.624],[88.141,26.623],[88.141,26.622],[88.141,26.622],[88.141,26.621],[88.14,26.62],[88.14,26.619],[88.141,26.614],[88.136,26.606],[88.13,26.585],[88.127,26.582],[88.128,26.581],[88.129,26.58],[88.13,26.58],[88.13,26.579],[88.13,26.578],[88.13,26.578],[88.131,26.577],[88.13,26.576],[88.13,26.575],[88.13,26.574],[88.13,26.574],[88.129,26.573],[88.129,26.573],[88.128,26.573],[88.128,26.574],[88.127,26.575],[88.127,26.576],[88.127,26.576],[88.126,26.577],[88.125,26.578],[88.124,26.578],[88.124,26.577],[88.123,26.577],[88.123,26.576],[88.124,26.576],[88.125,26.575],[88.125,26.574],[88.125,26.574],[88.124,26.573],[88.123,26.573],[88.122,26.572],[88.118,26.574],[88.118,26.574],[88.118,26.573],[88.118,26.572],[88.119,26.571],[88.119,26.57],[88.119,26.57],[88.119,26.569],[88.119,26.568],[88.118,26.568],[88.117,26.569],[88.117,26.57],[88.116,26.57],[88.115,26.57],[88.113,26.573],[88.113,26.572],[88.112,26.571],[88.112,26.571],[88.112,26.57],[88.112,26.569],[88.111,26.568],[88.112,26.568],[88.112,26.567],[88.112,26.566],[88.112,26.566],[88.112,26.565],[88.113,26.565],[88.113,26.565],[88.114,26.566],[88.114,26.567],[88.115,26.566],[88.115,26.566],[88.114,26.565],[88.114,26.564],[88.113,26.564],[88.113,26.563],[88.112,26.563],[88.111,26.563],[88.111,26.562],[88.112,26.561],[88.112,26.561],[88.113,26.56],[88.114,26.559],[88.114,26.559],[88.113,26.558],[88.112,26.557],[88.111,26.557],[88.11,26.557],[88.109,26.557],[88.109,26.558],[88.108,26.558],[88.108,26.561],[88.105,26.555],[88.112,26.545],[88.104,26.54],[88.103,26.54],[88.102,26.54],[88.101,26.54],[88.1,26.539],[88.099,26.539],[88.099,26.538],[88.098,26.537],[88.098,26.537],[88.098,26.536],[88.099,26.535],[88.1,26.535],[88.101,26.535],[88.101,26.535],[88.102,26.536],[88.103,26.537],[88.103,26.537],[88.104,26.536],[88.104,26.535],[88.104,26.534],[88.103,26.533],[88.103,26.533],[88.103,26.532],[88.103,26.531],[88.103,26.53],[88.104,26.53],[88.105,26.529],[88.105,26.528],[88.104,26.525],[88.103,26.519],[88.1,26.518],[88.095,26.516],[88.096,26.514],[88.096,26.513],[88.097,26.512],[88.097,26.511],[88.096,26.511],[88.094,26.51],[88.09,26.508],[88.09,26.507],[88.091,26.506],[88.091,26.505],[88.092,26.505],[88.093,26.505],[88.094,26.505],[88.095,26.505],[88.096,26.505],[88.097,26.506],[88.097,26.506],[88.098,26.506],[88.099,26.506],[88.099,26.505],[88.099,26.504],[88.099,26.503],[88.099,26.502],[88.099,26.502],[88.1,26.501],[88.1,26.5],[88.1,26.499],[88.1,26.498],[88.1,26.498],[88.1,26.497],[88.1,26.496],[88.1,26.495],[88.1,26.494],[88.101,26.493],[88.102,26.493],[88.103,26.493],[88.103,26.492],[88.103,26.491],[88.103,26.491],[88.104,26.49],[88.105,26.49],[88.106,26.49],[88.106,26.489],[88.105,26.488],[88.105,26.487],[88.104,26.487],[88.103,26.486],[88.103,26.485],[88.102,26.485],[88.101,26.484],[88.101,26.483],[88.101,26.482],[88.1,26.482],[88.1,26.481],[88.1,26.48],[88.101,26.479],[88.102,26.479],[88.103,26.478],[88.104,26.478],[88.104,26.478],[88.105,26.478],[88.106,26.477],[88.107,26.477],[88.107,26.476],[88.107,26.475],[88.107,26.474],[88.107,26.473],[88.106,26.473],[88.105,26.472],[88.104,26.472],[88.103,26.472],[88.102,26.472],[88.101,26.472],[88.1,26.472],[88.1,26.473],[88.099,26.473],[88.098,26.473],[88.098,26.472],[88.099,26.471],[88.1,26.471],[88.101,26.47],[88.101,26.47],[88.102,26.47],[88.103,26.469],[88.104,26.468],[88.104,26.467],[88.104,26.467],[88.103,26.466],[88.102,26.465],[88.101,26.465],[88.1,26.465],[88.099,26.465],[88.098,26.465],[88.098,26.465],[88.097,26.465],[88.096,26.465],[88.095,26.465],[88.094,26.465],[88.093,26.464],[88.092,26.464],[88.092,26.463],[88.092,26.462],[88.093,26.461],[88.093,26.461],[88.094,26.46],[88.094,26.459],[88.094,26.458],[88.095,26.458],[88.095,26.457],[88.096,26.456],[88.096,26.455],[88.096,26.454],[88.096,26.454],[88.097,26.453],[88.097,26.452],[88.097,26.451],[88.097,26.45],[88.097,26.449],[88.097,26.448],[88.097,26.448],[88.096,26.447],[88.096,26.446],[88.096,26.445],[88.096,26.444],[88.096,26.443],[88.096,26.442],[88.096,26.441],[88.096,26.441],[88.096,26.44],[88.095,26.439],[88.095,26.438],[88.094,26.438],[88.093,26.437],[88.093,26.437],[88.092,26.436],[88.091,26.436],[88.09,26.435],[88.089,26.435],[88.089,26.434],[88.088,26.434],[88.087,26.433],[88.087,26.433],[88.086,26.432],[88.085,26.431],[88.085,26.431],[88.085,26.43],[88.084,26.429],[88.084,26.428],[88.084,26.427],[88.084,26.427],[88.083,26.426],[88.082,26.425],[88.082,26.425],[88.081,26.424],[88.081,26.423],[88.081,26.423],[88.08,26.422],[88.079,26.421],[88.079,26.42],[88.078,26.42],[88.077,26.419],[88.077,26.419],[88.076,26.418],[88.075,26.417],[88.075,26.417],[88.074,26.417],[88.073,26.416],[88.072,26.415],[88.072,26.415],[88.071,26.414],[88.07,26.414],[88.069,26.413],[88.069,26.412],[88.069,26.411],[88.07,26.411],[88.07,26.41],[88.071,26.409],[88.071,26.408],[88.071,26.408],[88.07,26.408],[88.069,26.408],[88.068,26.408],[88.068,26.409],[88.067,26.41],[88.067,26.409],[88.066,26.408],[88.065,26.408],[88.064,26.408],[88.064,26.409],[88.064,26.41],[88.064,26.411],[88.063,26.411],[88.062,26.41],[88.061,26.41],[88.061,26.41],[88.06,26.41],[88.059,26.409],[88.059,26.408],[88.058,26.408],[88.057,26.408],[88.057,26.407],[88.058,26.407],[88.057,26.406],[88.056,26.406],[88.056,26.406],[88.056,26.405],[88.056,26.404],[88.056,26.404],[88.056,26.403],[88.055,26.403],[88.054,26.402],[88.055,26.402],[88.056,26.401],[88.055,26.401],[88.054,26.401],[88.053,26.401],[88.052,26.401],[88.052,26.4],[88.052,26.399],[88.051,26.399],[88.051,26.4],[88.05,26.401],[88.049,26.401],[88.049,26.401],[88.048,26.401],[88.047,26.401],[88.047,26.401],[88.046,26.4],[88.045,26.4],[88.046,26.399],[88.046,26.399],[88.047,26.398],[88.046,26.398],[88.045,26.398],[88.044,26.397],[88.044,26.397],[88.045,26.397],[88.045,26.396],[88.044,26.396],[88.043,26.396],[88.042,26.396],[88.042,26.395],[88.041,26.396],[88.04,26.395],[88.041,26.395],[88.042,26.395],[88.041,26.395],[88.04,26.395],[88.04,26.394],[88.039,26.394],[88.038,26.394],[88.038,26.393],[88.038,26.392],[88.038,26.392],[88.037,26.392],[88.037,26.391],[88.036,26.391],[88.035,26.391],[88.035,26.392],[88.034,26.392],[88.035,26.391],[88.034,26.39],[88.034,26.389],[88.034,26.389],[88.034,26.388],[88.033,26.388],[88.032,26.388],[88.032,26.387],[88.031,26.386],[88.032,26.386],[88.032,26.385],[88.031,26.384],[88.031,26.384],[88.031,26.383],[88.03,26.383],[88.03,26.383],[88.029,26.383],[88.028,26.383],[88.027,26.382],[88.027,26.382],[88.028,26.381],[88.028,26.38],[88.028,26.379],[88.029,26.379],[88.03,26.379],[88.03,26.379],[88.031,26.379],[88.031,26.378],[88.031,26.377],[88.031,26.376],[88.03,26.376],[88.03,26.377],[88.029,26.377],[88.029,26.376],[88.03,26.375],[88.03,26.374],[88.029,26.374],[88.028,26.374],[88.028,26.373],[88.029,26.372],[88.028,26.372],[88.027,26.371],[88.027,26.371],[88.027,26.37],[88.028,26.369],[88.029,26.368],[88.029,26.368],[88.03,26.368],[88.031,26.367],[88.03,26.366],[88.03,26.365],[88.029,26.365],[88.028,26.365],[88.027,26.365],[88.026,26.364],[88.025,26.364],[88.024,26.364],[88.023,26.364],[88.022,26.364],[88.021,26.364],[88.02,26.363],[88.019,26.363],[88.018,26.363],[88.017,26.363],[88.016,26.363],[88.015,26.362],[88.014,26.362],[88.014,26.362],[88.013,26.362],[88.012,26.362],[88.011,26.362],[88.01,26.362],[88.009,26.361],[88.008,26.361],[88.007,26.361],[88.006,26.362],[88.006,26.362],[88.006,26.363],[88.005,26.364],[88.004,26.364],[88.004,26.365],[88.003,26.365],[88.002,26.365],[88.002,26.366],[88.003,26.366],[88.002,26.367],[88.002,26.366],[88.001,26.366],[88.0,26.367],[87.999,26.366],[87.999,26.365],[87.998,26.365],[87.996,26.366],[87.995,26.366],[87.995,26.368],[87.993,26.368],[87.994,26.37],[87.992,26.37],[87.992,26.371],[87.992,26.372],[87.992,26.375],[87.966,26.397],[87.933,26.418],[87.932,26.418],[87.93,26.418],[87.928,26.418],[87.927,26.418],[87.926,26.419],[87.926,26.42],[87.926,26.422],[87.927,26.425],[87.927,26.426],[87.926,26.428],[87.925,26.429],[87.923,26.429],[87.921,26.429],[87.919,26.43],[87.917,26.43],[87.916,26.432],[87.917,26.435],[87.919,26.436],[87.921,26.437],[87.924,26.439],[87.925,26.44],[87.926,26.442],[87.925,26.444],[87.925,26.446],[87.924,26.447],[87.921,26.447],[87.9,26.478],[87.872,26.472],[87.863,26.468],[87.863,26.467],[87.863,26.466],[87.863,26.465],[87.863,26.465],[87.862,26.464],[87.861,26.464],[87.86,26.464],[87.859,26.464],[87.858,26.464],[87.858,26.463],[87.858,26.462],[87.858,26.461],[87.859,26.461],[87.859,26.46],[87.86,26.46],[87.859,26.459],[87.858,26.459],[87.858,26.458],[87.858,26.457],[87.858,26.456],[87.859,26.456],[87.859,26.455],[87.86,26.454],[87.861,26.454],[87.862,26.454],[87.862,26.453],[87.862,26.453],[87.862,26.452],[87.861,26.451],[87.861,26.451],[87.861,26.45],[87.861,26.449],[87.83,26.448],[87.822,26.455],[87.799,26.467],[87.793,26.469],[87.792,26.469],[87.792,26.468],[87.792,26.467],[87.791,26.467],[87.79,26.467],[87.79,26.468],[87.79,26.468],[87.79,26.469],[87.789,26.469],[87.788,26.469],[87.788,26.469],[87.787,26.468],[87.786,26.468],[87.787,26.467],[87.788,26.467],[87.789,26.467],[87.789,26.466],[87.79,26.466],[87.79,26.465],[87.789,26.465],[87.788,26.464],[87.788,26.465],[87.787,26.465],[87.786,26.466],[87.786,26.465],[87.786,26.464],[87.786,26.463],[87.786,26.463],[87.787,26.463],[87.788,26.463],[87.789,26.462],[87.788,26.461],[87.788,26.461],[87.787,26.46],[87.786,26.46],[87.785,26.459],[87.785,26.459],[87.784,26.458],[87.784,26.457],[87.783,26.457],[87.783,26.456],[87.783,26.455],[87.782,26.454],[87.782,26.454],[87.781,26.453],[87.78,26.453],[87.779,26.454],[87.778,26.454],[87.777,26.453],[87.778,26.453],[87.779,26.452],[87.779,26.451],[87.779,26.451],[87.778,26.451],[87.777,26.451],[87.776,26.451],[87.775,26.451],[87.774,26.451],[87.774,26.45],[87.774,26.449],[87.775,26.449],[87.776,26.449],[87.777,26.448],[87.777,26.447],[87.777,26.446],[87.777,26.446],[87.777,26.445],[87.776,26.444],[87.776,26.443],[87.776,26.443],[87.777,26.443],[87.778,26.443],[87.777,26.442],[87.776,26.442],[87.776,26.441],[87.775,26.441],[87.774,26.44],[87.774,26.44],[87.774,26.439],[87.774,26.438],[87.774,26.437],[87.773,26.437],[87.773,26.436],[87.774,26.435],[87.775,26.436],[87.775,26.436],[87.776,26.437],[87.777,26.437],[87.778,26.437],[87.778,26.436],[87.778,26.435],[87.777,26.434],[87.777,26.433],[87.777,26.432],[87.777,26.432],[87.776,26.431],[87.776,26.43],[87.775,26.43],[87.774,26.431],[87.774,26.431],[87.773,26.431],[87.773,26.43],[87.773,26.429],[87.773,26.429],[87.774,26.428],[87.775,26.428],[87.776,26.428],[87.775,26.427],[87.775,26.427],[87.774,26.427],[87.773,26.427],[87.772,26.428],[87.771,26.428],[87.771,26.428],[87.771,26.427],[87.772,26.427],[87.772,26.426],[87.773,26.426],[87.774,26.426],[87.775,26.426],[87.776,26.426],[87.776,26.425],[87.775,26.424],[87.775,26.424],[87.774,26.423],[87.774,26.422],[87.773,26.421],[87.773,26.421],[87.774,26.421],[87.775,26.421],[87.775,26.422],[87.775,26.422],[87.776,26.422],[87.776,26.421],[87.775,26.421],[87.775,26.42],[87.774,26.42],[87.773,26.42],[87.772,26.42],[87.772,26.421],[87.772,26.422],[87.771,26.422],[87.771,26.422],[87.77,26.421],[87.77,26.42],[87.769,26.419],[87.769,26.419],[87.768,26.419],[87.767,26.418],[87.767,26.418],[87.767,26.417],[87.768,26.416],[87.768,26.415],[87.768,26.415],[87.767,26.414],[87.766,26.414],[87.766,26.413],[87.766,26.413],[87.767,26.412],[87.767,26.411],[87.766,26.411],[87.765,26.411],[87.765,26.41],[87.747,26.418],[87.736,26.412],[87.724,26.416],[87.722,26.418],[87.721,26.42],[87.719,26.422],[87.717,26.422],[87.715,26.423],[87.714,26.424],[87.706,26.428],[87.678,26.435],[87.652,26.394],[87.627,26.394],[87.624,26.393],[87.623,26.393],[87.623,26.393],[87.61,26.386],[87.604,26.381],[87.597,26.381],[87.587,26.383],[87.587,26.384],[87.587,26.386],[87.588,26.388],[87.588,26.39],[87.588,26.392],[87.587,26.393],[87.583,26.394],[87.565,26.4],[87.548,26.417],[87.537,26.421],[87.517,26.43],[87.496,26.435],[87.489,26.437],[87.483,26.438],[87.478,26.438],[87.473,26.439],[87.467,26.44],[87.462,26.439],[87.457,26.438],[87.453,26.436],[87.446,26.433],[87.442,26.432],[87.436,26.428],[87.431,26.425],[87.426,26.423],[87.42,26.423],[87.415,26.422],[87.409,26.421],[87.403,26.421],[87.397,26.42],[87.39,26.419],[87.387,26.417],[87.383,26.414],[87.379,26.41],[87.374,26.407],[87.366,26.403],[87.357,26.39],[87.353,26.372],[87.341,26.348],[87.322,26.36],[87.31,26.371],[87.289,26.374],[87.275,26.373],[87.265,26.377],[87.264,26.387],[87.266,26.39],[87.266,26.394],[87.266,26.399],[87.266,26.404],[87.266,26.406],[87.262,26.408],[87.261,26.409],[87.258,26.41],[87.256,26.411],[87.254,26.41],[87.252,26.41],[87.251,26.41],[87.25,26.41],[87.248,26.411],[87.248,26.413],[87.248,26.414],[87.234,26.414],[87.23,26.414],[87.229,26.413],[87.229,26.413],[87.227,26.412],[87.227,26.412],[87.228,26.411],[87.227,26.411],[87.226,26.41],[87.226,26.409],[87.225,26.409],[87.224,26.409],[87.224,26.408],[87.224,26.407],[87.224,26.406],[87.223,26.406],[87.222,26.405],[87.221,26.405],[87.22,26.404],[87.219,26.404],[87.218,26.403],[87.218,26.404],[87.217,26.407],[87.216,26.407],[87.215,26.408],[87.214,26.408],[87.214,26.408],[87.212,26.409],[87.211,26.41],[87.212,26.411],[87.211,26.413],[87.186,26.414],[87.189,26.407],[87.174,26.404],[87.164,26.404],[87.15,26.409],[87.14,26.415],[87.13,26.422],[87.121,26.428],[87.116,26.432],[87.113,26.435],[87.107,26.438],[87.102,26.443],[87.092,26.45],[87.091,26.453],[87.09,26.459],[87.088,26.472],[87.087,26.479],[87.084,26.494],[87.082,26.511],[87.079,26.528],[87.072,26.552],[87.072,26.584],[87.045,26.587],[87.039,26.564],[87.021,26.542],[87.004,26.528],[86.985,26.524],[86.979,26.525],[86.966,26.522],[86.964,26.524],[86.96,26.521],[86.955,26.521],[86.953,26.521],[86.946,26.52],[86.94,26.517],[86.933,26.517],[86.93,26.506],[86.929,26.499],[86.929,26.496],[86.929,26.492],[86.93,26.49],[86.926,26.489],[86.922,26.489],[86.917,26.489],[86.913,26.489],[86.908,26.489],[86.904,26.489],[86.905,26.49],[86.907,26.491],[86.907,26.494],[86.908,26.494],[86.91,26.496],[86.911,26.498],[86.911,26.499],[86.913,26.499],[86.915,26.5],[86.916,26.502],[86.918,26.505],[86.916,26.508],[86.916,26.511],[86.919,26.516],[86.924,26.523],[86.929,26.529],[86.934,26.534],[86.941,26.536],[86.947,26.537],[86.951,26.538],[86.956,26.542],[86.962,26.544],[86.965,26.546],[86.969,26.552],[86.973,26.555],[86.973,26.557],[86.977,26.56],[86.985,26.565],[86.988,26.569],[86.992,26.571],[86.992,26.576],[86.985,26.582],[86.983,26.586],[86.984,26.596],[86.989,26.604],[86.989,26.607],[86.985,26.615],[86.98,26.623],[86.979,26.625],[86.985,26.629],[86.985,26.632],[86.988,26.635],[86.988,26.64],[86.991,26.644],[86.99,26.647],[86.994,26.652],[86.998,26.655],[87.0,26.655],[87.002,26.657],[87.003,26.66],[87.005,26.662],[87.006,26.665],[87.007,26.667],[87.012,26.669],[87.013,26.671],[87.014,26.674],[87.012,26.677],[87.012,26.68],[87.011,26.683],[87.012,26.687],[87.015,26.69],[87.014,26.694],[87.014,26.699],[87.012,26.702],[87.01,26.705],[87.01,26.708],[87.01,26.711],[87.008,26.709],[87.005,26.709],[87.003,26.709],[87.001,26.71],[87.0,26.709],[87.0,26.707],[86.997,26.705],[86.995,26.703],[86.991,26.703],[86.991,26.7],[86.988,26.701],[86.984,26.705],[86.984,26.709],[86.982,26.715],[86.98,26.717],[86.975,26.719],[86.972,26.725],[86.971,26.731],[86.967,26.736],[86.961,26.735],[86.952,26.733],[86.946,26.733],[86.941,26.736],[86.936,26.739],[86.93,26.744],[86.928,26.747],[86.925,26.751],[86.926,26.754],[86.928,26.758],[86.927,26.761],[86.925,26.764],[86.924,26.765],[86.922,26.767],[86.919,26.765],[86.916,26.762],[86.914,26.761],[86.912,26.76],[86.909,26.759],[86.909,26.756],[86.909,26.754],[86.909,26.752],[86.908,26.749],[86.909,26.746],[86.91,26.742],[86.911,26.739],[86.907,26.739],[86.907,26.737],[86.906,26.736],[86.904,26.736],[86.904,26.735],[86.904,26.733],[86.902,26.731],[86.901,26.731],[86.901,26.729],[86.899,26.728],[86.898,26.726],[86.895,26.725],[86.894,26.724],[86.892,26.722],[86.889,26.72],[86.888,26.717],[86.885,26.713],[86.883,26.711],[86.88,26.712],[86.877,26.713],[86.875,26.713],[86.873,26.713],[86.871,26.712],[86.866,26.709],[86.866,26.701],[86.863,26.701],[86.861,26.701],[86.859,26.698],[86.856,26.697],[86.852,26.696],[86.851,26.695],[86.85,26.693],[86.848,26.692],[86.847,26.694],[86.844,26.693],[86.842,26.691],[86.841,26.692],[86.842,26.695],[86.841,26.698],[86.84,26.703],[86.839,26.706],[86.837,26.708],[86.837,26.711],[86.834,26.712],[86.83,26.712],[86.827,26.713],[86.824,26.714],[86.821,26.712],[86.818,26.709],[86.816,26.71],[86.815,26.708],[86.812,26.709],[86.81,26.709],[86.808,26.71],[86.806,26.712],[86.805,26.712],[86.803,26.713],[86.801,26.713],[86.799,26.711],[86.798,26.711],[86.796,26.711],[86.793,26.709],[86.79,26.708],[86.787,26.706],[86.784,26.705],[86.782,26.702],[86.78,26.702],[86.778,26.703],[86.776,26.702],[86.773,26.7],[86.77,26.699],[86.767,26.697],[86.765,26.696],[86.762,26.695],[86.76,26.696],[86.758,26.691],[86.754,26.689],[86.753,26.686],[86.753,26.688],[86.753,26.691],[86.754,26.694],[86.752,26.695],[86.75,26.697],[86.748,26.698],[86.747,26.697],[86.746,26.698],[86.746,26.7],[86.744,26.7],[86.743,26.701],[86.742,26.702],[86.742,26.704],[86.741,26.705],[86.739,26.707],[86.74,26.71],[86.739,26.711],[86.737,26.712],[86.736,26.712],[86.734,26.712],[86.732,26.711],[86.731,26.711],[86.729,26.71],[86.727,26.71],[86.724,26.709],[86.722,26.71],[86.722,26.708],[86.719,26.708],[86.718,26.707],[86.716,26.708],[86.714,26.708],[86.712,26.707],[86.709,26.707],[86.706,26.707],[86.706,26.706],[86.706,26.705],[86.704,26.704],[86.703,26.701],[86.7,26.699],[86.698,26.697],[86.696,26.695],[86.694,26.693],[86.69,26.689],[86.687,26.689],[86.685,26.688],[86.681,26.689],[86.679,26.69],[86.676,26.691],[86.674,26.692],[86.672,26.693],[86.67,26.694],[86.67,26.696],[86.671,26.697],[86.669,26.699],[86.669,26.702],[86.667,26.703],[86.665,26.704],[86.664,26.703],[86.662,26.7],[86.66,26.698],[86.659,26.696],[86.657,26.694],[86.656,26.692],[86.653,26.692],[86.651,26.691],[86.649,26.69],[86.647,26.691],[86.646,26.694],[86.644,26.697],[86.642,26.698],[86.639,26.698],[86.637,26.698],[86.634,26.699],[86.633,26.697],[86.632,26.696],[86.63,26.695],[86.628,26.693],[86.627,26.69],[86.625,26.691],[86.623,26.692],[86.621,26.694],[86.618,26.695],[86.615,26.695],[86.613,26.693],[86.611,26.69],[86.61,26.689],[86.608,26.69],[86.607,26.692],[86.605,26.693],[86.604,26.695],[86.603,26.697],[86.602,26.7],[86.601,26.7],[86.598,26.697],[86.596,26.697],[86.594,26.697],[86.591,26.697],[86.589,26.697],[86.587,26.696],[86.586,26.697],[86.586,26.699],[86.585,26.701],[86.583,26.703],[86.583,26.706],[86.581,26.707],[86.581,26.709],[86.583,26.712],[86.582,26.713],[86.58,26.713],[86.58,26.716],[86.577,26.719],[86.574,26.72],[86.572,26.722],[86.572,26.727],[86.573,26.73],[86.572,26.733],[86.574,26.737],[86.573,26.74],[86.569,26.741],[86.567,26.743],[86.563,26.744],[86.559,26.745],[86.555,26.745],[86.553,26.746],[86.554,26.748],[86.557,26.75],[86.558,26.753],[86.561,26.757],[86.564,26.76],[86.566,26.763],[86.568,26.766],[86.57,26.768],[86.572,26.768],[86.574,26.771],[86.577,26.775],[86.577,26.778],[86.577,26.781],[86.578,26.784],[86.574,26.785],[86.57,26.783],[86.567,26.781],[86.566,26.782],[86.565,26.784],[86.566,26.786],[86.565,26.787],[86.564,26.79],[86.563,26.79],[86.562,26.789],[86.559,26.79],[86.557,26.789],[86.554,26.788],[86.551,26.786],[86.55,26.785],[86.549,26.783],[86.548,26.782],[86.545,26.783],[86.543,26.784],[86.54,26.784],[86.538,26.784],[86.537,26.787],[86.537,26.788],[86.532,26.789],[86.53,26.791],[86.532,26.793],[86.536,26.796],[86.535,26.798],[86.535,26.8],[86.539,26.8],[86.54,26.798],[86.541,26.8],[86.543,26.801],[86.546,26.803],[86.545,26.806],[86.548,26.81],[86.55,26.813],[86.553,26.815],[86.552,26.819],[86.552,26.822],[86.552,26.824],[86.553,26.826],[86.554,26.83],[86.553,26.832],[86.551,26.832],[86.552,26.834],[86.55,26.836],[86.547,26.837],[86.542,26.836],[86.538,26.834],[86.537,26.833],[86.537,26.832],[86.532,26.832],[86.529,26.831],[86.524,26.832],[86.52,26.832],[86.521,26.835],[86.52,26.839],[86.519,26.842],[86.516,26.844],[86.515,26.842],[86.512,26.841],[86.511,26.843],[86.511,26.847],[86.508,26.846],[86.505,26.849],[86.506,26.852],[86.505,26.855],[86.501,26.857],[86.498,26.857],[86.496,26.857],[86.494,26.859],[86.494,26.86],[86.494,26.861],[86.493,26.862],[86.493,26.863],[86.492,26.865],[86.491,26.865],[86.49,26.866],[86.488,26.868],[86.488,26.869],[86.486,26.869],[86.484,26.87],[86.483,26.87],[86.482,26.87],[86.48,26.871],[86.48,26.872],[86.479,26.873],[86.481,26.875],[86.479,26.876],[86.479,26.879],[86.478,26.882],[86.479,26.885],[86.48,26.888],[86.478,26.888],[86.474,26.887],[86.471,26.888],[86.468,26.887],[86.464,26.887],[86.462,26.887],[86.46,26.888],[86.457,26.887],[86.454,26.888],[86.452,26.889],[86.45,26.89],[86.448,26.89],[86.447,26.891],[86.444,26.892],[86.442,26.894],[86.441,26.895],[86.439,26.895],[86.436,26.897],[86.434,26.898],[86.432,26.899],[86.431,26.9],[86.43,26.901],[86.427,26.903],[86.424,26.903],[86.422,26.904],[86.419,26.905],[86.418,26.906],[86.416,26.906],[86.414,26.906],[86.412,26.907],[86.408,26.907],[86.406,26.908],[86.404,26.91],[86.403,26.909],[86.4,26.908],[86.398,26.909],[86.396,26.909],[86.394,26.908],[86.391,26.909],[86.389,26.908],[86.386,26.908],[86.385,26.909],[86.383,26.908],[86.383,26.906],[86.383,26.904],[86.382,26.901],[86.379,26.9],[86.377,26.897],[86.377,26.894],[86.377,26.892],[86.375,26.89],[86.374,26.886],[86.374,26.883],[86.372,26.883],[86.37,26.881],[86.369,26.877],[86.37,26.875],[86.367,26.874],[86.365,26.873],[86.362,26.875],[86.359,26.875],[86.357,26.876],[86.353,26.878],[86.347,26.877],[86.343,26.879],[86.339,26.88],[86.334,26.88],[86.331,26.879],[86.328,26.879],[86.325,26.879],[86.321,26.879],[86.318,26.88],[86.316,26.88],[86.314,26.879],[86.311,26.882],[86.31,26.883],[86.307,26.882],[86.302,26.884],[86.299,26.885],[86.298,26.886],[86.294,26.885],[86.292,26.886],[86.289,26.887],[86.286,26.886],[86.284,26.886],[86.281,26.885],[86.276,26.884],[86.274,26.883],[86.271,26.882],[86.269,26.88],[86.267,26.877],[86.264,26.876],[86.261,26.874],[86.257,26.873],[86.257,26.871],[86.254,26.87],[86.252,26.868],[86.25,26.866],[86.248,26.864],[86.245,26.864],[86.24,26.868],[86.235,26.873],[86.234,26.875],[86.232,26.875],[86.23,26.878],[86.227,26.881],[86.223,26.882],[86.218,26.882],[86.214,26.884],[86.21,26.886],[86.206,26.888],[86.202,26.889],[86.2,26.889],[86.199,26.892],[86.195,26.894],[86.191,26.895],[86.187,26.895],[86.187,26.897],[86.186,26.899],[86.183,26.901],[86.179,26.9],[86.177,26.903],[86.175,26.907],[86.171,26.91],[86.169,26.913],[86.165,26.914],[86.163,26.914],[86.16,26.916],[86.157,26.917],[86.157,26.921],[86.156,26.924],[86.157,26.928],[86.158,26.926],[86.162,26.925],[86.166,26.923],[86.175,26.917],[86.179,26.914],[86.183,26.91],[86.189,26.905],[86.194,26.905],[86.2,26.905],[86.203,26.901],[86.207,26.899],[86.213,26.898],[86.216,26.894],[86.219,26.89],[86.222,26.889],[86.224,26.892],[86.223,26.895],[86.223,26.901],[86.225,26.904],[86.227,26.904],[86.235,26.903],[86.238,26.904],[86.242,26.906],[86.244,26.912],[86.247,26.915],[86.249,26.914],[86.252,26.912],[86.255,26.912],[86.258,26.913],[86.259,26.916],[86.259,26.92],[86.26,26.923],[86.262,26.926],[86.267,26.93],[86.271,26.931],[86.275,26.932],[86.278,26.935],[86.28,26.937],[86.28,26.942],[86.281,26.944],[86.281,26.947],[86.284,26.949],[86.287,26.95],[86.289,26.95],[86.292,26.951],[86.296,26.952],[86.299,26.954],[86.301,26.955],[86.306,26.958],[86.309,26.961],[86.313,26.963],[86.316,26.964],[86.318,26.963],[86.322,26.964],[86.324,26.964],[86.33,26.964],[86.332,26.965],[86.334,26.964],[86.337,26.964],[86.341,26.964],[86.343,26.964],[86.346,26.964],[86.351,26.964],[86.354,26.966],[86.356,26.968],[86.358,26.972],[86.362,26.975],[86.364,26.978],[86.366,26.982],[86.366,26.986],[86.367,26.99],[86.367,26.993],[86.368,26.998],[86.367,27.0],[86.369,27.001],[86.371,27.003],[86.373,27.005],[86.374,27.008],[86.373,27.01],[86.373,27.012],[86.374,27.014],[86.372,27.015],[86.373,27.017],[86.374,27.02],[86.375,27.021],[86.374,27.023],[86.376,27.025],[86.377,27.027],[86.379,27.029],[86.38,27.03],[86.379,27.031],[86.381,27.031],[86.382,27.03],[86.382,27.032],[86.38,27.034],[86.377,27.035],[86.375,27.035],[86.373,27.037],[86.371,27.037],[86.368,27.037],[86.366,27.039],[86.364,27.042],[86.364,27.043],[86.364,27.046],[86.364,27.048],[86.364,27.05],[86.364,27.053],[86.362,27.055],[86.359,27.056],[86.357,27.059],[86.354,27.06],[86.352,27.061],[86.35,27.063],[86.351,27.065],[86.351,27.067],[86.35,27.066],[86.348,27.065],[86.346,27.066],[86.346,27.067],[86.346,27.069],[86.347,27.071],[86.349,27.07],[86.351,27.07],[86.351,27.072],[86.352,27.073],[86.351,27.074],[86.353,27.075],[86.354,27.075],[86.355,27.075],[86.354,27.076],[86.354,27.077],[86.355,27.078],[86.355,27.08],[86.356,27.082],[86.357,27.082],[86.358,27.085],[86.358,27.087],[86.358,27.09],[86.359,27.092],[86.357,27.093],[86.359,27.096],[86.36,27.097],[86.362,27.099],[86.362,27.1],[86.359,27.1],[86.358,27.099],[86.356,27.1],[86.356,27.103],[86.355,27.104],[86.352,27.105],[86.35,27.105],[86.349,27.106],[86.346,27.106],[86.344,27.106],[86.343,27.106],[86.34,27.106],[86.338,27.104],[86.336,27.103],[86.335,27.102],[86.333,27.1],[86.332,27.1],[86.329,27.1],[86.326,27.1],[86.324,27.099],[86.322,27.1],[86.319,27.101],[86.318,27.102],[86.316,27.102],[86.314,27.103],[86.312,27.103],[86.31,27.104],[86.309,27.106],[86.308,27.107],[86.307,27.108],[86.308,27.11],[86.312,27.11],[86.313,27.111],[86.315,27.111],[86.317,27.111],[86.319,27.11],[86.321,27.11],[86.323,27.11],[86.325,27.11],[86.326,27.111],[86.327,27.113],[86.328,27.114],[86.329,27.116],[86.331,27.117],[86.332,27.12],[86.333,27.122],[86.334,27.124],[86.335,27.126],[86.336,27.126],[86.337,27.128],[86.336,27.128],[86.335,27.128],[86.336,27.129],[86.335,27.13],[86.335,27.131],[86.336,27.133],[86.335,27.134],[86.338,27.134],[86.338,27.135],[86.338,27.136],[86.337,27.136],[86.337,27.138],[86.339,27.139],[86.341,27.141],[86.341,27.144],[86.342,27.146],[86.344,27.147],[86.344,27.146],[86.345,27.144],[86.348,27.144],[86.35,27.143],[86.351,27.143],[86.353,27.143],[86.356,27.143],[86.357,27.142],[86.359,27.141],[86.36,27.139],[86.363,27.142],[86.364,27.142],[86.367,27.141],[86.368,27.141],[86.369,27.145],[86.371,27.147],[86.373,27.147],[86.374,27.148],[86.373,27.149],[86.37,27.151],[86.373,27.153],[86.374,27.156],[86.373,27.158],[86.375,27.16],[86.377,27.161],[86.378,27.163],[86.379,27.165],[86.378,27.166],[86.38,27.168],[86.381,27.169],[86.382,27.171],[86.383,27.173],[86.385,27.173],[86.384,27.175],[86.386,27.177],[86.388,27.178],[86.39,27.179],[86.386,27.181],[86.383,27.184],[86.382,27.186],[86.382,27.189],[86.38,27.191],[86.38,27.192],[86.378,27.194],[86.375,27.194],[86.373,27.193],[86.369,27.193],[86.367,27.194],[86.364,27.197],[86.361,27.199],[86.358,27.201],[86.353,27.201],[86.349,27.201],[86.346,27.202],[86.343,27.204],[86.342,27.208],[86.34,27.21],[86.34,27.213],[86.342,27.217],[86.343,27.221],[86.342,27.223],[86.341,27.225],[86.341,27.229],[86.339,27.23],[86.334,27.231],[86.331,27.231],[86.328,27.23],[86.322,27.231],[86.319,27.232],[86.316,27.231],[86.315,27.232],[86.311,27.233],[86.308,27.234],[86.307,27.237],[86.304,27.237],[86.299,27.238],[86.296,27.238],[86.293,27.24],[86.291,27.244],[86.287,27.246],[86.282,27.246],[86.279,27.247],[86.277,27.25],[86.272,27.252],[86.267,27.254],[86.266,27.261],[86.263,27.259],[86.259,27.259],[86.256,27.257],[86.256,27.254],[86.253,27.251],[86.249,27.249],[86.244,27.248],[86.242,27.246],[86.24,27.243],[86.239,27.241],[86.234,27.239],[86.232,27.238],[86.229,27.237],[86.226,27.238],[86.224,27.239],[86.221,27.24],[86.218,27.242],[86.216,27.244],[86.213,27.245],[86.21,27.246],[86.207,27.248],[86.204,27.25],[86.205,27.252],[86.205,27.254],[86.205,27.255],[86.207,27.257],[86.21,27.26],[86.211,27.261],[86.212,27.264],[86.213,27.266],[86.214,27.268],[86.214,27.269],[86.216,27.268],[86.219,27.27],[86.219,27.273],[86.222,27.274],[86.223,27.276],[86.224,27.278],[86.227,27.278],[86.228,27.279],[86.229,27.281],[86.232,27.282],[86.234,27.286],[86.237,27.287],[86.24,27.288],[86.241,27.289],[86.238,27.291],[86.237,27.293],[86.235,27.297],[86.236,27.3],[86.238,27.303],[86.237,27.304],[86.236,27.307],[86.234,27.307],[86.234,27.308],[86.232,27.312],[86.231,27.314],[86.23,27.315],[86.229,27.317],[86.229,27.32],[86.228,27.32],[86.225,27.321],[86.221,27.321],[86.219,27.324],[86.221,27.325],[86.222,27.328],[86.219,27.328],[86.217,27.329],[86.217,27.332],[86.216,27.335],[86.218,27.338],[86.218,27.34],[86.217,27.342],[86.217,27.345],[86.218,27.348],[86.218,27.351],[86.217,27.353],[86.219,27.355],[86.221,27.358],[86.222,27.361],[86.219,27.361],[86.219,27.363],[86.222,27.367],[86.224,27.37],[86.225,27.372],[86.224,27.376],[86.223,27.379],[86.222,27.382],[86.223,27.383],[86.225,27.384],[86.225,27.386],[86.225,27.388],[86.227,27.389],[86.227,27.392],[86.227,27.395],[86.228,27.397],[86.229,27.399],[86.231,27.401],[86.233,27.403],[86.236,27.405],[86.236,27.407],[86.235,27.408],[86.237,27.409],[86.237,27.412],[86.239,27.414],[86.24,27.416],[86.241,27.417],[86.244,27.42],[86.246,27.419],[86.248,27.42],[86.248,27.424],[86.251,27.427],[86.252,27.43],[86.252,27.434],[86.256,27.436],[86.255,27.44],[86.256,27.442],[86.257,27.446],[86.261,27.451],[86.263,27.456],[86.268,27.46],[86.272,27.462],[86.275,27.462],[86.279,27.465],[86.281,27.464],[86.283,27.466],[86.289,27.468],[86.292,27.47],[86.293,27.474],[86.294,27.477],[86.295,27.479],[86.3,27.481],[86.305,27.483],[86.306,27.485],[86.31,27.488],[86.313,27.491],[86.315,27.492],[86.317,27.495],[86.319,27.499],[86.324,27.499],[86.326,27.502],[86.328,27.507],[86.33,27.509],[86.332,27.51],[86.334,27.515],[86.337,27.518],[86.341,27.521],[86.348,27.523],[86.351,27.524],[86.355,27.525],[86.357,27.528],[86.358,27.532],[86.358,27.534],[86.359,27.54],[86.364,27.545],[86.368,27.548],[86.37,27.551],[86.369,27.555],[86.371,27.56],[86.372,27.563],[86.376,27.568],[86.378,27.569],[86.383,27.572],[86.389,27.574],[86.392,27.577],[86.394,27.579],[86.398,27.583],[86.403,27.584],[86.408,27.584],[86.41,27.587],[86.414,27.587],[86.418,27.591],[86.42,27.598],[86.423,27.6],[86.428,27.603],[86.431,27.606],[86.433,27.608],[86.439,27.611],[86.446,27.612],[86.451,27.614],[86.459,27.615],[86.464,27.616],[86.469,27.617],[86.476,27.616],[86.48,27.617],[86.488,27.616],[86.493,27.614],[86.498,27.619],[86.502,27.627],[86.504,27.634],[86.507,27.64],[86.512,27.644],[86.516,27.647],[86.523,27.65],[86.527,27.653],[86.528,27.658],[86.531,27.662],[86.535,27.668],[86.539,27.675],[86.539,27.683],[86.539,27.69],[86.54,27.7],[86.543,27.704],[86.55,27.71],[86.551,27.718],[86.554,27.722],[86.556,27.727],[86.556,27.732],[86.559,27.739],[86.563,27.747],[86.565,27.75],[86.568,27.751],[86.571,27.754],[86.571,27.758],[86.568,27.761],[86.565,27.765],[86.564,27.77],[86.565,27.774],[86.566,27.778],[86.566,27.783],[86.566,27.787],[86.569,27.791],[86.569,27.795],[86.567,27.798],[86.566,27.802],[86.565,27.805],[86.561,27.806],[86.557,27.808],[86.552,27.809],[86.547,27.811],[86.542,27.811],[86.54,27.815],[86.541,27.819],[86.544,27.823],[86.544,27.828],[86.546,27.833],[86.547,27.837],[86.55,27.845],[86.552,27.852],[86.554,27.858],[86.554,27.864],[86.552,27.869],[86.551,27.876],[86.553,27.881],[86.554,27.885],[86.553,27.89],[86.552,27.897],[86.553,27.9],[86.554,27.906],[86.553,27.912],[86.55,27.919],[86.549,27.926],[86.546,27.931],[86.541,27.934],[86.537,27.938],[86.533,27.942],[86.528,27.941],[86.522,27.94],[86.519,27.947],[86.518,27.953],[86.516,27.958],[86.514,27.96],[86.513,27.965],[86.513,27.969],[86.519,27.972],[86.52,27.975],[86.516,27.977],[86.514,27.982],[86.513,27.985],[86.516,27.99],[86.516,27.993],[86.516,27.997],[86.515,28.001],[86.517,28.003],[86.52,28.005],[86.52,28.008],[86.52,28.011],[86.522,28.015],[86.521,28.018],[86.524,28.022],[86.527,28.024],[86.53,28.026],[86.531,28.03],[86.532,28.033],[86.532,28.036],[86.533,28.041],[86.533,28.045],[86.534,28.048],[86.537,28.051],[86.542,28.051],[86.548,28.051],[86.551,28.053],[86.554,28.056],[86.556,28.057],[86.557,28.061],[86.559,28.064],[86.562,28.066],[86.565,28.069],[86.563,28.073],[86.561,28.076],[86.559,28.077],[86.559,28.081],[86.561,28.084],[86.564,28.086],[86.566,28.091],[86.567,28.094],[86.564,28.098],[86.562,28.102],[86.562,28.105],[86.564,28.109],[86.568,28.112],[86.573,28.111],[86.576,28.113],[86.58,28.111]]]]}},{"type":"Feature","properties":{"PROVINCE":"Madhesh","PCODE":"NP02"},"geometry":{"type":"MultiPolygon","coordinates":[[[[84.565,27.463],[84.568,27.461],[84.573,27.459],[84.574,27.456],[84.576,27.455],[84.579,27.454],[84.583,27.455],[84.583,27.456],[84.586,27.455],[84.591,27.453],[84.595,27.455],[84.599,27.453],[84.601,27.451],[84.603,27.453],[84.608,27.453],[84.612,27.452],[84.617,27.451],[84.62,27.451],[84.622,27.452],[84.623,27.45],[84.624,27.45],[84.626,27.45],[84.628,27.451],[84.63,27.449],[84.632,27.447],[84.633,27.446],[84.635,27.444],[84.637,27.444],[84.639,27.444],[84.64,27.444],[84.642,27.444],[84.643,27.443],[84.643,27.44],[84.643,27.438],[84.644,27.437],[84.645,27.435],[84.646,27.433],[84.647,27.429],[84.65,27.43],[84.653,27.431],[84.656,27.432],[84.658,27.432],[84.661,27.433],[84.662,27.433],[84.663,27.431],[84.663,27.43],[84.665,27.43],[84.667,27.429],[84.669,27.429],[84.672,27.429],[84.676,27.429],[84.68,27.43],[84.683,27.43],[84.686,27.432],[84.689,27.432],[84.692,27.432],[84.695,27.432],[84.698,27.432],[84.701,27.432],[84.705,27.433],[84.706,27.433],[84.708,27.432],[84.709,27.432],[84.711,27.432],[84.714,27.432],[84.716,27.432],[84.719,27.432],[84.719,27.432],[84.719,27.434],[84.721,27.436],[84.721,27.438],[84.724,27.44],[84.725,27.443],[84.725,27.444],[84.728,27.444],[84.73,27.444],[84.732,27.444],[84.735,27.444],[84.734,27.442],[84.736,27.442],[84.738,27.442],[84.739,27.441],[84.742,27.442],[84.744,27.442],[84.746,27.44],[84.747,27.44],[84.748,27.438],[84.749,27.438],[84.752,27.437],[84.754,27.436],[84.756,27.436],[84.758,27.438],[84.76,27.438],[84.762,27.437],[84.764,27.438],[84.767,27.437],[84.768,27.437],[84.769,27.438],[84.771,27.439],[84.773,27.438],[84.775,27.438],[84.776,27.437],[84.778,27.437],[84.779,27.436],[84.78,27.435],[84.782,27.435],[84.784,27.435],[84.786,27.437],[84.789,27.438],[84.792,27.437],[84.794,27.437],[84.796,27.436],[84.798,27.435],[84.798,27.432],[84.799,27.431],[84.8,27.43],[84.802,27.429],[84.805,27.427],[84.807,27.426],[84.809,27.424],[84.809,27.424],[84.809,27.421],[84.81,27.417],[84.812,27.417],[84.814,27.417],[84.816,27.419],[84.817,27.419],[84.82,27.419],[84.823,27.419],[84.824,27.42],[84.828,27.418],[84.83,27.416],[84.832,27.417],[84.834,27.417],[84.835,27.417],[84.837,27.415],[84.839,27.415],[84.841,27.414],[84.841,27.413],[84.841,27.412],[84.843,27.412],[84.845,27.411],[84.846,27.409],[84.848,27.408],[84.849,27.406],[84.851,27.404],[84.851,27.403],[84.851,27.401],[84.852,27.399],[84.853,27.399],[84.855,27.399],[84.858,27.399],[84.86,27.398],[84.863,27.398],[84.864,27.397],[84.866,27.398],[84.87,27.398],[84.872,27.399],[84.873,27.398],[84.874,27.398],[84.878,27.397],[84.878,27.396],[84.878,27.394],[84.88,27.391],[84.881,27.389],[84.883,27.388],[84.886,27.389],[84.889,27.389],[84.89,27.389],[84.892,27.387],[84.894,27.387],[84.896,27.386],[84.897,27.385],[84.898,27.381],[84.898,27.378],[84.9,27.376],[84.901,27.375],[84.903,27.375],[84.905,27.377],[84.907,27.377],[84.91,27.376],[84.911,27.375],[84.914,27.373],[84.916,27.373],[84.917,27.372],[84.92,27.371],[84.921,27.371],[84.922,27.369],[84.925,27.367],[84.926,27.364],[84.928,27.364],[84.929,27.365],[84.931,27.366],[84.932,27.365],[84.934,27.365],[84.935,27.366],[84.937,27.366],[84.94,27.366],[84.941,27.365],[84.942,27.363],[84.944,27.363],[84.945,27.363],[84.945,27.361],[84.945,27.36],[84.946,27.361],[84.947,27.362],[84.949,27.362],[84.95,27.365],[84.951,27.367],[84.954,27.367],[84.956,27.365],[84.956,27.363],[84.954,27.361],[84.956,27.361],[84.957,27.359],[84.958,27.359],[84.959,27.361],[84.963,27.363],[84.965,27.363],[84.965,27.361],[84.966,27.359],[84.967,27.357],[84.97,27.356],[84.971,27.355],[84.974,27.356],[84.977,27.356],[84.977,27.357],[84.979,27.36],[84.98,27.361],[84.985,27.362],[84.987,27.362],[84.99,27.363],[84.991,27.364],[84.994,27.364],[84.995,27.366],[84.998,27.365],[84.999,27.365],[85.0,27.361],[85.001,27.359],[85.001,27.356],[85.003,27.354],[85.006,27.353],[85.008,27.355],[85.013,27.355],[85.014,27.355],[85.016,27.354],[85.019,27.353],[85.022,27.352],[85.021,27.357],[85.024,27.358],[85.031,27.36],[85.033,27.359],[85.036,27.357],[85.039,27.359],[85.041,27.359],[85.044,27.361],[85.046,27.362],[85.049,27.362],[85.051,27.363],[85.053,27.365],[85.056,27.366],[85.058,27.364],[85.06,27.362],[85.061,27.361],[85.062,27.361],[85.065,27.363],[85.067,27.361],[85.067,27.361],[85.069,27.362],[85.07,27.364],[85.071,27.364],[85.074,27.364],[85.077,27.364],[85.081,27.363],[85.084,27.362],[85.087,27.36],[85.088,27.358],[85.091,27.357],[85.091,27.354],[85.092,27.352],[85.093,27.349],[85.093,27.345],[85.092,27.342],[85.092,27.339],[85.094,27.335],[85.095,27.332],[85.098,27.329],[85.099,27.327],[85.103,27.324],[85.106,27.319],[85.109,27.319],[85.113,27.319],[85.117,27.318],[85.119,27.315],[85.119,27.309],[85.12,27.307],[85.121,27.304],[85.123,27.302],[85.126,27.301],[85.127,27.297],[85.126,27.293],[85.13,27.292],[85.135,27.291],[85.138,27.288],[85.142,27.285],[85.145,27.282],[85.145,27.276],[85.147,27.271],[85.151,27.268],[85.152,27.266],[85.156,27.262],[85.161,27.262],[85.165,27.26],[85.169,27.259],[85.17,27.255],[85.175,27.254],[85.181,27.255],[85.178,27.25],[85.177,27.25],[85.182,27.247],[85.189,27.246],[85.192,27.245],[85.196,27.245],[85.198,27.247],[85.199,27.249],[85.201,27.25],[85.204,27.249],[85.206,27.249],[85.207,27.247],[85.208,27.246],[85.211,27.246],[85.214,27.247],[85.217,27.245],[85.219,27.244],[85.223,27.245],[85.225,27.245],[85.227,27.245],[85.23,27.244],[85.233,27.245],[85.237,27.248],[85.242,27.249],[85.245,27.247],[85.25,27.246],[85.252,27.243],[85.253,27.239],[85.256,27.236],[85.258,27.233],[85.259,27.228],[85.26,27.227],[85.264,27.227],[85.267,27.226],[85.27,27.228],[85.274,27.23],[85.28,27.229],[85.28,27.231],[85.288,27.231],[85.293,27.233],[85.301,27.23],[85.307,27.232],[85.311,27.231],[85.316,27.228],[85.321,27.227],[85.325,27.225],[85.331,27.223],[85.335,27.222],[85.342,27.221],[85.347,27.222],[85.35,27.221],[85.353,27.217],[85.357,27.213],[85.36,27.211],[85.363,27.213],[85.367,27.212],[85.371,27.212],[85.373,27.21],[85.377,27.212],[85.381,27.209],[85.385,27.207],[85.388,27.209],[85.391,27.209],[85.393,27.21],[85.395,27.209],[85.397,27.205],[85.396,27.2],[85.399,27.197],[85.403,27.197],[85.408,27.197],[85.411,27.196],[85.414,27.193],[85.419,27.19],[85.425,27.193],[85.431,27.191],[85.434,27.189],[85.437,27.187],[85.441,27.187],[85.446,27.187],[85.449,27.186],[85.449,27.181],[85.452,27.179],[85.453,27.176],[85.452,27.174],[85.453,27.169],[85.456,27.168],[85.461,27.167],[85.466,27.166],[85.469,27.163],[85.474,27.162],[85.478,27.163],[85.481,27.163],[85.486,27.164],[85.491,27.167],[85.494,27.17],[85.495,27.174],[85.501,27.176],[85.503,27.174],[85.501,27.17],[85.5,27.168],[85.504,27.165],[85.501,27.163],[85.495,27.163],[85.491,27.157],[85.491,27.154],[85.493,27.151],[85.496,27.147],[85.5,27.144],[85.503,27.144],[85.509,27.143],[85.514,27.142],[85.519,27.142],[85.523,27.141],[85.531,27.141],[85.533,27.144],[85.535,27.148],[85.54,27.147],[85.542,27.146],[85.545,27.145],[85.547,27.141],[85.552,27.141],[85.549,27.143],[85.55,27.146],[85.554,27.147],[85.556,27.146],[85.559,27.144],[85.564,27.144],[85.567,27.144],[85.569,27.143],[85.569,27.141],[85.571,27.137],[85.575,27.139],[85.579,27.144],[85.584,27.143],[85.586,27.144],[85.59,27.142],[85.592,27.141],[85.597,27.143],[85.6,27.144],[85.603,27.141],[85.607,27.14],[85.61,27.141],[85.613,27.142],[85.617,27.141],[85.62,27.139],[85.623,27.141],[85.63,27.137],[85.632,27.14],[85.636,27.142],[85.641,27.142],[85.644,27.143],[85.648,27.146],[85.651,27.151],[85.653,27.153],[85.655,27.152],[85.656,27.154],[85.658,27.156],[85.661,27.156],[85.665,27.16],[85.666,27.162],[85.668,27.163],[85.673,27.167],[85.679,27.168],[85.685,27.173],[85.686,27.176],[85.692,27.179],[85.694,27.183],[85.699,27.186],[85.705,27.185],[85.708,27.186],[85.715,27.188],[85.72,27.19],[85.723,27.195],[85.728,27.193],[85.735,27.19],[85.74,27.19],[85.745,27.188],[85.748,27.188],[85.75,27.186],[85.754,27.186],[85.758,27.185],[85.76,27.184],[85.762,27.183],[85.767,27.182],[85.77,27.182],[85.771,27.18],[85.773,27.179],[85.774,27.178],[85.776,27.178],[85.78,27.176],[85.782,27.175],[85.784,27.175],[85.789,27.173],[85.791,27.17],[85.793,27.169],[85.796,27.168],[85.799,27.167],[85.804,27.164],[85.807,27.163],[85.809,27.162],[85.812,27.162],[85.815,27.161],[85.817,27.163],[85.82,27.164],[85.821,27.166],[85.825,27.168],[85.828,27.168],[85.83,27.167],[85.833,27.166],[85.834,27.165],[85.837,27.163],[85.841,27.162],[85.843,27.16],[85.842,27.159],[85.841,27.155],[85.839,27.152],[85.836,27.15],[85.835,27.15],[85.835,27.149],[85.836,27.147],[85.837,27.146],[85.839,27.145],[85.843,27.143],[85.846,27.141],[85.85,27.14],[85.852,27.139],[85.854,27.138],[85.854,27.136],[85.855,27.135],[85.855,27.134],[85.858,27.133],[85.86,27.13],[85.863,27.127],[85.864,27.128],[85.867,27.131],[85.869,27.134],[85.871,27.136],[85.874,27.138],[85.876,27.14],[85.879,27.142],[85.881,27.144],[85.883,27.146],[85.885,27.146],[85.887,27.145],[85.89,27.143],[85.891,27.141],[85.894,27.14],[85.897,27.138],[85.9,27.137],[85.902,27.135],[85.906,27.134],[85.91,27.133],[85.913,27.132],[85.914,27.13],[85.916,27.129],[85.92,27.129],[85.922,27.127],[85.925,27.127],[85.928,27.126],[85.932,27.124],[85.937,27.122],[85.938,27.119],[85.937,27.116],[85.936,27.111],[85.937,27.108],[85.939,27.102],[85.941,27.098],[85.943,27.095],[85.944,27.092],[85.946,27.091],[85.947,27.089],[85.948,27.088],[85.951,27.088],[85.95,27.085],[85.95,27.084],[85.953,27.084],[85.955,27.084],[85.957,27.083],[85.959,27.082],[85.962,27.08],[85.962,27.077],[85.963,27.073],[85.965,27.074],[85.966,27.072],[85.967,27.07],[85.966,27.069],[85.966,27.067],[85.968,27.065],[85.969,27.063],[85.969,27.06],[85.971,27.057],[85.97,27.053],[85.972,27.05],[85.975,27.046],[85.977,27.042],[85.979,27.04],[85.981,27.038],[85.983,27.036],[85.983,27.035],[85.986,27.033],[85.986,27.031],[85.989,27.027],[85.991,27.025],[85.994,27.025],[85.996,27.023],[85.999,27.023],[86.001,27.021],[86.005,27.022],[86.008,27.021],[86.01,27.02],[86.011,27.02],[86.012,27.019],[86.013,27.019],[86.015,27.02],[86.018,27.02],[86.022,27.019],[86.024,27.02],[86.026,27.021],[86.029,27.02],[86.032,27.021],[86.036,27.02],[86.039,27.02],[86.043,27.02],[86.047,27.021],[86.049,27.021],[86.049,27.019],[86.051,27.019],[86.058,27.018],[86.063,27.019],[86.067,27.019],[86.07,27.019],[86.075,27.019],[86.077,27.019],[86.079,27.019],[86.081,27.018],[86.084,27.019],[86.087,27.019],[86.091,27.019],[86.095,27.018],[86.1,27.017],[86.101,27.016],[86.105,27.015],[86.108,27.014],[86.112,27.012],[86.114,27.012],[86.117,27.01],[86.12,27.009],[86.123,27.008],[86.125,27.008],[86.128,27.006],[86.133,27.003],[86.138,27.001],[86.14,26.999],[86.145,26.998],[86.15,26.996],[86.158,26.993],[86.164,26.992],[86.167,26.989],[86.172,26.988],[86.176,26.987],[86.18,26.985],[86.185,26.983],[86.188,26.982],[86.187,26.978],[86.191,26.979],[86.192,26.976],[86.194,26.975],[86.198,26.971],[86.202,26.97],[86.205,26.968],[86.208,26.967],[86.212,26.964],[86.215,26.961],[86.218,26.959],[86.219,26.957],[86.219,26.954],[86.221,26.955],[86.224,26.953],[86.225,26.952],[86.226,26.95],[86.229,26.949],[86.235,26.95],[86.235,26.947],[86.239,26.943],[86.241,26.94],[86.244,26.939],[86.248,26.937],[86.25,26.936],[86.253,26.934],[86.255,26.932],[86.257,26.93],[86.258,26.928],[86.257,26.926],[86.257,26.923],[86.258,26.921],[86.26,26.917],[86.259,26.913],[86.256,26.912],[86.253,26.911],[86.25,26.913],[86.248,26.915],[86.245,26.914],[86.242,26.906],[86.239,26.905],[86.236,26.903],[86.229,26.904],[86.225,26.904],[86.224,26.903],[86.223,26.898],[86.223,26.894],[86.223,26.889],[86.221,26.889],[86.217,26.892],[86.215,26.897],[86.208,26.899],[86.204,26.9],[86.201,26.905],[86.197,26.905],[86.191,26.905],[86.184,26.909],[86.181,26.911],[86.177,26.915],[86.171,26.92],[86.163,26.925],[86.159,26.926],[86.157,26.93],[86.156,26.926],[86.158,26.922],[86.156,26.919],[86.159,26.916],[86.162,26.914],[86.164,26.914],[86.169,26.914],[86.169,26.91],[86.174,26.908],[86.176,26.904],[86.178,26.9],[86.182,26.9],[86.186,26.9],[86.187,26.897],[86.187,26.895],[86.191,26.895],[86.194,26.894],[86.197,26.893],[86.2,26.889],[86.201,26.89],[86.205,26.888],[86.209,26.887],[86.213,26.884],[86.217,26.883],[86.221,26.882],[86.226,26.881],[86.229,26.879],[86.231,26.876],[86.233,26.875],[86.234,26.874],[86.239,26.869],[86.242,26.865],[86.247,26.864],[86.249,26.865],[86.25,26.868],[86.254,26.869],[86.256,26.87],[86.257,26.872],[86.259,26.873],[86.263,26.875],[86.266,26.877],[86.268,26.878],[86.271,26.882],[86.272,26.883],[86.276,26.884],[86.28,26.885],[86.283,26.885],[86.286,26.886],[86.289,26.887],[86.291,26.886],[86.293,26.886],[86.296,26.885],[86.299,26.885],[86.302,26.884],[86.305,26.882],[86.308,26.882],[86.31,26.883],[86.313,26.88],[86.315,26.879],[86.317,26.881],[86.32,26.879],[86.323,26.879],[86.326,26.879],[86.329,26.879],[86.333,26.88],[86.337,26.88],[86.342,26.88],[86.346,26.877],[86.35,26.878],[86.356,26.876],[86.358,26.875],[86.361,26.875],[86.364,26.874],[86.366,26.873],[86.369,26.875],[86.369,26.877],[86.369,26.88],[86.372,26.882],[86.373,26.883],[86.374,26.884],[86.374,26.889],[86.376,26.891],[86.377,26.893],[86.377,26.894],[86.379,26.899],[86.381,26.9],[86.383,26.903],[86.383,26.906],[86.383,26.907],[86.384,26.909],[86.386,26.909],[86.388,26.908],[86.391,26.908],[86.392,26.908],[86.395,26.909],[86.397,26.909],[86.4,26.909],[86.402,26.908],[86.403,26.91],[86.405,26.908],[86.407,26.907],[86.411,26.907],[86.414,26.907],[86.416,26.906],[86.417,26.906],[86.419,26.905],[86.421,26.904],[86.424,26.903],[86.426,26.903],[86.429,26.902],[86.431,26.9],[86.432,26.9],[86.433,26.898],[86.435,26.898],[86.438,26.896],[86.44,26.895],[86.441,26.894],[86.443,26.893],[86.445,26.892],[86.448,26.891],[86.45,26.89],[86.451,26.89],[86.453,26.888],[86.456,26.888],[86.459,26.888],[86.461,26.887],[86.463,26.887],[86.466,26.887],[86.471,26.888],[86.474,26.887],[86.477,26.887],[86.48,26.889],[86.48,26.886],[86.477,26.883],[86.479,26.88],[86.479,26.877],[86.481,26.875],[86.481,26.874],[86.48,26.873],[86.48,26.871],[86.481,26.871],[86.483,26.87],[86.484,26.87],[86.485,26.869],[86.488,26.869],[86.488,26.868],[86.489,26.866],[86.491,26.866],[86.491,26.865],[86.493,26.864],[86.494,26.862],[86.493,26.861],[86.494,26.861],[86.493,26.86],[86.496,26.857],[86.497,26.857],[86.5,26.858],[86.505,26.856],[86.506,26.853],[86.506,26.85],[86.507,26.847],[86.51,26.847],[86.512,26.845],[86.512,26.842],[86.514,26.841],[86.515,26.843],[86.518,26.843],[86.519,26.84],[86.52,26.836],[86.52,26.833],[86.521,26.832],[86.527,26.832],[86.531,26.832],[86.536,26.832],[86.537,26.832],[86.538,26.833],[86.54,26.835],[86.545,26.836],[86.549,26.836],[86.552,26.835],[86.552,26.833],[86.553,26.832],[86.555,26.831],[86.554,26.827],[86.552,26.825],[86.552,26.822],[86.552,26.82],[86.554,26.815],[86.551,26.814],[86.55,26.812],[86.547,26.808],[86.546,26.804],[86.544,26.802],[86.542,26.8],[86.541,26.798],[86.539,26.799],[86.537,26.801],[86.534,26.798],[86.536,26.797],[86.534,26.794],[86.53,26.792],[86.531,26.789],[86.535,26.787],[86.538,26.787],[86.537,26.784],[86.539,26.784],[86.541,26.784],[86.544,26.784],[86.546,26.782],[86.549,26.782],[86.549,26.785],[86.55,26.785],[86.552,26.786],[86.556,26.788],[86.558,26.79],[86.56,26.79],[86.563,26.79],[86.564,26.791],[86.565,26.788],[86.565,26.786],[86.565,26.784],[86.566,26.783],[86.566,26.781],[86.569,26.782],[86.572,26.785],[86.577,26.784],[86.577,26.782],[86.577,26.779],[86.577,26.775],[86.575,26.773],[86.573,26.769],[86.571,26.768],[86.568,26.767],[86.567,26.764],[86.564,26.761],[86.561,26.758],[86.558,26.753],[86.557,26.751],[86.555,26.749],[86.553,26.747],[86.554,26.745],[86.558,26.745],[86.56,26.745],[86.566,26.743],[86.569,26.742],[86.572,26.74],[86.574,26.739],[86.572,26.735],[86.573,26.731],[86.573,26.728],[86.572,26.724],[86.574,26.72],[86.577,26.719],[86.58,26.716],[86.58,26.714],[86.581,26.713],[86.583,26.712],[86.582,26.71],[86.581,26.708],[86.582,26.706],[86.583,26.704],[86.584,26.702],[86.586,26.7],[86.587,26.697],[86.587,26.696],[86.589,26.697],[86.591,26.697],[86.593,26.697],[86.595,26.697],[86.597,26.697],[86.6,26.699],[86.602,26.7],[86.603,26.698],[86.603,26.696],[86.605,26.694],[86.606,26.692],[86.608,26.691],[86.61,26.69],[86.611,26.689],[86.612,26.692],[86.614,26.694],[86.617,26.695],[86.62,26.694],[86.622,26.693],[86.624,26.692],[86.626,26.69],[86.628,26.692],[86.628,26.694],[86.631,26.695],[86.633,26.697],[86.634,26.698],[86.636,26.698],[86.638,26.698],[86.641,26.698],[86.643,26.697],[86.645,26.695],[86.647,26.692],[86.648,26.69],[86.651,26.691],[86.652,26.692],[86.656,26.692],[86.657,26.692],[86.658,26.694],[86.66,26.697],[86.662,26.7],[86.664,26.702],[86.665,26.704],[86.667,26.704],[86.669,26.702],[86.669,26.7],[86.671,26.698],[86.67,26.696],[86.67,26.694],[86.671,26.693],[86.673,26.692],[86.675,26.691],[86.678,26.69],[86.68,26.689],[86.684,26.688],[86.686,26.688],[86.69,26.689],[86.693,26.692],[86.695,26.694],[86.697,26.696],[86.699,26.698],[86.703,26.699],[86.704,26.703],[86.706,26.705],[86.706,26.706],[86.706,26.707],[86.708,26.707],[86.71,26.707],[86.713,26.708],[86.715,26.708],[86.717,26.707],[86.719,26.708],[86.721,26.708],[86.722,26.709],[86.723,26.709],[86.726,26.71],[86.728,26.71],[86.73,26.711],[86.732,26.71],[86.733,26.712],[86.735,26.712],[86.737,26.712],[86.738,26.712],[86.74,26.71],[86.74,26.708],[86.74,26.705],[86.742,26.705],[86.743,26.703],[86.742,26.702],[86.744,26.7],[86.745,26.7],[86.746,26.699],[86.747,26.697],[86.748,26.698],[86.75,26.697],[86.752,26.696],[86.753,26.694],[86.753,26.691],[86.753,26.689],[86.752,26.687],[86.754,26.687],[86.757,26.689],[86.76,26.695],[86.762,26.695],[86.764,26.695],[86.766,26.697],[86.769,26.699],[86.772,26.699],[86.776,26.702],[86.777,26.703],[86.779,26.702],[86.781,26.702],[86.784,26.705],[86.787,26.706],[86.789,26.708],[86.792,26.708],[86.795,26.71],[86.798,26.71],[86.799,26.711],[86.8,26.713],[86.802,26.713],[86.804,26.713],[86.807,26.713],[86.807,26.711],[86.809,26.709],[86.811,26.708],[86.814,26.708],[86.815,26.709],[86.818,26.709],[86.82,26.711],[86.823,26.714],[86.826,26.714],[86.828,26.713],[86.832,26.712],[86.835,26.711],[86.838,26.709],[86.839,26.707],[86.84,26.704],[86.84,26.7],[86.842,26.696],[86.841,26.693],[86.842,26.691],[86.844,26.693],[86.846,26.694],[86.848,26.692],[86.848,26.692],[86.851,26.693],[86.851,26.696],[86.854,26.696],[86.858,26.698],[86.859,26.701],[86.863,26.702],[86.865,26.701],[86.865,26.707],[86.867,26.711],[86.872,26.713],[86.873,26.713],[86.876,26.712],[86.879,26.713],[86.882,26.711],[86.885,26.712],[86.887,26.716],[86.889,26.719],[86.891,26.722],[86.893,26.723],[86.894,26.725],[86.897,26.726],[86.898,26.728],[86.9,26.729],[86.901,26.73],[86.901,26.732],[86.904,26.732],[86.905,26.734],[86.903,26.736],[86.905,26.736],[86.907,26.736],[86.907,26.739],[86.909,26.739],[86.911,26.741],[86.909,26.745],[86.909,26.748],[86.909,26.751],[86.909,26.753],[86.909,26.756],[86.909,26.759],[86.911,26.76],[86.913,26.76],[86.916,26.762],[86.918,26.764],[86.921,26.766],[86.923,26.766],[86.925,26.764],[86.926,26.762],[86.928,26.758],[86.927,26.755],[86.925,26.752],[86.925,26.75],[86.929,26.745],[86.933,26.741],[86.939,26.736],[86.944,26.733],[86.949,26.732],[86.956,26.734],[86.967,26.736],[86.969,26.733],[86.971,26.726],[86.974,26.72],[86.978,26.718],[86.982,26.716],[86.984,26.71],[86.984,26.707],[86.986,26.702],[86.991,26.698],[86.991,26.703],[86.994,26.704],[86.996,26.704],[87.0,26.707],[87.001,26.709],[87.001,26.71],[87.002,26.71],[87.004,26.709],[87.007,26.709],[87.009,26.71],[87.01,26.709],[87.01,26.706],[87.011,26.704],[87.013,26.7],[87.014,26.695],[87.014,26.692],[87.014,26.689],[87.011,26.684],[87.012,26.681],[87.012,26.677],[87.013,26.675],[87.014,26.672],[87.013,26.67],[87.008,26.668],[87.006,26.666],[87.005,26.663],[87.004,26.661],[87.002,26.659],[87.002,26.656],[86.998,26.655],[86.994,26.653],[86.991,26.65],[86.991,26.645],[86.989,26.641],[86.989,26.636],[86.985,26.633],[86.986,26.629],[86.979,26.626],[86.979,26.624],[86.984,26.618],[86.988,26.609],[86.989,26.605],[86.986,26.599],[86.983,26.59],[86.983,26.584],[86.99,26.578],[86.992,26.572],[86.989,26.57],[86.987,26.568],[86.979,26.562],[86.974,26.558],[86.973,26.556],[86.969,26.552],[86.967,26.547],[86.963,26.544],[86.956,26.542],[86.953,26.538],[86.949,26.537],[86.943,26.536],[86.936,26.534],[86.93,26.53],[86.924,26.524],[86.922,26.52],[86.917,26.512],[86.916,26.509],[86.918,26.505],[86.916,26.503],[86.915,26.501],[86.913,26.5],[86.911,26.499],[86.911,26.498],[86.91,26.497],[86.909,26.495],[86.907,26.494],[86.907,26.492],[86.906,26.49],[86.904,26.489],[86.902,26.488],[86.898,26.488],[86.893,26.488],[86.894,26.487],[86.892,26.486],[86.891,26.485],[86.891,26.484],[86.89,26.482],[86.891,26.481],[86.893,26.478],[86.892,26.477],[86.892,26.476],[86.893,26.476],[86.892,26.475],[86.893,26.474],[86.892,26.473],[86.894,26.472],[86.893,26.471],[86.892,26.469],[86.894,26.469],[86.894,26.468],[86.895,26.467],[86.894,26.465],[86.894,26.463],[86.893,26.462],[86.891,26.461],[86.89,26.462],[86.888,26.461],[86.886,26.461],[86.884,26.461],[86.884,26.46],[86.882,26.46],[86.881,26.458],[86.879,26.457],[86.878,26.458],[86.877,26.457],[86.875,26.457],[86.876,26.455],[86.874,26.455],[86.871,26.454],[86.869,26.454],[86.867,26.456],[86.865,26.456],[86.865,26.458],[86.861,26.458],[86.862,26.456],[86.86,26.455],[86.858,26.452],[86.856,26.449],[86.85,26.449],[86.847,26.449],[86.846,26.447],[86.847,26.443],[86.845,26.443],[86.843,26.441],[86.841,26.441],[86.839,26.441],[86.84,26.442],[86.837,26.44],[86.836,26.44],[86.835,26.441],[86.831,26.44],[86.801,26.448],[86.783,26.454],[86.774,26.457],[86.77,26.459],[86.766,26.459],[86.763,26.456],[86.764,26.454],[86.764,26.453],[86.764,26.452],[86.763,26.451],[86.762,26.452],[86.76,26.45],[86.76,26.448],[86.757,26.448],[86.755,26.447],[86.753,26.446],[86.753,26.443],[86.752,26.442],[86.75,26.441],[86.748,26.438],[86.747,26.436],[86.744,26.435],[86.745,26.434],[86.747,26.434],[86.747,26.432],[86.747,26.429],[86.746,26.428],[86.743,26.427],[86.74,26.425],[86.738,26.426],[86.737,26.424],[86.736,26.423],[86.733,26.424],[86.731,26.423],[86.73,26.423],[86.73,26.424],[86.73,26.426],[86.729,26.426],[86.728,26.425],[86.726,26.426],[86.724,26.429],[86.722,26.431],[86.721,26.434],[86.718,26.435],[86.716,26.435],[86.712,26.436],[86.708,26.436],[86.704,26.437],[86.702,26.437],[86.7,26.437],[86.7,26.439],[86.699,26.441],[86.699,26.443],[86.696,26.444],[86.696,26.445],[86.696,26.448],[86.695,26.449],[86.694,26.45],[86.692,26.451],[86.69,26.451],[86.686,26.452],[86.679,26.454],[86.672,26.455],[86.666,26.457],[86.661,26.458],[86.656,26.459],[86.651,26.46],[86.646,26.462],[86.642,26.463],[86.638,26.464],[86.638,26.466],[86.636,26.466],[86.634,26.465],[86.633,26.465],[86.632,26.468],[86.63,26.469],[86.63,26.467],[86.628,26.467],[86.628,26.468],[86.63,26.469],[86.63,26.47],[86.628,26.469],[86.626,26.469],[86.626,26.472],[86.627,26.474],[86.628,26.476],[86.629,26.478],[86.629,26.478],[86.628,26.479],[86.628,26.478],[86.627,26.478],[86.626,26.479],[86.626,26.481],[86.624,26.481],[86.623,26.482],[86.622,26.482],[86.622,26.483],[86.62,26.484],[86.618,26.484],[86.616,26.485],[86.614,26.487],[86.612,26.487],[86.611,26.486],[86.608,26.487],[86.601,26.489],[86.597,26.491],[86.592,26.492],[86.588,26.494],[86.584,26.494],[86.58,26.494],[86.574,26.496],[86.57,26.497],[86.57,26.498],[86.569,26.498],[86.568,26.5],[86.566,26.501],[86.564,26.501],[86.564,26.503],[86.564,26.505],[86.563,26.506],[86.562,26.508],[86.561,26.51],[86.56,26.511],[86.558,26.513],[86.554,26.517],[86.554,26.519],[86.555,26.518],[86.555,26.521],[86.555,26.522],[86.555,26.524],[86.553,26.524],[86.551,26.524],[86.551,26.526],[86.551,26.529],[86.551,26.53],[86.548,26.531],[86.547,26.533],[86.545,26.535],[86.543,26.538],[86.541,26.539],[86.539,26.539],[86.534,26.541],[86.531,26.541],[86.528,26.543],[86.524,26.543],[86.521,26.543],[86.518,26.541],[86.515,26.539],[86.512,26.54],[86.503,26.541],[86.499,26.542],[86.497,26.542],[86.494,26.545],[86.489,26.548],[86.486,26.55],[86.476,26.555],[86.469,26.56],[86.457,26.568],[86.452,26.569],[86.448,26.57],[86.444,26.57],[86.44,26.571],[86.433,26.573],[86.427,26.574],[86.417,26.578],[86.415,26.578],[86.412,26.579],[86.406,26.581],[86.4,26.583],[86.395,26.586],[86.396,26.588],[86.397,26.589],[86.397,26.593],[86.396,26.594],[86.392,26.595],[86.385,26.596],[86.381,26.598],[86.373,26.6],[86.369,26.601],[86.365,26.602],[86.362,26.603],[86.358,26.604],[86.354,26.605],[86.351,26.605],[86.347,26.605],[86.344,26.606],[86.341,26.606],[86.339,26.608],[86.339,26.609],[86.34,26.611],[86.341,26.612],[86.342,26.612],[86.343,26.614],[86.344,26.616],[86.344,26.616],[86.344,26.617],[86.339,26.618],[86.335,26.619],[86.331,26.619],[86.329,26.62],[86.327,26.62],[86.323,26.62],[86.315,26.62],[86.307,26.62],[86.296,26.615],[86.289,26.614],[86.277,26.617],[86.273,26.617],[86.261,26.616],[86.252,26.616],[86.253,26.616],[86.252,26.617],[86.251,26.616],[86.25,26.614],[86.249,26.613],[86.248,26.613],[86.249,26.61],[86.248,26.609],[86.247,26.609],[86.246,26.608],[86.245,26.608],[86.245,26.609],[86.244,26.609],[86.244,26.607],[86.243,26.606],[86.243,26.605],[86.243,26.604],[86.242,26.603],[86.24,26.603],[86.239,26.601],[86.237,26.602],[86.237,26.6],[86.235,26.599],[86.235,26.598],[86.235,26.597],[86.234,26.594],[86.235,26.591],[86.234,26.591],[86.232,26.593],[86.23,26.591],[86.229,26.592],[86.227,26.591],[86.225,26.591],[86.223,26.591],[86.222,26.59],[86.22,26.59],[86.217,26.589],[86.215,26.591],[86.213,26.591],[86.212,26.593],[86.209,26.592],[86.207,26.593],[86.207,26.595],[86.206,26.596],[86.205,26.597],[86.203,26.595],[86.202,26.596],[86.2,26.597],[86.199,26.595],[86.198,26.594],[86.196,26.594],[86.195,26.596],[86.197,26.598],[86.195,26.598],[86.196,26.599],[86.197,26.602],[86.195,26.605],[86.195,26.607],[86.194,26.609],[86.192,26.61],[86.19,26.612],[86.192,26.612],[86.194,26.612],[86.193,26.614],[86.191,26.615],[86.187,26.615],[86.185,26.614],[86.183,26.614],[86.18,26.614],[86.179,26.615],[86.176,26.615],[86.174,26.614],[86.172,26.617],[86.171,26.617],[86.168,26.614],[86.164,26.614],[86.162,26.615],[86.16,26.614],[86.157,26.612],[86.155,26.61],[86.151,26.61],[86.149,26.609],[86.146,26.609],[86.144,26.608],[86.144,26.606],[86.142,26.605],[86.137,26.606],[86.137,26.609],[86.139,26.615],[86.141,26.617],[86.14,26.621],[86.139,26.627],[86.137,26.629],[86.132,26.629],[86.125,26.63],[86.119,26.63],[86.113,26.632],[86.11,26.634],[86.105,26.635],[86.098,26.638],[86.092,26.641],[86.088,26.643],[86.081,26.646],[86.077,26.648],[86.073,26.651],[86.072,26.654],[86.069,26.657],[86.065,26.658],[86.057,26.66],[86.052,26.661],[86.048,26.662],[86.039,26.664],[86.035,26.665],[86.03,26.666],[86.027,26.667],[86.025,26.665],[86.023,26.664],[86.02,26.662],[86.018,26.661],[86.015,26.661],[86.012,26.66],[86.013,26.659],[86.012,26.657],[86.011,26.655],[86.009,26.655],[86.005,26.656],[86.003,26.656],[86.0,26.655],[85.998,26.655],[85.995,26.656],[85.993,26.656],[85.991,26.656],[85.989,26.657],[85.988,26.657],[85.985,26.657],[85.983,26.657],[85.982,26.657],[85.981,26.658],[85.979,26.658],[85.977,26.658],[85.976,26.658],[85.975,26.658],[85.974,26.656],[85.974,26.655],[85.972,26.655],[85.97,26.655],[85.97,26.654],[85.969,26.653],[85.968,26.653],[85.967,26.652],[85.966,26.652],[85.965,26.653],[85.964,26.652],[85.963,26.651],[85.962,26.651],[85.96,26.651],[85.96,26.65],[85.959,26.649],[85.958,26.649],[85.956,26.649],[85.956,26.648],[85.955,26.647],[85.955,26.646],[85.955,26.645],[85.954,26.645],[85.953,26.644],[85.954,26.643],[85.954,26.642],[85.954,26.641],[85.954,26.64],[85.954,26.639],[85.953,26.638],[85.953,26.637],[85.953,26.636],[85.953,26.635],[85.954,26.634],[85.955,26.633],[85.955,26.632],[85.956,26.631],[85.955,26.63],[85.954,26.629],[85.954,26.628],[85.953,26.627],[85.952,26.625],[85.95,26.625],[85.949,26.623],[85.946,26.621],[85.947,26.617],[85.947,26.615],[85.948,26.614],[85.946,26.613],[85.943,26.614],[85.939,26.616],[85.936,26.616],[85.932,26.615],[85.929,26.617],[85.929,26.614],[85.926,26.612],[85.925,26.61],[85.921,26.61],[85.916,26.609],[85.913,26.607],[85.912,26.604],[85.907,26.604],[85.905,26.602],[85.902,26.6],[85.9,26.6],[85.901,26.595],[85.897,26.595],[85.894,26.595],[85.891,26.594],[85.89,26.591],[85.889,26.588],[85.888,26.585],[85.886,26.583],[85.885,26.583],[85.883,26.584],[85.881,26.584],[85.879,26.583],[85.879,26.582],[85.876,26.581],[85.874,26.58],[85.872,26.579],[85.871,26.58],[85.87,26.579],[85.869,26.578],[85.869,26.577],[85.869,26.576],[85.867,26.574],[85.865,26.574],[85.864,26.572],[85.862,26.571],[85.861,26.571],[85.859,26.569],[85.858,26.569],[85.858,26.57],[85.858,26.571],[85.857,26.572],[85.856,26.572],[85.855,26.571],[85.854,26.571],[85.853,26.57],[85.852,26.569],[85.85,26.569],[85.849,26.569],[85.849,26.571],[85.849,26.573],[85.849,26.574],[85.848,26.576],[85.849,26.578],[85.85,26.58],[85.852,26.582],[85.853,26.584],[85.854,26.585],[85.856,26.587],[85.857,26.589],[85.858,26.59],[85.857,26.591],[85.857,26.593],[85.856,26.594],[85.856,26.596],[85.855,26.597],[85.855,26.599],[85.854,26.601],[85.853,26.602],[85.853,26.604],[85.852,26.606],[85.851,26.608],[85.851,26.609],[85.849,26.609],[85.847,26.609],[85.846,26.609],[85.845,26.61],[85.843,26.61],[85.841,26.61],[85.839,26.61],[85.837,26.611],[85.835,26.611],[85.833,26.611],[85.831,26.611],[85.831,26.609],[85.831,26.607],[85.831,26.604],[85.831,26.602],[85.827,26.602],[85.824,26.602],[85.821,26.602],[85.818,26.603],[85.816,26.604],[85.815,26.605],[85.813,26.607],[85.811,26.609],[85.808,26.611],[85.806,26.613],[85.804,26.614],[85.803,26.616],[85.803,26.618],[85.802,26.621],[85.801,26.624],[85.799,26.625],[85.796,26.625],[85.794,26.626],[85.793,26.626],[85.791,26.626],[85.789,26.626],[85.786,26.627],[85.781,26.628],[85.779,26.629],[85.775,26.629],[85.771,26.63],[85.769,26.63],[85.765,26.632],[85.761,26.635],[85.757,26.637],[85.753,26.638],[85.751,26.638],[85.748,26.639],[85.748,26.64],[85.747,26.64],[85.747,26.641],[85.746,26.641],[85.744,26.642],[85.738,26.648],[85.737,26.651],[85.735,26.651],[85.734,26.651],[85.735,26.652],[85.734,26.653],[85.733,26.654],[85.732,26.654],[85.732,26.655],[85.732,26.656],[85.734,26.656],[85.734,26.657],[85.735,26.657],[85.735,26.658],[85.735,26.66],[85.736,26.661],[85.736,26.663],[85.736,26.664],[85.735,26.664],[85.733,26.665],[85.732,26.666],[85.731,26.666],[85.73,26.666],[85.73,26.667],[85.731,26.667],[85.73,26.668],[85.729,26.667],[85.729,26.668],[85.727,26.669],[85.726,26.67],[85.726,26.671],[85.726,26.673],[85.726,26.674],[85.725,26.674],[85.724,26.674],[85.724,26.674],[85.725,26.676],[85.725,26.678],[85.725,26.679],[85.724,26.681],[85.725,26.682],[85.724,26.683],[85.725,26.684],[85.725,26.685],[85.724,26.686],[85.723,26.687],[85.724,26.69],[85.725,26.692],[85.725,26.693],[85.725,26.695],[85.725,26.696],[85.725,26.697],[85.724,26.7],[85.724,26.7],[85.725,26.701],[85.724,26.703],[85.726,26.705],[85.726,26.707],[85.725,26.707],[85.725,26.709],[85.725,26.71],[85.726,26.711],[85.726,26.712],[85.727,26.714],[85.727,26.716],[85.728,26.718],[85.727,26.719],[85.726,26.72],[85.727,26.723],[85.728,26.725],[85.729,26.725],[85.73,26.725],[85.729,26.727],[85.728,26.729],[85.729,26.73],[85.73,26.73],[85.731,26.73],[85.731,26.731],[85.731,26.731],[85.73,26.732],[85.731,26.733],[85.73,26.734],[85.73,26.735],[85.731,26.736],[85.733,26.736],[85.733,26.737],[85.734,26.737],[85.734,26.739],[85.732,26.741],[85.732,26.743],[85.731,26.744],[85.731,26.746],[85.73,26.747],[85.729,26.75],[85.73,26.753],[85.731,26.76],[85.732,26.765],[85.733,26.77],[85.734,26.774],[85.735,26.779],[85.735,26.785],[85.735,26.791],[85.734,26.796],[85.73,26.801],[85.729,26.808],[85.726,26.813],[85.722,26.819],[85.718,26.823],[85.708,26.829],[85.7,26.834],[85.691,26.838],[85.681,26.843],[85.672,26.846],[85.663,26.848],[85.658,26.849],[85.652,26.851],[85.649,26.851],[85.642,26.854],[85.64,26.858],[85.638,26.863],[85.636,26.868],[85.633,26.872],[85.624,26.874],[85.622,26.872],[85.607,26.858],[85.599,26.854],[85.587,26.848],[85.585,26.849],[85.586,26.852],[85.585,26.855],[85.584,26.858],[85.581,26.858],[85.58,26.856],[85.578,26.859],[85.575,26.861],[85.571,26.854],[85.567,26.844],[85.558,26.844],[85.553,26.834],[85.544,26.838],[85.539,26.835],[85.532,26.827],[85.523,26.818],[85.513,26.816],[85.506,26.816],[85.503,26.815],[85.5,26.813],[85.498,26.812],[85.499,26.811],[85.498,26.81],[85.497,26.809],[85.498,26.807],[85.497,26.805],[85.497,26.803],[85.496,26.802],[85.496,26.801],[85.497,26.8],[85.496,26.798],[85.496,26.797],[85.494,26.798],[85.49,26.799],[85.487,26.8],[85.483,26.802],[85.48,26.802],[85.479,26.802],[85.479,26.8],[85.479,26.798],[85.479,26.795],[85.478,26.793],[85.477,26.792],[85.474,26.79],[85.472,26.79],[85.47,26.789],[85.468,26.789],[85.466,26.789],[85.465,26.788],[85.465,26.789],[85.464,26.788],[85.464,26.789],[85.462,26.787],[85.461,26.787],[85.459,26.786],[85.458,26.784],[85.459,26.785],[85.459,26.784],[85.457,26.783],[85.456,26.783],[85.454,26.782],[85.453,26.782],[85.454,26.782],[85.453,26.782],[85.452,26.781],[85.45,26.782],[85.447,26.784],[85.444,26.785],[85.441,26.786],[85.438,26.788],[85.435,26.789],[85.433,26.79],[85.431,26.788],[85.43,26.787],[85.428,26.786],[85.426,26.786],[85.424,26.786],[85.421,26.788],[85.418,26.79],[85.416,26.79],[85.414,26.791],[85.412,26.791],[85.408,26.791],[85.407,26.79],[85.406,26.789],[85.405,26.787],[85.404,26.785],[85.403,26.783],[85.401,26.782],[85.399,26.78],[85.397,26.778],[85.395,26.777],[85.393,26.776],[85.39,26.775],[85.387,26.775],[85.384,26.774],[85.383,26.772],[85.381,26.769],[85.38,26.768],[85.379,26.766],[85.378,26.763],[85.377,26.762],[85.375,26.761],[85.374,26.761],[85.369,26.758],[85.365,26.759],[85.362,26.762],[85.361,26.763],[85.357,26.761],[85.353,26.758],[85.346,26.752],[85.339,26.746],[85.333,26.742],[85.328,26.744],[85.325,26.745],[85.323,26.745],[85.322,26.746],[85.321,26.747],[85.32,26.748],[85.319,26.749],[85.316,26.749],[85.313,26.75],[85.31,26.751],[85.308,26.751],[85.304,26.752],[85.301,26.752],[85.297,26.753],[85.292,26.753],[85.287,26.753],[85.282,26.753],[85.277,26.754],[85.274,26.754],[85.269,26.754],[85.264,26.755],[85.259,26.756],[85.256,26.757],[85.253,26.759],[85.249,26.76],[85.244,26.761],[85.24,26.762],[85.235,26.762],[85.231,26.762],[85.225,26.761],[85.218,26.759],[85.212,26.758],[85.206,26.761],[85.203,26.765],[85.201,26.769],[85.197,26.77],[85.194,26.778],[85.193,26.782],[85.195,26.786],[85.193,26.788],[85.193,26.791],[85.188,26.791],[85.186,26.792],[85.187,26.794],[85.184,26.795],[85.18,26.796],[85.18,26.799],[85.182,26.8],[85.18,26.805],[85.177,26.813],[85.185,26.822],[85.187,26.826],[85.191,26.832],[85.192,26.837],[85.192,26.841],[85.191,26.847],[85.191,26.852],[85.193,26.862],[85.193,26.867],[85.183,26.87],[85.176,26.869],[85.168,26.869],[85.16,26.869],[85.154,26.871],[85.141,26.871],[85.136,26.87],[85.134,26.868],[85.126,26.87],[85.123,26.872],[85.115,26.872],[85.111,26.873],[85.107,26.871],[85.1,26.871],[85.097,26.868],[85.091,26.868],[85.09,26.868],[85.089,26.868],[85.088,26.867],[85.086,26.864],[85.089,26.861],[85.088,26.86],[85.088,26.858],[85.084,26.856],[85.088,26.854],[85.085,26.854],[85.083,26.856],[85.083,26.856],[85.081,26.857],[85.08,26.857],[85.078,26.859],[85.078,26.857],[85.077,26.856],[85.077,26.856],[85.074,26.856],[85.071,26.856],[85.07,26.854],[85.066,26.853],[85.064,26.85],[85.063,26.851],[85.062,26.854],[85.065,26.857],[85.063,26.856],[85.063,26.858],[85.061,26.856],[85.061,26.854],[85.059,26.855],[85.058,26.855],[85.057,26.852],[85.057,26.849],[85.044,26.851],[85.039,26.852],[85.024,26.855],[85.024,26.857],[85.026,26.859],[85.029,26.86],[85.028,26.863],[85.027,26.867],[85.03,26.868],[85.028,26.871],[85.029,26.875],[85.031,26.875],[85.033,26.875],[85.036,26.875],[85.037,26.876],[85.037,26.877],[85.038,26.878],[85.039,26.876],[85.041,26.875],[85.042,26.875],[85.041,26.877],[85.043,26.879],[85.045,26.88],[85.046,26.879],[85.048,26.88],[85.05,26.88],[85.052,26.882],[85.051,26.883],[85.049,26.883],[85.049,26.885],[85.05,26.884],[85.051,26.884],[85.053,26.885],[85.055,26.884],[85.055,26.882],[85.057,26.883],[85.06,26.886],[85.059,26.887],[85.059,26.885],[85.056,26.886],[85.053,26.887],[85.051,26.887],[85.053,26.889],[85.047,26.89],[85.041,26.891],[85.036,26.891],[85.03,26.892],[85.024,26.892],[85.02,26.893],[85.016,26.894],[85.009,26.894],[85.002,26.897],[84.998,26.9],[84.995,26.902],[84.993,26.903],[84.993,26.906],[84.994,26.906],[84.996,26.907],[84.997,26.906],[85.002,26.903],[85.001,26.906],[85.001,26.909],[85.001,26.911],[84.997,26.913],[84.993,26.913],[84.991,26.913],[84.987,26.914],[84.982,26.915],[84.978,26.915],[84.975,26.915],[84.97,26.916],[84.968,26.917],[84.97,26.917],[84.971,26.918],[84.97,26.92],[84.972,26.922],[84.971,26.923],[84.969,26.925],[84.97,26.926],[84.972,26.926],[84.971,26.927],[84.97,26.929],[84.972,26.93],[84.974,26.932],[84.976,26.932],[84.977,26.933],[84.977,26.935],[84.978,26.936],[84.977,26.938],[84.975,26.94],[84.976,26.94],[84.978,26.94],[84.976,26.943],[84.974,26.946],[84.972,26.949],[84.97,26.951],[84.969,26.953],[84.968,26.954],[84.967,26.956],[84.966,26.958],[84.965,26.958],[84.963,26.959],[84.962,26.961],[84.959,26.961],[84.957,26.961],[84.956,26.96],[84.953,26.96],[84.951,26.961],[84.948,26.962],[84.945,26.963],[84.942,26.965],[84.937,26.966],[84.934,26.968],[84.932,26.968],[84.929,26.969],[84.927,26.968],[84.925,26.968],[84.924,26.968],[84.921,26.968],[84.917,26.969],[84.914,26.969],[84.913,26.968],[84.91,26.968],[84.907,26.969],[84.903,26.97],[84.901,26.97],[84.899,26.97],[84.898,26.971],[84.896,26.973],[84.892,26.972],[84.892,26.97],[84.892,26.97],[84.89,26.971],[84.89,26.973],[84.891,26.975],[84.889,26.976],[84.889,26.977],[84.887,26.978],[84.884,26.979],[84.877,26.98],[84.876,26.981],[84.871,26.982],[84.869,26.983],[84.869,26.984],[84.868,26.984],[84.867,26.983],[84.866,26.984],[84.864,26.985],[84.863,26.986],[84.862,26.987],[84.861,26.987],[84.86,26.988],[84.859,26.988],[84.859,26.989],[84.858,26.989],[84.857,26.988],[84.857,26.987],[84.856,26.987],[84.855,26.988],[84.856,26.989],[84.857,26.99],[84.857,26.991],[84.856,26.992],[84.855,26.993],[84.855,26.993],[84.857,26.993],[84.858,26.993],[84.858,26.994],[84.858,26.996],[84.857,26.996],[84.858,26.998],[84.857,26.998],[84.855,26.998],[84.854,26.999],[84.853,26.998],[84.851,26.998],[84.85,26.999],[84.851,26.999],[84.852,27.0],[84.853,27.001],[84.852,27.002],[84.852,27.002],[84.851,27.003],[84.853,27.006],[84.855,27.008],[84.853,27.009],[84.848,27.011],[84.841,27.013],[84.835,27.016],[84.832,27.018],[84.83,27.02],[84.826,27.021],[84.824,27.021],[84.821,27.021],[84.818,27.021],[84.816,27.021],[84.814,27.019],[84.813,27.019],[84.812,27.021],[84.812,27.018],[84.811,27.016],[84.811,27.018],[84.809,27.018],[84.807,27.015],[84.808,27.014],[84.81,27.015],[84.811,27.013],[84.809,27.011],[84.807,27.011],[84.807,27.009],[84.808,27.008],[84.806,27.007],[84.805,27.006],[84.803,27.005],[84.801,27.004],[84.801,27.002],[84.8,27.001],[84.799,27.004],[84.797,27.004],[84.796,27.003],[84.797,27.002],[84.796,27.0],[84.795,26.999],[84.795,26.999],[84.794,26.997],[84.794,26.996],[84.793,26.996],[84.791,26.997],[84.791,26.998],[84.792,26.998],[84.791,26.999],[84.792,26.999],[84.791,26.999],[84.79,26.998],[84.789,26.997],[84.788,26.998],[84.788,26.999],[84.787,26.999],[84.786,26.999],[84.787,27.0],[84.788,27.003],[84.787,27.005],[84.788,27.007],[84.789,27.009],[84.787,27.009],[84.786,27.011],[84.785,27.009],[84.784,27.008],[84.783,27.01],[84.783,27.012],[84.781,27.015],[84.777,27.016],[84.775,27.017],[84.773,27.018],[84.771,27.017],[84.768,27.014],[84.765,27.013],[84.764,27.012],[84.763,27.01],[84.762,27.009],[84.761,27.007],[84.758,27.003],[84.754,27.004],[84.745,27.008],[84.733,27.014],[84.731,27.014],[84.73,27.015],[84.729,27.015],[84.728,27.014],[84.726,27.014],[84.724,27.014],[84.722,27.014],[84.721,27.015],[84.72,27.015],[84.719,27.017],[84.718,27.018],[84.717,27.017],[84.717,27.018],[84.717,27.019],[84.717,27.02],[84.716,27.02],[84.715,27.02],[84.714,27.022],[84.712,27.022],[84.711,27.021],[84.707,27.024],[84.704,27.025],[84.702,27.027],[84.7,27.027],[84.698,27.028],[84.696,27.028],[84.684,27.031],[84.666,27.038],[84.655,27.042],[84.644,27.046],[84.643,27.047],[84.643,27.048],[84.644,27.049],[84.644,27.049],[84.643,27.051],[84.644,27.051],[84.645,27.052],[84.646,27.052],[84.646,27.053],[84.645,27.054],[84.645,27.055],[84.645,27.056],[84.645,27.058],[84.645,27.059],[84.643,27.059],[84.643,27.06],[84.645,27.062],[84.644,27.063],[84.645,27.064],[84.644,27.065],[84.643,27.066],[84.644,27.066],[84.645,27.068],[84.646,27.069],[84.647,27.071],[84.647,27.072],[84.646,27.073],[84.647,27.075],[84.647,27.076],[84.647,27.076],[84.648,27.077],[84.648,27.076],[84.648,27.075],[84.649,27.075],[84.649,27.076],[84.65,27.077],[84.651,27.077],[84.652,27.078],[84.653,27.078],[84.653,27.079],[84.652,27.08],[84.653,27.081],[84.655,27.08],[84.656,27.079],[84.657,27.08],[84.658,27.08],[84.658,27.08],[84.658,27.081],[84.657,27.081],[84.655,27.082],[84.654,27.083],[84.655,27.084],[84.656,27.084],[84.657,27.083],[84.658,27.083],[84.658,27.084],[84.66,27.085],[84.662,27.085],[84.663,27.087],[84.664,27.086],[84.665,27.087],[84.663,27.088],[84.663,27.089],[84.665,27.089],[84.666,27.088],[84.667,27.09],[84.667,27.09],[84.669,27.09],[84.67,27.091],[84.669,27.092],[84.667,27.093],[84.666,27.093],[84.664,27.093],[84.665,27.095],[84.666,27.094],[84.668,27.094],[84.668,27.095],[84.669,27.096],[84.67,27.097],[84.671,27.098],[84.673,27.097],[84.674,27.096],[84.675,27.097],[84.674,27.099],[84.675,27.1],[84.675,27.102],[84.675,27.104],[84.674,27.105],[84.674,27.107],[84.675,27.109],[84.673,27.109],[84.671,27.107],[84.671,27.108],[84.67,27.11],[84.671,27.111],[84.672,27.112],[84.673,27.114],[84.674,27.114],[84.676,27.115],[84.677,27.116],[84.677,27.118],[84.676,27.12],[84.675,27.121],[84.676,27.122],[84.676,27.123],[84.677,27.124],[84.677,27.125],[84.678,27.126],[84.679,27.127],[84.678,27.129],[84.678,27.131],[84.679,27.133],[84.678,27.133],[84.678,27.134],[84.679,27.135],[84.68,27.137],[84.681,27.14],[84.682,27.141],[84.683,27.143],[84.683,27.146],[84.683,27.15],[84.681,27.151],[84.681,27.152],[84.682,27.153],[84.682,27.154],[84.684,27.155],[84.685,27.157],[84.687,27.159],[84.685,27.16],[84.683,27.16],[84.682,27.159],[84.679,27.161],[84.677,27.163],[84.677,27.165],[84.678,27.167],[84.68,27.167],[84.681,27.169],[84.678,27.17],[84.676,27.17],[84.676,27.172],[84.679,27.174],[84.682,27.178],[84.684,27.178],[84.681,27.179],[84.683,27.181],[84.685,27.18],[84.685,27.181],[84.684,27.182],[84.684,27.183],[84.684,27.184],[84.682,27.184],[84.681,27.184],[84.682,27.186],[84.68,27.185],[84.679,27.186],[84.681,27.188],[84.683,27.191],[84.683,27.196],[84.682,27.199],[84.681,27.201],[84.683,27.203],[84.684,27.205],[84.685,27.206],[84.686,27.207],[84.686,27.207],[84.686,27.208],[84.687,27.209],[84.687,27.211],[84.686,27.212],[84.685,27.213],[84.685,27.213],[84.687,27.214],[84.689,27.215],[84.691,27.215],[84.689,27.219],[84.69,27.224],[84.687,27.224],[84.686,27.226],[84.686,27.228],[84.685,27.23],[84.684,27.232],[84.683,27.234],[84.682,27.236],[84.682,27.237],[84.68,27.239],[84.678,27.244],[84.676,27.247],[84.675,27.249],[84.668,27.261],[84.653,27.289],[84.644,27.305],[84.632,27.323],[84.622,27.336],[84.619,27.338],[84.617,27.338],[84.612,27.337],[84.608,27.336],[84.607,27.336],[84.605,27.337],[84.604,27.338],[84.602,27.339],[84.599,27.339],[84.596,27.34],[84.593,27.34],[84.59,27.341],[84.587,27.341],[84.585,27.342],[84.581,27.343],[84.579,27.344],[84.577,27.344],[84.573,27.345],[84.57,27.346],[84.566,27.347],[84.563,27.347],[84.56,27.348],[84.557,27.348],[84.553,27.349],[84.55,27.349],[84.548,27.349],[84.545,27.349],[84.541,27.35],[84.538,27.351],[84.535,27.35],[84.532,27.351],[84.529,27.351],[84.527,27.352],[84.524,27.352],[84.521,27.354],[84.519,27.353],[84.515,27.353],[84.513,27.353],[84.511,27.354],[84.51,27.354],[84.507,27.355],[84.504,27.355],[84.502,27.356],[84.5,27.356],[84.498,27.356],[84.495,27.357],[84.491,27.358],[84.488,27.358],[84.486,27.359],[84.485,27.361],[84.484,27.366],[84.486,27.368],[84.487,27.369],[84.488,27.371],[84.491,27.373],[84.493,27.373],[84.494,27.375],[84.495,27.377],[84.498,27.377],[84.501,27.377],[84.503,27.38],[84.506,27.381],[84.511,27.382],[84.516,27.384],[84.524,27.383],[84.529,27.382],[84.531,27.383],[84.536,27.385],[84.54,27.386],[84.537,27.391],[84.535,27.394],[84.535,27.398],[84.535,27.403],[84.541,27.404],[84.547,27.405],[84.545,27.41],[84.54,27.411],[84.534,27.412],[84.533,27.415],[84.537,27.416],[84.54,27.419],[84.542,27.419],[84.547,27.418],[84.548,27.419],[84.548,27.427],[84.551,27.434],[84.553,27.439],[84.556,27.442],[84.557,27.447],[84.557,27.45],[84.558,27.455],[84.558,27.458],[84.561,27.463],[84.565,27.463]]]]}},{"type":"Feature","properties":{"PROVINCE":"Bagmati","PCODE":"NP03"},"geometry":{"type":"MultiPolygon","coordinates":[[[[85.712,28.386],[85.715,28.379],[85.724,28.373],[85.719,28.366],[85.72,28.359],[85.724,28.353],[85.727,28.348],[85.728,28.343],[85.732,28.336],[85.728,28.328],[85.737,28.319],[85.738,28.311],[85.736,28.305],[85.736,28.299],[85.733,28.291],[85.738,28.285],[85.74,28.275],[85.742,28.267],[85.744,28.256],[85.748,28.25],[85.749,28.238],[85.757,28.229],[85.765,28.226],[85.776,28.216],[85.775,28.211],[85.779,28.208],[85.784,28.206],[85.789,28.204],[85.799,28.198],[85.806,28.198],[85.813,28.203],[85.817,28.199],[85.823,28.19],[85.834,28.185],[85.848,28.184],[85.85,28.171],[85.855,28.163],[85.86,28.156],[85.863,28.15],[85.872,28.142],[85.869,28.135],[85.87,28.131],[85.87,28.124],[85.881,28.117],[85.89,28.114],[85.898,28.109],[85.903,28.09],[85.901,28.081],[85.897,28.075],[85.897,28.066],[85.9,28.058],[85.909,28.051],[85.921,28.043],[85.929,28.031],[85.935,28.025],[85.942,28.023],[85.952,28.016],[85.961,28.007],[85.971,28.001],[85.975,28.0],[85.977,27.994],[85.976,27.985],[85.967,27.976],[85.96,27.968],[85.958,27.958],[85.954,27.951],[85.949,27.941],[85.959,27.936],[85.968,27.933],[85.974,27.926],[85.984,27.92],[85.992,27.916],[86.0,27.912],[86.007,27.913],[86.012,27.915],[86.018,27.912],[86.026,27.908],[86.04,27.904],[86.047,27.907],[86.052,27.904],[86.057,27.903],[86.063,27.901],[86.066,27.9],[86.067,27.904],[86.069,27.906],[86.066,27.91],[86.069,27.911],[86.076,27.911],[86.079,27.914],[86.084,27.916],[86.093,27.92],[86.101,27.923],[86.109,27.924],[86.116,27.927],[86.124,27.928],[86.126,27.937],[86.121,27.942],[86.116,27.945],[86.111,27.951],[86.108,27.957],[86.109,27.961],[86.109,27.965],[86.106,27.973],[86.102,27.986],[86.099,27.993],[86.096,27.996],[86.096,27.999],[86.093,28.003],[86.089,28.006],[86.086,28.011],[86.082,28.015],[86.08,28.019],[86.08,28.023],[86.085,28.026],[86.088,28.029],[86.09,28.032],[86.09,28.036],[86.087,28.04],[86.089,28.045],[86.088,28.049],[86.089,28.054],[86.091,28.059],[86.095,28.061],[86.093,28.066],[86.091,28.07],[86.089,28.073],[86.086,28.077],[86.085,28.082],[86.084,28.087],[86.083,28.091],[86.089,28.094],[86.093,28.098],[86.1,28.096],[86.104,28.093],[86.108,28.094],[86.111,28.092],[86.116,28.092],[86.121,28.094],[86.125,28.096],[86.128,28.1],[86.131,28.101],[86.131,28.105],[86.132,28.108],[86.133,28.111],[86.132,28.116],[86.138,28.118],[86.14,28.118],[86.142,28.12],[86.142,28.126],[86.147,28.129],[86.153,28.131],[86.157,28.135],[86.162,28.138],[86.166,28.138],[86.17,28.14],[86.176,28.142],[86.179,28.145],[86.178,28.151],[86.176,28.155],[86.176,28.161],[86.175,28.166],[86.175,28.17],[86.181,28.172],[86.186,28.174],[86.189,28.173],[86.189,28.17],[86.191,28.167],[86.192,28.164],[86.192,28.16],[86.195,28.158],[86.197,28.155],[86.196,28.152],[86.197,28.147],[86.197,28.142],[86.199,28.137],[86.204,28.134],[86.207,28.131],[86.21,28.127],[86.213,28.122],[86.216,28.116],[86.219,28.113],[86.218,28.109],[86.22,28.105],[86.222,28.098],[86.219,28.095],[86.213,28.096],[86.209,28.095],[86.208,28.09],[86.206,28.087],[86.204,28.084],[86.206,28.078],[86.208,28.075],[86.21,28.071],[86.21,28.065],[86.212,28.06],[86.213,28.056],[86.217,28.052],[86.216,28.048],[86.217,28.045],[86.218,28.04],[86.22,28.036],[86.223,28.035],[86.225,28.031],[86.224,28.027],[86.222,28.024],[86.221,28.021],[86.221,28.018],[86.22,28.012],[86.221,28.007],[86.222,28.004],[86.223,28.0],[86.223,27.994],[86.225,27.986],[86.227,27.981],[86.232,27.977],[86.235,27.974],[86.244,27.974],[86.249,27.975],[86.253,27.978],[86.257,27.978],[86.261,27.979],[86.265,27.98],[86.268,27.98],[86.271,27.98],[86.275,27.979],[86.279,27.978],[86.283,27.977],[86.287,27.978],[86.29,27.978],[86.292,27.976],[86.295,27.974],[86.297,27.972],[86.299,27.969],[86.3,27.964],[86.3,27.961],[86.302,27.959],[86.304,27.957],[86.305,27.956],[86.308,27.955],[86.31,27.953],[86.312,27.951],[86.316,27.949],[86.318,27.948],[86.321,27.95],[86.324,27.953],[86.326,27.956],[86.329,27.959],[86.332,27.962],[86.335,27.965],[86.335,27.962],[86.336,27.959],[86.339,27.955],[86.339,27.952],[86.339,27.949],[86.341,27.946],[86.343,27.943],[86.345,27.941],[86.347,27.938],[86.351,27.939],[86.354,27.94],[86.358,27.941],[86.362,27.941],[86.365,27.941],[86.369,27.941],[86.372,27.94],[86.375,27.939],[86.379,27.938],[86.382,27.937],[86.385,27.934],[86.387,27.932],[86.389,27.929],[86.391,27.926],[86.394,27.926],[86.397,27.924],[86.399,27.922],[86.402,27.919],[86.405,27.917],[86.406,27.914],[86.409,27.91],[86.41,27.907],[86.413,27.907],[86.416,27.908],[86.42,27.909],[86.424,27.909],[86.428,27.909],[86.432,27.909],[86.436,27.908],[86.441,27.906],[86.443,27.908],[86.445,27.911],[86.448,27.913],[86.45,27.914],[86.453,27.915],[86.456,27.916],[86.457,27.92],[86.46,27.923],[86.462,27.925],[86.465,27.927],[86.468,27.929],[86.47,27.932],[86.47,27.935],[86.469,27.937],[86.467,27.941],[86.468,27.944],[86.47,27.946],[86.474,27.948],[86.48,27.948],[86.483,27.949],[86.485,27.951],[86.49,27.952],[86.493,27.952],[86.494,27.955],[86.497,27.957],[86.501,27.957],[86.507,27.957],[86.515,27.957],[86.519,27.952],[86.52,27.945],[86.522,27.94],[86.528,27.941],[86.534,27.942],[86.538,27.937],[86.542,27.933],[86.547,27.931],[86.549,27.924],[86.55,27.919],[86.554,27.911],[86.554,27.905],[86.552,27.9],[86.552,27.896],[86.554,27.889],[86.554,27.884],[86.552,27.88],[86.551,27.875],[86.553,27.868],[86.554,27.863],[86.554,27.857],[86.551,27.85],[86.549,27.843],[86.547,27.836],[86.545,27.832],[86.544,27.827],[86.544,27.822],[86.541,27.818],[86.541,27.814],[86.543,27.811],[86.548,27.811],[86.552,27.809],[86.557,27.807],[86.561,27.806],[86.565,27.805],[86.566,27.802],[86.567,27.798],[86.569,27.794],[86.568,27.79],[86.566,27.787],[86.566,27.782],[86.566,27.777],[86.565,27.773],[86.564,27.769],[86.566,27.764],[86.568,27.761],[86.571,27.757],[86.571,27.753],[86.567,27.751],[86.564,27.75],[86.563,27.746],[86.558,27.738],[86.556,27.731],[86.554,27.724],[86.554,27.722],[86.551,27.717],[86.549,27.71],[86.542,27.703],[86.539,27.698],[86.539,27.689],[86.537,27.68],[86.538,27.673],[86.534,27.666],[86.529,27.662],[86.529,27.657],[86.527,27.652],[86.522,27.649],[86.514,27.648],[86.511,27.642],[86.507,27.639],[86.504,27.633],[86.501,27.625],[86.495,27.619],[86.492,27.614],[86.486,27.617],[86.479,27.617],[86.475,27.616],[86.467,27.616],[86.462,27.616],[86.458,27.615],[86.45,27.613],[86.446,27.612],[86.437,27.611],[86.433,27.608],[86.431,27.605],[86.428,27.603],[86.421,27.6],[86.42,27.597],[86.418,27.591],[86.413,27.587],[86.409,27.586],[86.407,27.585],[86.402,27.584],[86.397,27.583],[86.394,27.579],[86.391,27.576],[86.389,27.573],[86.382,27.572],[86.378,27.569],[86.376,27.567],[86.372,27.562],[86.37,27.559],[86.369,27.555],[86.37,27.551],[86.367,27.548],[86.363,27.545],[86.358,27.539],[86.358,27.534],[86.357,27.532],[86.357,27.527],[86.355,27.525],[86.351,27.524],[86.347,27.523],[86.34,27.521],[86.336,27.518],[86.334,27.514],[86.332,27.51],[86.329,27.509],[86.327,27.506],[86.325,27.502],[86.323,27.499],[86.319,27.498],[86.317,27.494],[86.314,27.492],[86.313,27.49],[86.31,27.488],[86.306,27.484],[86.304,27.482],[86.298,27.48],[86.295,27.479],[86.293,27.477],[86.292,27.473],[86.291,27.47],[86.288,27.468],[86.283,27.466],[86.281,27.464],[86.278,27.464],[86.274,27.462],[86.272,27.461],[86.268,27.459],[86.263,27.455],[86.26,27.45],[86.257,27.445],[86.255,27.441],[86.256,27.44],[86.256,27.436],[86.252,27.433],[86.252,27.429],[86.25,27.427],[86.248,27.424],[86.248,27.42],[86.246,27.419],[86.243,27.42],[86.241,27.417],[86.24,27.416],[86.239,27.414],[86.237,27.412],[86.237,27.409],[86.234,27.408],[86.236,27.407],[86.236,27.404],[86.233,27.403],[86.231,27.4],[86.229,27.399],[86.228,27.396],[86.227,27.394],[86.228,27.391],[86.227,27.389],[86.225,27.388],[86.226,27.385],[86.225,27.384],[86.223,27.383],[86.222,27.382],[86.224,27.379],[86.224,27.375],[86.225,27.372],[86.224,27.369],[86.221,27.366],[86.219,27.363],[86.219,27.361],[86.222,27.36],[86.22,27.357],[86.219,27.355],[86.217,27.353],[86.218,27.351],[86.218,27.348],[86.217,27.345],[86.217,27.342],[86.217,27.34],[86.218,27.338],[86.216,27.334],[86.217,27.332],[86.217,27.328],[86.22,27.328],[86.222,27.327],[86.22,27.325],[86.219,27.324],[86.222,27.321],[86.225,27.321],[86.228,27.32],[86.229,27.32],[86.229,27.317],[86.23,27.315],[86.231,27.314],[86.232,27.311],[86.234,27.308],[86.234,27.307],[86.237,27.306],[86.238,27.304],[86.238,27.302],[86.236,27.299],[86.235,27.297],[86.237,27.293],[86.239,27.291],[86.241,27.289],[86.24,27.288],[86.237,27.287],[86.233,27.285],[86.232,27.282],[86.229,27.281],[86.228,27.279],[86.227,27.278],[86.224,27.278],[86.223,27.275],[86.222,27.274],[86.219,27.272],[86.218,27.27],[86.216,27.268],[86.214,27.269],[86.214,27.267],[86.213,27.266],[86.211,27.264],[86.211,27.261],[86.209,27.26],[86.206,27.257],[86.205,27.255],[86.205,27.253],[86.205,27.251],[86.204,27.25],[86.207,27.248],[86.211,27.246],[86.214,27.245],[86.216,27.243],[86.219,27.241],[86.221,27.24],[86.224,27.239],[86.226,27.238],[86.229,27.237],[86.232,27.239],[86.235,27.24],[86.239,27.241],[86.24,27.243],[86.242,27.246],[86.245,27.248],[86.25,27.249],[86.253,27.251],[86.256,27.254],[86.256,27.257],[86.26,27.258],[86.264,27.26],[86.267,27.261],[86.267,27.253],[86.273,27.252],[86.277,27.25],[86.279,27.247],[86.284,27.246],[86.288,27.246],[86.291,27.243],[86.294,27.24],[86.296,27.238],[86.3,27.238],[86.305,27.237],[86.307,27.236],[86.308,27.234],[86.312,27.232],[86.315,27.232],[86.317,27.232],[86.32,27.232],[86.323,27.231],[86.329,27.23],[86.332,27.231],[86.335,27.231],[86.339,27.23],[86.342,27.228],[86.341,27.225],[86.343,27.223],[86.343,27.22],[86.341,27.217],[86.34,27.213],[86.34,27.21],[86.342,27.207],[86.344,27.203],[86.346,27.202],[86.35,27.201],[86.355,27.201],[86.359,27.201],[86.362,27.199],[86.364,27.197],[86.367,27.194],[86.369,27.193],[86.373,27.193],[86.375,27.194],[86.378,27.194],[86.38,27.192],[86.381,27.19],[86.382,27.188],[86.383,27.185],[86.384,27.183],[86.386,27.181],[86.39,27.179],[86.388,27.178],[86.385,27.177],[86.384,27.175],[86.385,27.173],[86.383,27.173],[86.382,27.171],[86.381,27.169],[86.38,27.168],[86.378,27.165],[86.379,27.165],[86.378,27.163],[86.376,27.162],[86.375,27.16],[86.373,27.158],[86.374,27.155],[86.372,27.153],[86.371,27.151],[86.373,27.149],[86.374,27.148],[86.373,27.147],[86.37,27.147],[86.369,27.144],[86.368,27.141],[86.366,27.142],[86.364,27.142],[86.362,27.141],[86.36,27.139],[86.358,27.141],[86.357,27.143],[86.355,27.143],[86.353,27.143],[86.351,27.143],[86.349,27.143],[86.347,27.144],[86.345,27.144],[86.344,27.146],[86.343,27.147],[86.341,27.145],[86.341,27.143],[86.341,27.141],[86.339,27.139],[86.337,27.138],[86.337,27.136],[86.338,27.136],[86.338,27.135],[86.337,27.134],[86.335,27.134],[86.336,27.133],[86.334,27.131],[86.335,27.13],[86.336,27.129],[86.335,27.128],[86.336,27.128],[86.337,27.127],[86.336,27.127],[86.334,27.126],[86.334,27.123],[86.333,27.122],[86.332,27.12],[86.331,27.117],[86.329,27.116],[86.328,27.114],[86.327,27.113],[86.326,27.111],[86.324,27.11],[86.323,27.11],[86.321,27.111],[86.318,27.11],[86.317,27.11],[86.315,27.111],[86.313,27.111],[86.311,27.109],[86.308,27.11],[86.307,27.108],[86.308,27.107],[86.309,27.106],[86.311,27.104],[86.312,27.103],[86.314,27.103],[86.316,27.102],[86.318,27.102],[86.32,27.101],[86.322,27.1],[86.324,27.099],[86.327,27.1],[86.329,27.1],[86.332,27.1],[86.333,27.101],[86.335,27.102],[86.336,27.103],[86.338,27.105],[86.34,27.106],[86.343,27.106],[86.344,27.106],[86.347,27.106],[86.349,27.106],[86.35,27.105],[86.353,27.105],[86.355,27.104],[86.356,27.103],[86.356,27.1],[86.358,27.099],[86.36,27.1],[86.362,27.1],[86.362,27.098],[86.36,27.097],[86.359,27.095],[86.358,27.093],[86.359,27.092],[86.358,27.09],[86.358,27.087],[86.358,27.084],[86.357,27.082],[86.355,27.082],[86.355,27.08],[86.355,27.078],[86.354,27.077],[86.354,27.076],[86.355,27.075],[86.354,27.075],[86.352,27.074],[86.351,27.073],[86.352,27.072],[86.351,27.072],[86.351,27.07],[86.349,27.071],[86.347,27.07],[86.346,27.068],[86.346,27.067],[86.346,27.065],[86.348,27.065],[86.35,27.067],[86.351,27.067],[86.351,27.065],[86.351,27.063],[86.352,27.061],[86.355,27.06],[86.357,27.059],[86.359,27.056],[86.362,27.055],[86.364,27.053],[86.364,27.05],[86.364,27.047],[86.364,27.045],[86.364,27.043],[86.365,27.041],[86.366,27.039],[86.369,27.037],[86.371,27.037],[86.373,27.037],[86.375,27.035],[86.378,27.035],[86.38,27.034],[86.383,27.032],[86.382,27.03],[86.381,27.031],[86.379,27.031],[86.38,27.029],[86.378,27.029],[86.377,27.026],[86.376,27.025],[86.374,27.023],[86.375,27.021],[86.374,27.019],[86.373,27.017],[86.372,27.015],[86.374,27.013],[86.373,27.011],[86.373,27.01],[86.374,27.008],[86.373,27.004],[86.371,27.002],[86.368,27.001],[86.367,27.0],[86.368,26.997],[86.367,26.993],[86.367,26.989],[86.366,26.985],[86.366,26.982],[86.364,26.978],[86.36,26.974],[86.358,26.971],[86.355,26.968],[86.354,26.965],[86.35,26.964],[86.344,26.964],[86.343,26.964],[86.34,26.964],[86.337,26.964],[86.334,26.965],[86.331,26.964],[86.329,26.964],[86.324,26.964],[86.321,26.964],[86.318,26.963],[86.316,26.964],[86.312,26.963],[86.309,26.961],[86.305,26.958],[86.3,26.954],[86.298,26.953],[86.295,26.952],[86.292,26.951],[86.289,26.95],[86.287,26.95],[86.284,26.949],[86.281,26.947],[86.281,26.943],[86.28,26.942],[86.279,26.937],[86.278,26.935],[86.274,26.932],[86.27,26.931],[86.266,26.929],[86.262,26.926],[86.26,26.923],[86.26,26.92],[86.257,26.921],[86.257,26.924],[86.257,26.926],[86.258,26.928],[86.257,26.93],[86.255,26.932],[86.252,26.934],[86.25,26.936],[86.246,26.938],[86.244,26.939],[86.241,26.941],[86.238,26.943],[86.235,26.947],[86.234,26.95],[86.228,26.949],[86.225,26.951],[86.225,26.952],[86.223,26.953],[86.221,26.955],[86.219,26.954],[86.219,26.957],[86.217,26.959],[86.215,26.961],[86.212,26.964],[86.208,26.967],[86.204,26.968],[86.201,26.97],[86.197,26.972],[86.193,26.975],[86.192,26.977],[86.189,26.978],[86.187,26.978],[86.187,26.983],[86.184,26.983],[86.179,26.984],[86.176,26.987],[86.171,26.989],[86.167,26.989],[86.163,26.992],[86.157,26.994],[86.149,26.997],[86.144,26.998],[86.139,27.0],[86.137,27.002],[86.132,27.004],[86.127,27.006],[86.124,27.008],[86.122,27.008],[86.12,27.009],[86.117,27.011],[86.114,27.012],[86.11,27.013],[86.107,27.015],[86.104,27.016],[86.101,27.017],[86.099,27.017],[86.094,27.018],[86.09,27.019],[86.087,27.019],[86.084,27.019],[86.081,27.018],[86.079,27.019],[86.077,27.019],[86.075,27.019],[86.07,27.019],[86.067,27.019],[86.063,27.019],[86.057,27.018],[86.051,27.019],[86.049,27.019],[86.048,27.021],[86.046,27.021],[86.042,27.02],[86.038,27.02],[86.035,27.02],[86.031,27.021],[86.028,27.02],[86.025,27.02],[86.024,27.02],[86.021,27.019],[86.018,27.02],[86.015,27.02],[86.012,27.019],[86.012,27.019],[86.011,27.02],[86.009,27.02],[86.007,27.021],[86.003,27.021],[86.001,27.021],[85.999,27.023],[85.996,27.024],[85.993,27.024],[85.991,27.025],[85.988,27.028],[85.986,27.031],[85.986,27.033],[85.983,27.035],[85.983,27.037],[85.981,27.038],[85.979,27.04],[85.977,27.042],[85.974,27.047],[85.972,27.05],[85.97,27.053],[85.971,27.057],[85.97,27.06],[85.969,27.063],[85.967,27.066],[85.966,27.067],[85.966,27.069],[85.967,27.07],[85.966,27.073],[85.965,27.074],[85.963,27.074],[85.962,27.078],[85.961,27.08],[85.959,27.082],[85.957,27.083],[85.955,27.084],[85.953,27.084],[85.95,27.084],[85.95,27.085],[85.951,27.088],[85.948,27.089],[85.947,27.089],[85.946,27.091],[85.944,27.093],[85.943,27.095],[85.941,27.099],[85.938,27.104],[85.936,27.109],[85.936,27.111],[85.937,27.116],[85.938,27.12],[85.935,27.123],[85.931,27.125],[85.926,27.126],[85.925,27.127],[85.921,27.127],[85.919,27.129],[85.916,27.129],[85.914,27.13],[85.912,27.132],[85.909,27.133],[85.905,27.134],[85.902,27.136],[85.9,27.137],[85.896,27.139],[85.893,27.141],[85.891,27.141],[85.889,27.143],[85.887,27.146],[85.885,27.146],[85.883,27.146],[85.88,27.143],[85.878,27.142],[85.875,27.14],[85.873,27.137],[85.87,27.136],[85.868,27.134],[85.866,27.131],[85.864,27.128],[85.862,27.127],[85.859,27.13],[85.858,27.133],[85.855,27.134],[85.855,27.135],[85.854,27.136],[85.854,27.138],[85.851,27.139],[85.849,27.14],[85.846,27.141],[85.842,27.144],[85.839,27.145],[85.837,27.146],[85.836,27.147],[85.835,27.149],[85.835,27.15],[85.836,27.15],[85.839,27.152],[85.841,27.156],[85.843,27.159],[85.843,27.16],[85.841,27.162],[85.837,27.163],[85.834,27.165],[85.832,27.166],[85.83,27.167],[85.827,27.168],[85.825,27.168],[85.821,27.165],[85.82,27.164],[85.817,27.163],[85.814,27.161],[85.812,27.162],[85.808,27.162],[85.806,27.163],[85.804,27.165],[85.798,27.167],[85.796,27.168],[85.793,27.169],[85.79,27.171],[85.789,27.173],[85.783,27.175],[85.781,27.175],[85.779,27.176],[85.776,27.178],[85.774,27.178],[85.772,27.179],[85.771,27.18],[85.77,27.182],[85.767,27.182],[85.762,27.183],[85.76,27.184],[85.757,27.185],[85.754,27.186],[85.749,27.186],[85.748,27.188],[85.744,27.187],[85.738,27.19],[85.734,27.19],[85.727,27.194],[85.722,27.194],[85.719,27.189],[85.713,27.187],[85.708,27.186],[85.704,27.185],[85.699,27.186],[85.694,27.183],[85.69,27.178],[85.686,27.176],[85.683,27.171],[85.678,27.167],[85.671,27.166],[85.667,27.163],[85.666,27.162],[85.665,27.159],[85.661,27.156],[85.656,27.155],[85.657,27.153],[85.655,27.153],[85.652,27.152],[85.65,27.15],[85.647,27.145],[85.644,27.143],[85.641,27.143],[85.636,27.142],[85.632,27.139],[85.629,27.137],[85.623,27.141],[85.62,27.139],[85.616,27.141],[85.612,27.142],[85.61,27.14],[85.607,27.14],[85.603,27.141],[85.6,27.144],[85.597,27.143],[85.592,27.141],[85.589,27.143],[85.585,27.143],[85.584,27.143],[85.579,27.143],[85.574,27.139],[85.57,27.138],[85.569,27.141],[85.569,27.143],[85.567,27.143],[85.563,27.145],[85.559,27.144],[85.555,27.146],[85.553,27.147],[85.55,27.146],[85.549,27.142],[85.549,27.141],[85.547,27.141],[85.544,27.145],[85.542,27.146],[85.539,27.148],[85.534,27.147],[85.533,27.144],[85.531,27.141],[85.522,27.141],[85.518,27.142],[85.513,27.142],[85.508,27.144],[85.503,27.144],[85.5,27.144],[85.495,27.148],[85.493,27.152],[85.49,27.155],[85.491,27.158],[85.496,27.163],[85.501,27.163],[85.503,27.166],[85.499,27.168],[85.502,27.17],[85.502,27.174],[85.5,27.176],[85.495,27.174],[85.493,27.169],[85.49,27.167],[85.485,27.165],[85.481,27.163],[85.476,27.163],[85.473,27.162],[85.469,27.163],[85.465,27.166],[85.459,27.166],[85.455,27.168],[85.452,27.17],[85.452,27.174],[85.453,27.177],[85.452,27.18],[85.45,27.182],[85.448,27.187],[85.444,27.187],[85.44,27.187],[85.437,27.187],[85.434,27.189],[85.429,27.191],[85.424,27.193],[85.419,27.19],[85.414,27.193],[85.411,27.196],[85.407,27.197],[85.403,27.197],[85.398,27.197],[85.396,27.201],[85.397,27.206],[85.394,27.209],[85.393,27.21],[85.391,27.209],[85.388,27.209],[85.384,27.208],[85.38,27.21],[85.377,27.212],[85.373,27.21],[85.369,27.212],[85.366,27.212],[85.362,27.213],[85.36,27.211],[85.357,27.213],[85.352,27.218],[85.349,27.222],[85.347,27.222],[85.341,27.221],[85.334,27.222],[85.33,27.223],[85.324,27.225],[85.321,27.227],[85.315,27.228],[85.311,27.23],[85.307,27.232],[85.298,27.231],[85.291,27.232],[85.286,27.231],[85.28,27.231],[85.278,27.229],[85.274,27.23],[85.269,27.228],[85.267,27.226],[85.263,27.227],[85.26,27.228],[85.258,27.229],[85.258,27.233],[85.256,27.236],[85.253,27.24],[85.252,27.244],[85.249,27.246],[85.244,27.248],[85.241,27.249],[85.236,27.248],[85.232,27.244],[85.23,27.244],[85.227,27.245],[85.224,27.245],[85.222,27.244],[85.218,27.245],[85.217,27.246],[85.214,27.247],[85.21,27.245],[85.208,27.246],[85.207,27.247],[85.206,27.249],[85.203,27.25],[85.201,27.25],[85.199,27.249],[85.198,27.247],[85.196,27.245],[85.191,27.246],[85.188,27.246],[85.18,27.248],[85.177,27.25],[85.178,27.251],[85.181,27.255],[85.174,27.254],[85.17,27.256],[85.168,27.26],[85.165,27.261],[85.16,27.262],[85.155,27.263],[85.152,27.266],[85.151,27.269],[85.147,27.272],[85.145,27.277],[85.145,27.283],[85.141,27.285],[85.137,27.289],[85.133,27.291],[85.128,27.292],[85.126,27.293],[85.127,27.298],[85.126,27.301],[85.122,27.302],[85.12,27.304],[85.12,27.307],[85.119,27.311],[85.118,27.317],[85.116,27.318],[85.112,27.319],[85.108,27.319],[85.105,27.32],[85.102,27.325],[85.099,27.327],[85.097,27.33],[85.095,27.332],[85.094,27.336],[85.092,27.339],[85.092,27.342],[85.093,27.345],[85.093,27.349],[85.092,27.353],[85.091,27.355],[85.09,27.357],[85.088,27.359],[85.087,27.361],[85.083,27.362],[85.08,27.363],[85.076,27.363],[85.073,27.364],[85.07,27.364],[85.07,27.363],[85.069,27.362],[85.067,27.36],[85.066,27.362],[85.065,27.362],[85.062,27.361],[85.061,27.361],[85.06,27.362],[85.057,27.365],[85.056,27.366],[85.053,27.365],[85.05,27.363],[85.048,27.362],[85.046,27.362],[85.044,27.36],[85.041,27.359],[85.039,27.359],[85.035,27.358],[85.033,27.36],[85.03,27.36],[85.023,27.358],[85.021,27.356],[85.021,27.352],[85.019,27.354],[85.015,27.354],[85.014,27.355],[85.012,27.355],[85.008,27.354],[85.005,27.353],[85.003,27.354],[85.001,27.356],[85.001,27.359],[85.001,27.362],[84.999,27.365],[84.997,27.365],[84.995,27.365],[84.993,27.364],[84.991,27.364],[84.989,27.362],[84.987,27.362],[84.983,27.362],[84.98,27.361],[84.978,27.359],[84.977,27.357],[84.977,27.356],[84.974,27.356],[84.971,27.355],[84.969,27.356],[84.967,27.358],[84.965,27.359],[84.965,27.361],[84.965,27.363],[84.962,27.363],[84.959,27.361],[84.958,27.359],[84.956,27.36],[84.955,27.361],[84.954,27.362],[84.956,27.364],[84.956,27.365],[84.953,27.367],[84.951,27.367],[84.95,27.364],[84.949,27.362],[84.947,27.362],[84.946,27.361],[84.945,27.36],[84.945,27.362],[84.945,27.363],[84.944,27.363],[84.941,27.363],[84.941,27.366],[84.94,27.366],[84.937,27.366],[84.935,27.366],[84.934,27.365],[84.932,27.365],[84.931,27.366],[84.929,27.365],[84.927,27.364],[84.926,27.365],[84.924,27.368],[84.922,27.369],[84.921,27.371],[84.919,27.371],[84.917,27.373],[84.916,27.373],[84.914,27.373],[84.911,27.375],[84.909,27.377],[84.907,27.377],[84.905,27.376],[84.903,27.375],[84.901,27.375],[84.9,27.376],[84.898,27.379],[84.898,27.382],[84.897,27.385],[84.896,27.386],[84.894,27.387],[84.892,27.387],[84.89,27.389],[84.888,27.389],[84.886,27.389],[84.883,27.388],[84.881,27.389],[84.88,27.392],[84.878,27.395],[84.879,27.396],[84.877,27.398],[84.874,27.398],[84.873,27.398],[84.871,27.399],[84.869,27.398],[84.866,27.397],[84.864,27.397],[84.862,27.398],[84.86,27.398],[84.858,27.399],[84.855,27.399],[84.853,27.399],[84.852,27.399],[84.851,27.401],[84.851,27.404],[84.851,27.405],[84.849,27.407],[84.848,27.409],[84.846,27.409],[84.845,27.411],[84.843,27.412],[84.841,27.412],[84.841,27.413],[84.84,27.415],[84.838,27.414],[84.837,27.416],[84.834,27.417],[84.834,27.418],[84.831,27.417],[84.829,27.417],[84.827,27.418],[84.824,27.419],[84.822,27.419],[84.82,27.419],[84.817,27.419],[84.815,27.419],[84.813,27.417],[84.811,27.417],[84.81,27.417],[84.809,27.421],[84.809,27.424],[84.809,27.425],[84.807,27.426],[84.805,27.427],[84.802,27.429],[84.8,27.43],[84.799,27.432],[84.797,27.433],[84.798,27.435],[84.796,27.436],[84.793,27.437],[84.791,27.438],[84.789,27.437],[84.786,27.436],[84.784,27.435],[84.781,27.435],[84.78,27.436],[84.779,27.437],[84.778,27.437],[84.776,27.438],[84.775,27.439],[84.773,27.438],[84.77,27.439],[84.769,27.438],[84.768,27.437],[84.766,27.437],[84.764,27.437],[84.761,27.437],[84.76,27.438],[84.758,27.437],[84.756,27.436],[84.754,27.436],[84.751,27.437],[84.749,27.438],[84.748,27.438],[84.746,27.44],[84.745,27.441],[84.743,27.442],[84.742,27.442],[84.739,27.441],[84.738,27.442],[84.736,27.442],[84.734,27.442],[84.735,27.444],[84.732,27.444],[84.729,27.444],[84.727,27.444],[84.725,27.444],[84.725,27.443],[84.723,27.44],[84.721,27.438],[84.721,27.436],[84.719,27.434],[84.719,27.432],[84.719,27.431],[84.716,27.432],[84.714,27.432],[84.711,27.432],[84.709,27.432],[84.708,27.432],[84.706,27.433],[84.704,27.433],[84.701,27.432],[84.698,27.432],[84.695,27.432],[84.691,27.432],[84.689,27.432],[84.685,27.431],[84.682,27.43],[84.68,27.43],[84.675,27.429],[84.672,27.429],[84.669,27.429],[84.667,27.43],[84.665,27.43],[84.663,27.43],[84.662,27.432],[84.662,27.433],[84.66,27.433],[84.658,27.432],[84.656,27.432],[84.653,27.43],[84.648,27.429],[84.647,27.43],[84.646,27.433],[84.645,27.435],[84.643,27.437],[84.643,27.439],[84.643,27.44],[84.643,27.443],[84.641,27.444],[84.64,27.444],[84.639,27.444],[84.637,27.444],[84.635,27.445],[84.633,27.446],[84.631,27.448],[84.629,27.449],[84.628,27.451],[84.626,27.45],[84.624,27.45],[84.623,27.45],[84.622,27.452],[84.62,27.451],[84.616,27.452],[84.611,27.452],[84.608,27.454],[84.602,27.453],[84.601,27.451],[84.599,27.454],[84.594,27.454],[84.59,27.454],[84.586,27.456],[84.583,27.456],[84.583,27.455],[84.578,27.454],[84.575,27.455],[84.573,27.457],[84.573,27.459],[84.567,27.461],[84.565,27.463],[84.56,27.462],[84.558,27.458],[84.558,27.454],[84.557,27.45],[84.557,27.446],[84.555,27.441],[84.552,27.438],[84.551,27.433],[84.548,27.426],[84.548,27.418],[84.546,27.418],[84.542,27.419],[84.539,27.419],[84.537,27.415],[84.532,27.414],[84.536,27.412],[84.541,27.411],[84.546,27.409],[84.547,27.404],[84.54,27.404],[84.535,27.402],[84.535,27.398],[84.535,27.394],[84.538,27.39],[84.54,27.386],[84.535,27.385],[84.531,27.383],[84.528,27.382],[84.522,27.384],[84.515,27.384],[84.511,27.382],[84.506,27.381],[84.502,27.38],[84.501,27.377],[84.497,27.377],[84.495,27.377],[84.494,27.375],[84.493,27.373],[84.491,27.373],[84.488,27.371],[84.487,27.369],[84.486,27.368],[84.484,27.366],[84.485,27.361],[84.486,27.359],[84.484,27.359],[84.481,27.361],[84.478,27.362],[84.475,27.362],[84.474,27.36],[84.473,27.358],[84.472,27.356],[84.47,27.355],[84.467,27.356],[84.466,27.357],[84.466,27.358],[84.464,27.36],[84.462,27.359],[84.461,27.36],[84.459,27.361],[84.457,27.362],[84.455,27.363],[84.45,27.363],[84.445,27.364],[84.445,27.366],[84.444,27.368],[84.442,27.37],[84.437,27.37],[84.434,27.37],[84.432,27.371],[84.429,27.371],[84.428,27.371],[84.426,27.372],[84.424,27.372],[84.422,27.371],[84.42,27.37],[84.417,27.37],[84.414,27.371],[84.413,27.369],[84.41,27.369],[84.408,27.37],[84.405,27.37],[84.404,27.37],[84.4,27.37],[84.398,27.37],[84.396,27.37],[84.393,27.368],[84.391,27.369],[84.389,27.372],[84.386,27.373],[84.383,27.374],[84.377,27.375],[84.374,27.376],[84.372,27.376],[84.366,27.375],[84.358,27.374],[84.356,27.374],[84.353,27.374],[84.346,27.375],[84.341,27.377],[84.338,27.378],[84.335,27.377],[84.332,27.378],[84.332,27.378],[84.331,27.379],[84.327,27.38],[84.323,27.381],[84.321,27.382],[84.319,27.382],[84.316,27.384],[84.313,27.385],[84.311,27.387],[84.31,27.387],[84.306,27.388],[84.303,27.389],[84.301,27.39],[84.299,27.389],[84.297,27.388],[84.295,27.385],[84.292,27.385],[84.291,27.386],[84.289,27.388],[84.288,27.389],[84.286,27.391],[84.285,27.393],[84.283,27.395],[84.282,27.397],[84.279,27.396],[84.276,27.396],[84.276,27.399],[84.276,27.401],[84.277,27.403],[84.278,27.405],[84.279,27.408],[84.278,27.412],[84.278,27.416],[84.276,27.418],[84.273,27.423],[84.272,27.427],[84.272,27.429],[84.268,27.432],[84.266,27.434],[84.265,27.435],[84.263,27.435],[84.261,27.437],[84.259,27.438],[84.258,27.441],[84.259,27.444],[84.259,27.447],[84.255,27.449],[84.254,27.452],[84.254,27.453],[84.249,27.453],[84.247,27.453],[84.245,27.455],[84.243,27.455],[84.241,27.454],[84.24,27.453],[84.237,27.453],[84.235,27.454],[84.233,27.455],[84.231,27.456],[84.23,27.454],[84.229,27.453],[84.227,27.451],[84.224,27.45],[84.223,27.449],[84.221,27.447],[84.221,27.444],[84.221,27.442],[84.22,27.44],[84.217,27.442],[84.213,27.441],[84.211,27.442],[84.208,27.443],[84.207,27.445],[84.207,27.447],[84.208,27.451],[84.208,27.453],[84.207,27.454],[84.208,27.455],[84.208,27.457],[84.206,27.458],[84.204,27.459],[84.206,27.462],[84.208,27.464],[84.209,27.466],[84.208,27.467],[84.206,27.47],[84.201,27.471],[84.198,27.472],[84.196,27.472],[84.195,27.473],[84.194,27.473],[84.192,27.471],[84.191,27.469],[84.191,27.47],[84.189,27.472],[84.187,27.472],[84.184,27.473],[84.182,27.474],[84.18,27.475],[84.179,27.474],[84.177,27.474],[84.175,27.474],[84.174,27.476],[84.172,27.476],[84.171,27.477],[84.171,27.479],[84.168,27.48],[84.167,27.48],[84.167,27.482],[84.164,27.484],[84.162,27.484],[84.159,27.484],[84.157,27.484],[84.155,27.484],[84.153,27.485],[84.151,27.486],[84.15,27.486],[84.149,27.487],[84.148,27.49],[84.147,27.491],[84.145,27.493],[84.146,27.495],[84.145,27.496],[84.145,27.498],[84.149,27.5],[84.15,27.501],[84.149,27.503],[84.149,27.503],[84.149,27.505],[84.15,27.507],[84.151,27.51],[84.151,27.51],[84.15,27.512],[84.15,27.513],[84.151,27.515],[84.151,27.517],[84.149,27.517],[84.147,27.518],[84.145,27.519],[84.144,27.517],[84.142,27.518],[84.14,27.518],[84.138,27.518],[84.137,27.516],[84.135,27.515],[84.134,27.515],[84.132,27.513],[84.13,27.512],[84.129,27.512],[84.127,27.512],[84.125,27.512],[84.123,27.512],[84.121,27.513],[84.119,27.513],[84.117,27.514],[84.117,27.517],[84.117,27.519],[84.113,27.52],[84.111,27.519],[84.108,27.522],[84.103,27.519],[84.098,27.516],[84.099,27.512],[84.1,27.51],[84.099,27.508],[84.098,27.505],[84.097,27.505],[84.098,27.504],[84.099,27.503],[84.098,27.501],[84.098,27.5],[84.097,27.497],[84.096,27.494],[84.096,27.49],[84.094,27.489],[84.091,27.489],[84.091,27.486],[84.09,27.486],[84.087,27.485],[84.085,27.484],[84.084,27.483],[84.082,27.484],[84.079,27.484],[84.077,27.483],[84.075,27.483],[84.075,27.481],[84.073,27.481],[84.071,27.481],[84.071,27.482],[84.069,27.48],[84.069,27.477],[84.068,27.474],[84.067,27.473],[84.067,27.47],[84.065,27.469],[84.063,27.468],[84.062,27.466],[84.061,27.464],[84.061,27.462],[84.059,27.462],[84.059,27.46],[84.06,27.458],[84.062,27.456],[84.059,27.454],[84.058,27.453],[84.058,27.451],[84.055,27.449],[84.054,27.448],[84.053,27.446],[84.053,27.444],[84.052,27.443],[84.048,27.443],[84.043,27.443],[84.043,27.442],[84.042,27.443],[84.039,27.443],[84.037,27.442],[84.035,27.441],[84.034,27.442],[84.033,27.441],[84.032,27.442],[84.031,27.439],[84.029,27.44],[84.026,27.439],[84.026,27.438],[84.027,27.436],[84.027,27.434],[84.025,27.434],[84.023,27.433],[84.02,27.435],[84.018,27.436],[84.016,27.435],[84.013,27.437],[84.012,27.439],[84.011,27.438],[84.009,27.438],[84.008,27.44],[84.007,27.441],[84.006,27.44],[84.006,27.441],[84.005,27.442],[84.004,27.441],[84.003,27.442],[84.002,27.442],[84.001,27.44],[83.999,27.442],[83.999,27.441],[83.998,27.441],[83.997,27.443],[83.997,27.445],[83.996,27.446],[83.992,27.444],[83.988,27.444],[83.985,27.444],[83.98,27.441],[83.978,27.439],[83.978,27.441],[83.976,27.443],[83.973,27.442],[83.972,27.443],[83.97,27.445],[83.967,27.446],[83.965,27.446],[83.961,27.444],[83.957,27.443],[83.95,27.442],[83.945,27.442],[83.943,27.444],[83.944,27.446],[83.943,27.447],[83.938,27.449],[83.933,27.449],[83.932,27.45],[83.936,27.451],[83.938,27.454],[83.94,27.456],[83.941,27.458],[83.942,27.459],[83.943,27.462],[83.944,27.464],[83.944,27.471],[83.94,27.485],[83.939,27.492],[83.957,27.5],[83.961,27.502],[83.965,27.505],[83.968,27.508],[83.969,27.513],[83.968,27.518],[83.964,27.524],[83.959,27.526],[83.956,27.527],[83.952,27.527],[83.95,27.525],[83.948,27.521],[83.946,27.519],[83.94,27.515],[83.934,27.513],[83.931,27.513],[83.929,27.513],[83.926,27.514],[83.923,27.517],[83.922,27.52],[83.922,27.522],[83.922,27.525],[83.92,27.527],[83.919,27.536],[83.919,27.539],[83.921,27.542],[83.924,27.545],[83.929,27.545],[83.933,27.545],[83.937,27.543],[83.942,27.541],[83.946,27.54],[83.951,27.541],[83.955,27.545],[83.957,27.548],[83.961,27.549],[83.965,27.55],[83.969,27.551],[83.975,27.55],[83.979,27.547],[83.981,27.546],[83.984,27.544],[83.988,27.544],[83.991,27.544],[83.996,27.544],[83.999,27.546],[84.002,27.545],[84.01,27.543],[84.015,27.54],[84.022,27.538],[84.028,27.537],[84.034,27.538],[84.039,27.541],[84.041,27.544],[84.043,27.551],[84.048,27.555],[84.056,27.556],[84.061,27.553],[84.065,27.551],[84.068,27.554],[84.075,27.56],[84.085,27.557],[84.093,27.554],[84.103,27.553],[84.109,27.552],[84.114,27.553],[84.118,27.555],[84.12,27.56],[84.122,27.562],[84.124,27.564],[84.126,27.566],[84.126,27.571],[84.127,27.573],[84.13,27.577],[84.132,27.58],[84.133,27.582],[84.135,27.584],[84.137,27.586],[84.139,27.587],[84.143,27.59],[84.145,27.592],[84.146,27.594],[84.149,27.597],[84.153,27.599],[84.156,27.601],[84.159,27.603],[84.164,27.606],[84.166,27.609],[84.168,27.61],[84.17,27.613],[84.175,27.618],[84.177,27.62],[84.181,27.622],[84.183,27.623],[84.186,27.625],[84.188,27.627],[84.191,27.629],[84.194,27.63],[84.198,27.632],[84.202,27.635],[84.204,27.637],[84.208,27.639],[84.212,27.641],[84.215,27.642],[84.219,27.644],[84.226,27.645],[84.231,27.646],[84.234,27.649],[84.238,27.65],[84.242,27.652],[84.247,27.653],[84.249,27.654],[84.252,27.653],[84.255,27.652],[84.258,27.651],[84.26,27.654],[84.262,27.656],[84.265,27.658],[84.267,27.66],[84.27,27.663],[84.274,27.663],[84.276,27.664],[84.28,27.665],[84.284,27.666],[84.288,27.667],[84.291,27.668],[84.293,27.669],[84.297,27.671],[84.301,27.673],[84.304,27.675],[84.307,27.677],[84.309,27.677],[84.311,27.679],[84.314,27.68],[84.317,27.682],[84.321,27.684],[84.323,27.687],[84.324,27.689],[84.324,27.691],[84.325,27.693],[84.329,27.696],[84.332,27.697],[84.336,27.698],[84.341,27.701],[84.345,27.703],[84.349,27.703],[84.352,27.702],[84.356,27.701],[84.36,27.699],[84.362,27.696],[84.363,27.693],[84.364,27.69],[84.365,27.688],[84.367,27.687],[84.368,27.686],[84.371,27.685],[84.373,27.683],[84.375,27.682],[84.379,27.681],[84.38,27.682],[84.384,27.684],[84.389,27.686],[84.39,27.687],[84.394,27.689],[84.396,27.69],[84.399,27.692],[84.404,27.694],[84.406,27.696],[84.41,27.697],[84.414,27.699],[84.418,27.7],[84.421,27.701],[84.424,27.702],[84.427,27.703],[84.429,27.705],[84.431,27.707],[84.431,27.71],[84.43,27.714],[84.429,27.717],[84.428,27.721],[84.427,27.725],[84.426,27.727],[84.426,27.73],[84.425,27.733],[84.424,27.736],[84.422,27.739],[84.422,27.741],[84.424,27.742],[84.429,27.742],[84.432,27.741],[84.436,27.742],[84.439,27.745],[84.441,27.748],[84.442,27.75],[84.444,27.751],[84.446,27.755],[84.449,27.758],[84.454,27.76],[84.457,27.76],[84.46,27.758],[84.463,27.755],[84.466,27.753],[84.469,27.752],[84.472,27.753],[84.472,27.756],[84.471,27.759],[84.469,27.763],[84.467,27.767],[84.465,27.77],[84.461,27.774],[84.456,27.776],[84.453,27.777],[84.449,27.778],[84.445,27.778],[84.442,27.778],[84.438,27.779],[84.435,27.782],[84.433,27.785],[84.431,27.788],[84.43,27.789],[84.43,27.793],[84.431,27.797],[84.431,27.802],[84.431,27.806],[84.432,27.809],[84.432,27.813],[84.435,27.815],[84.44,27.817],[84.442,27.82],[84.445,27.823],[84.448,27.823],[84.451,27.822],[84.453,27.821],[84.455,27.82],[84.456,27.82],[84.461,27.82],[84.465,27.819],[84.466,27.82],[84.466,27.822],[84.466,27.824],[84.469,27.824],[84.47,27.824],[84.474,27.824],[84.479,27.822],[84.481,27.822],[84.486,27.821],[84.489,27.821],[84.491,27.82],[84.494,27.819],[84.496,27.821],[84.498,27.82],[84.503,27.82],[84.506,27.818],[84.511,27.816],[84.517,27.816],[84.518,27.817],[84.52,27.821],[84.52,27.826],[84.52,27.828],[84.521,27.831],[84.523,27.833],[84.527,27.834],[84.529,27.834],[84.532,27.833],[84.537,27.833],[84.539,27.834],[84.54,27.834],[84.541,27.833],[84.544,27.832],[84.548,27.832],[84.55,27.833],[84.553,27.835],[84.556,27.836],[84.557,27.839],[84.557,27.842],[84.558,27.844],[84.558,27.848],[84.557,27.851],[84.557,27.854],[84.558,27.857],[84.559,27.858],[84.564,27.858],[84.568,27.859],[84.571,27.861],[84.574,27.862],[84.576,27.864],[84.577,27.865],[84.577,27.869],[84.577,27.872],[84.581,27.875],[84.582,27.875],[84.585,27.877],[84.587,27.878],[84.589,27.879],[84.592,27.879],[84.594,27.877],[84.596,27.876],[84.6,27.876],[84.603,27.876],[84.604,27.875],[84.605,27.872],[84.607,27.872],[84.611,27.872],[84.614,27.873],[84.614,27.875],[84.615,27.877],[84.618,27.879],[84.62,27.881],[84.623,27.88],[84.625,27.88],[84.627,27.877],[84.627,27.875],[84.627,27.873],[84.63,27.87],[84.632,27.87],[84.634,27.868],[84.634,27.866],[84.634,27.862],[84.636,27.86],[84.638,27.86],[84.641,27.86],[84.644,27.86],[84.647,27.86],[84.65,27.859],[84.649,27.857],[84.647,27.855],[84.648,27.853],[84.651,27.852],[84.655,27.852],[84.658,27.851],[84.661,27.849],[84.662,27.846],[84.663,27.843],[84.664,27.839],[84.663,27.835],[84.661,27.832],[84.661,27.829],[84.665,27.826],[84.667,27.824],[84.667,27.821],[84.668,27.819],[84.671,27.817],[84.673,27.817],[84.676,27.816],[84.678,27.815],[84.68,27.814],[84.682,27.812],[84.684,27.811],[84.686,27.81],[84.688,27.81],[84.69,27.81],[84.694,27.809],[84.698,27.808],[84.702,27.808],[84.704,27.807],[84.706,27.807],[84.708,27.806],[84.708,27.803],[84.71,27.801],[84.713,27.8],[84.716,27.802],[84.719,27.804],[84.72,27.803],[84.722,27.801],[84.724,27.801],[84.726,27.8],[84.727,27.8],[84.729,27.798],[84.73,27.796],[84.733,27.796],[84.736,27.798],[84.737,27.8],[84.738,27.804],[84.74,27.804],[84.745,27.804],[84.747,27.806],[84.749,27.805],[84.753,27.806],[84.757,27.811],[84.758,27.815],[84.763,27.818],[84.769,27.816],[84.769,27.812],[84.774,27.808],[84.777,27.81],[84.782,27.813],[84.778,27.818],[84.775,27.822],[84.773,27.827],[84.775,27.833],[84.775,27.837],[84.772,27.838],[84.77,27.842],[84.768,27.843],[84.768,27.848],[84.768,27.852],[84.765,27.855],[84.765,27.859],[84.762,27.86],[84.757,27.861],[84.754,27.866],[84.755,27.869],[84.752,27.875],[84.748,27.878],[84.746,27.881],[84.748,27.884],[84.748,27.887],[84.746,27.888],[84.743,27.889],[84.742,27.89],[84.74,27.89],[84.738,27.891],[84.736,27.892],[84.737,27.897],[84.736,27.9],[84.735,27.903],[84.733,27.907],[84.734,27.91],[84.735,27.913],[84.735,27.915],[84.734,27.918],[84.734,27.92],[84.734,27.923],[84.733,27.925],[84.732,27.926],[84.733,27.927],[84.735,27.928],[84.737,27.929],[84.736,27.931],[84.734,27.931],[84.734,27.934],[84.737,27.935],[84.739,27.937],[84.74,27.939],[84.74,27.941],[84.741,27.947],[84.742,27.949],[84.745,27.952],[84.746,27.955],[84.746,27.958],[84.746,27.96],[84.747,27.961],[84.753,27.962],[84.759,27.965],[84.767,27.967],[84.775,27.971],[84.771,27.976],[84.774,27.977],[84.777,27.978],[84.779,27.981],[84.783,27.983],[84.785,27.987],[84.788,27.994],[84.79,27.998],[84.796,27.998],[84.797,28.0],[84.797,28.002],[84.802,28.001],[84.808,28.002],[84.812,28.004],[84.813,28.009],[84.81,28.013],[84.81,28.019],[84.813,28.022],[84.812,28.025],[84.813,28.03],[84.81,28.034],[84.81,28.039],[84.812,28.042],[84.815,28.046],[84.818,28.048],[84.82,28.056],[84.821,28.06],[84.821,28.063],[84.823,28.065],[84.825,28.069],[84.827,28.073],[84.829,28.077],[84.83,28.082],[84.832,28.085],[84.832,28.089],[84.833,28.091],[84.836,28.094],[84.837,28.097],[84.838,28.101],[84.838,28.106],[84.842,28.111],[84.842,28.115],[84.848,28.118],[84.854,28.122],[84.858,28.121],[84.86,28.121],[84.865,28.121],[84.87,28.12],[84.871,28.118],[84.874,28.116],[84.879,28.113],[84.883,28.111],[84.885,28.107],[84.886,28.105],[84.889,28.103],[84.893,28.1],[84.896,28.103],[84.902,28.106],[84.907,28.105],[84.912,28.104],[84.914,28.103],[84.918,28.103],[84.921,28.105],[84.921,28.108],[84.921,28.111],[84.921,28.116],[84.923,28.119],[84.925,28.121],[84.929,28.126],[84.934,28.126],[84.94,28.125],[84.942,28.123],[84.947,28.124],[84.952,28.124],[84.956,28.126],[84.957,28.128],[84.957,28.132],[84.958,28.135],[84.957,28.139],[84.954,28.143],[84.958,28.147],[84.957,28.151],[84.957,28.156],[84.961,28.16],[84.961,28.165],[84.962,28.169],[84.965,28.174],[84.965,28.179],[84.967,28.185],[84.971,28.188],[84.973,28.191],[84.971,28.198],[84.968,28.202],[84.966,28.206],[84.963,28.211],[84.964,28.216],[84.967,28.219],[84.969,28.222],[84.977,28.227],[84.98,28.231],[84.985,28.236],[84.987,28.24],[84.992,28.245],[84.996,28.242],[84.999,28.242],[85.0,28.245],[85.002,28.249],[85.001,28.252],[85.006,28.256],[85.018,28.259],[85.028,28.262],[85.03,28.271],[85.034,28.283],[85.038,28.292],[85.033,28.303],[85.04,28.31],[85.042,28.318],[85.046,28.324],[85.052,28.326],[85.067,28.339],[85.073,28.342],[85.084,28.346],[85.091,28.345],[85.108,28.347],[85.114,28.342],[85.124,28.336],[85.131,28.337],[85.135,28.332],[85.141,28.33],[85.154,28.331],[85.163,28.332],[85.171,28.329],[85.18,28.325],[85.184,28.326],[85.194,28.333],[85.201,28.341],[85.213,28.334],[85.223,28.328],[85.23,28.323],[85.239,28.32],[85.244,28.314],[85.247,28.305],[85.248,28.302],[85.251,28.301],[85.253,28.299],[85.255,28.295],[85.256,28.295],[85.262,28.296],[85.266,28.298],[85.269,28.298],[85.272,28.296],[85.274,28.293],[85.273,28.29],[85.278,28.288],[85.288,28.288],[85.293,28.288],[85.295,28.29],[85.299,28.291],[85.302,28.29],[85.305,28.291],[85.31,28.292],[85.316,28.293],[85.322,28.296],[85.325,28.299],[85.33,28.3],[85.336,28.302],[85.34,28.304],[85.344,28.303],[85.348,28.302],[85.348,28.299],[85.348,28.296],[85.347,28.291],[85.348,28.289],[85.353,28.287],[85.357,28.287],[85.362,28.286],[85.365,28.286],[85.369,28.286],[85.374,28.284],[85.377,28.28],[85.379,28.279],[85.382,28.282],[85.387,28.286],[85.392,28.289],[85.395,28.292],[85.397,28.296],[85.399,28.299],[85.402,28.301],[85.406,28.304],[85.409,28.306],[85.411,28.308],[85.413,28.312],[85.414,28.317],[85.413,28.321],[85.414,28.325],[85.415,28.327],[85.42,28.329],[85.427,28.33],[85.432,28.331],[85.435,28.334],[85.44,28.335],[85.446,28.336],[85.451,28.335],[85.455,28.336],[85.458,28.337],[85.462,28.336],[85.466,28.336],[85.47,28.334],[85.473,28.334],[85.477,28.333],[85.479,28.333],[85.484,28.333],[85.486,28.331],[85.491,28.331],[85.494,28.332],[85.497,28.333],[85.5,28.333],[85.515,28.332],[85.53,28.326],[85.54,28.319],[85.548,28.315],[85.558,28.311],[85.567,28.31],[85.577,28.31],[85.582,28.306],[85.597,28.306],[85.599,28.302],[85.597,28.291],[85.599,28.285],[85.603,28.268],[85.607,28.258],[85.614,28.26],[85.626,28.266],[85.635,28.274],[85.641,28.281],[85.646,28.291],[85.656,28.299],[85.661,28.306],[85.654,28.316],[85.659,28.326],[85.664,28.331],[85.666,28.346],[85.668,28.349],[85.685,28.346],[85.685,28.363],[85.684,28.382],[85.694,28.385],[85.703,28.385],[85.711,28.386],[85.712,28.386]]]]}},{"type":"Feature","properties":{"PROVINCE":"Gandaki","PCODE":"NP04"},"geometry":{"type":"MultiPolygon","coordinates":[[[[83.964,29.331],[83.967,29.331],[83.97,29.33],[83.975,29.329],[83.978,29.328],[83.981,29.326],[83.985,29.324],[83.987,29.322],[83.99,29.321],[83.993,29.319],[83.995,29.317],[83.998,29.316],[83.999,29.314],[84.0,29.313],[84.001,29.312],[84.001,29.311],[84.001,29.31],[84.001,29.309],[84.001,29.308],[84.0,29.308],[84.0,29.307],[83.997,29.305],[83.994,29.304],[83.992,29.303],[83.989,29.303],[83.988,29.3],[83.99,29.298],[83.994,29.298],[83.996,29.297],[83.998,29.296],[83.999,29.295],[84.0,29.295],[84.002,29.295],[84.003,29.296],[84.005,29.296],[84.006,29.296],[84.008,29.295],[84.009,29.295],[84.01,29.295],[84.011,29.294],[84.012,29.293],[84.013,29.293],[84.013,29.292],[84.014,29.291],[84.015,29.29],[84.016,29.289],[84.018,29.289],[84.019,29.29],[84.021,29.29],[84.022,29.289],[84.023,29.289],[84.025,29.288],[84.026,29.287],[84.026,29.286],[84.027,29.287],[84.028,29.289],[84.028,29.29],[84.029,29.291],[84.029,29.293],[84.031,29.294],[84.032,29.294],[84.033,29.295],[84.034,29.296],[84.036,29.296],[84.037,29.297],[84.039,29.298],[84.041,29.3],[84.042,29.301],[84.044,29.301],[84.045,29.3],[84.047,29.3],[84.048,29.299],[84.051,29.298],[84.053,29.298],[84.053,29.296],[84.053,29.295],[84.053,29.294],[84.055,29.293],[84.055,29.292],[84.056,29.29],[84.058,29.29],[84.06,29.29],[84.061,29.29],[84.063,29.29],[84.065,29.289],[84.066,29.288],[84.068,29.286],[84.069,29.285],[84.07,29.285],[84.072,29.285],[84.074,29.286],[84.076,29.287],[84.078,29.288],[84.08,29.288],[84.081,29.289],[84.082,29.291],[84.084,29.292],[84.085,29.293],[84.086,29.295],[84.087,29.295],[84.089,29.294],[84.091,29.294],[84.093,29.293],[84.096,29.292],[84.097,29.291],[84.1,29.291],[84.101,29.289],[84.102,29.288],[84.102,29.287],[84.104,29.286],[84.105,29.286],[84.107,29.285],[84.109,29.285],[84.111,29.283],[84.112,29.282],[84.114,29.281],[84.115,29.28],[84.117,29.279],[84.118,29.279],[84.12,29.28],[84.12,29.28],[84.119,29.279],[84.118,29.278],[84.118,29.277],[84.118,29.276],[84.119,29.275],[84.12,29.274],[84.121,29.274],[84.122,29.273],[84.122,29.271],[84.121,29.27],[84.12,29.269],[84.12,29.268],[84.12,29.266],[84.119,29.265],[84.118,29.265],[84.116,29.264],[84.115,29.264],[84.113,29.263],[84.112,29.263],[84.113,29.262],[84.113,29.261],[84.114,29.26],[84.115,29.259],[84.115,29.258],[84.114,29.256],[84.113,29.255],[84.112,29.254],[84.113,29.253],[84.113,29.252],[84.113,29.25],[84.112,29.248],[84.117,29.244],[84.12,29.245],[84.125,29.244],[84.131,29.242],[84.135,29.239],[84.141,29.236],[84.144,29.238],[84.15,29.24],[84.155,29.242],[84.162,29.241],[84.168,29.241],[84.172,29.24],[84.175,29.238],[84.179,29.238],[84.182,29.241],[84.187,29.243],[84.193,29.244],[84.196,29.242],[84.201,29.24],[84.203,29.237],[84.199,29.231],[84.198,29.225],[84.198,29.221],[84.199,29.217],[84.198,29.213],[84.192,29.21],[84.188,29.206],[84.184,29.207],[84.179,29.207],[84.176,29.204],[84.173,29.201],[84.169,29.2],[84.166,29.196],[84.165,29.193],[84.166,29.189],[84.162,29.185],[84.165,29.181],[84.167,29.177],[84.168,29.173],[84.168,29.17],[84.166,29.165],[84.167,29.161],[84.168,29.157],[84.172,29.152],[84.174,29.146],[84.173,29.142],[84.174,29.137],[84.174,29.132],[84.177,29.129],[84.182,29.128],[84.188,29.126],[84.193,29.125],[84.2,29.125],[84.201,29.121],[84.2,29.115],[84.201,29.109],[84.202,29.104],[84.199,29.101],[84.197,29.099],[84.195,29.097],[84.195,29.092],[84.191,29.086],[84.188,29.083],[84.188,29.078],[84.186,29.074],[84.187,29.07],[84.188,29.067],[84.189,29.062],[84.189,29.056],[84.19,29.051],[84.19,29.047],[84.195,29.046],[84.199,29.048],[84.204,29.051],[84.208,29.052],[84.212,29.053],[84.218,29.054],[84.223,29.053],[84.228,29.051],[84.233,29.047],[84.237,29.044],[84.242,29.045],[84.245,29.041],[84.248,29.037],[84.247,29.029],[84.246,29.011],[84.243,29.007],[84.242,29.003],[84.241,29.0],[84.239,28.997],[84.241,28.994],[84.24,28.991],[84.238,28.988],[84.239,28.985],[84.239,28.983],[84.24,28.98],[84.242,28.977],[84.241,28.974],[84.239,28.972],[84.239,28.969],[84.237,28.968],[84.235,28.968],[84.235,28.964],[84.233,28.962],[84.231,28.958],[84.231,28.955],[84.231,28.953],[84.23,28.95],[84.229,28.946],[84.227,28.942],[84.226,28.942],[84.226,28.938],[84.225,28.934],[84.225,28.93],[84.225,28.926],[84.223,28.924],[84.223,28.921],[84.221,28.918],[84.221,28.913],[84.223,28.908],[84.225,28.904],[84.225,28.901],[84.225,28.897],[84.227,28.893],[84.231,28.892],[84.236,28.892],[84.239,28.891],[84.243,28.891],[84.249,28.891],[84.252,28.89],[84.255,28.891],[84.256,28.893],[84.259,28.896],[84.262,28.897],[84.265,28.898],[84.268,28.895],[84.27,28.894],[84.272,28.893],[84.272,28.891],[84.273,28.889],[84.275,28.886],[84.277,28.886],[84.28,28.885],[84.283,28.883],[84.286,28.881],[84.287,28.879],[84.289,28.876],[84.293,28.874],[84.298,28.873],[84.301,28.872],[84.305,28.871],[84.309,28.869],[84.312,28.869],[84.315,28.87],[84.318,28.869],[84.321,28.868],[84.322,28.866],[84.324,28.863],[84.327,28.862],[84.329,28.863],[84.332,28.864],[84.335,28.866],[84.335,28.868],[84.338,28.871],[84.342,28.873],[84.345,28.872],[84.347,28.869],[84.35,28.867],[84.351,28.866],[84.353,28.864],[84.356,28.862],[84.357,28.859],[84.36,28.86],[84.363,28.861],[84.366,28.862],[84.369,28.861],[84.371,28.862],[84.374,28.864],[84.377,28.864],[84.38,28.863],[84.382,28.862],[84.386,28.861],[84.389,28.861],[84.391,28.861],[84.395,28.859],[84.398,28.858],[84.402,28.856],[84.406,28.854],[84.409,28.853],[84.409,28.849],[84.409,28.847],[84.408,28.844],[84.406,28.842],[84.403,28.84],[84.4,28.838],[84.4,28.835],[84.401,28.832],[84.401,28.83],[84.405,28.83],[84.408,28.829],[84.412,28.829],[84.415,28.831],[84.418,28.832],[84.421,28.83],[84.422,28.829],[84.424,28.827],[84.427,28.824],[84.429,28.823],[84.432,28.822],[84.435,28.821],[84.434,28.82],[84.432,28.816],[84.43,28.814],[84.43,28.813],[84.431,28.81],[84.431,28.806],[84.432,28.803],[84.432,28.801],[84.435,28.799],[84.438,28.797],[84.44,28.795],[84.443,28.794],[84.445,28.793],[84.444,28.791],[84.444,28.788],[84.445,28.785],[84.446,28.783],[84.444,28.78],[84.441,28.777],[84.439,28.776],[84.437,28.773],[84.437,28.77],[84.438,28.769],[84.441,28.768],[84.444,28.767],[84.447,28.766],[84.45,28.765],[84.452,28.765],[84.453,28.762],[84.455,28.76],[84.457,28.758],[84.458,28.756],[84.459,28.753],[84.461,28.751],[84.464,28.752],[84.467,28.751],[84.47,28.75],[84.472,28.749],[84.473,28.749],[84.474,28.748],[84.476,28.747],[84.478,28.747],[84.48,28.747],[84.482,28.746],[84.482,28.744],[84.483,28.743],[84.485,28.741],[84.487,28.739],[84.488,28.737],[84.489,28.736],[84.491,28.735],[84.496,28.739],[84.501,28.743],[84.507,28.745],[84.513,28.747],[84.518,28.747],[84.524,28.744],[84.529,28.743],[84.534,28.745],[84.54,28.744],[84.544,28.746],[84.551,28.75],[84.557,28.752],[84.557,28.749],[84.559,28.745],[84.566,28.742],[84.57,28.738],[84.575,28.735],[84.581,28.735],[84.588,28.735],[84.596,28.736],[84.602,28.734],[84.607,28.734],[84.614,28.736],[84.62,28.736],[84.625,28.736],[84.631,28.732],[84.637,28.73],[84.644,28.725],[84.646,28.719],[84.651,28.714],[84.65,28.708],[84.651,28.702],[84.657,28.7],[84.663,28.696],[84.667,28.694],[84.669,28.689],[84.668,28.684],[84.673,28.681],[84.68,28.678],[84.686,28.679],[84.692,28.677],[84.695,28.673],[84.701,28.672],[84.705,28.671],[84.701,28.664],[84.701,28.66],[84.698,28.656],[84.699,28.651],[84.701,28.646],[84.699,28.642],[84.696,28.637],[84.701,28.635],[84.705,28.634],[84.711,28.633],[84.716,28.631],[84.722,28.628],[84.723,28.623],[84.729,28.62],[84.733,28.619],[84.737,28.617],[84.743,28.617],[84.747,28.618],[84.75,28.616],[84.751,28.616],[84.753,28.615],[84.755,28.614],[84.757,28.614],[84.759,28.614],[84.76,28.613],[84.762,28.613],[84.763,28.613],[84.765,28.612],[84.767,28.611],[84.768,28.611],[84.77,28.61],[84.771,28.61],[84.773,28.611],[84.774,28.61],[84.776,28.61],[84.777,28.61],[84.779,28.61],[84.781,28.61],[84.782,28.609],[84.784,28.608],[84.786,28.607],[84.788,28.606],[84.79,28.605],[84.793,28.604],[84.795,28.602],[84.796,28.602],[84.798,28.601],[84.8,28.6],[84.802,28.599],[84.803,28.598],[84.805,28.597],[84.807,28.596],[84.81,28.595],[84.812,28.594],[84.813,28.593],[84.815,28.592],[84.817,28.591],[84.82,28.59],[84.822,28.588],[84.824,28.587],[84.828,28.586],[84.83,28.585],[84.831,28.584],[84.834,28.582],[84.836,28.582],[84.838,28.579],[84.839,28.58],[84.841,28.579],[84.843,28.578],[84.845,28.577],[84.846,28.576],[84.848,28.576],[84.849,28.575],[84.851,28.574],[84.852,28.573],[84.854,28.572],[84.855,28.572],[84.857,28.571],[84.857,28.572],[84.858,28.573],[84.86,28.575],[84.86,28.576],[84.861,28.577],[84.862,28.578],[84.864,28.578],[84.864,28.579],[84.865,28.58],[84.866,28.581],[84.867,28.581],[84.868,28.582],[84.869,28.583],[84.87,28.582],[84.872,28.581],[84.873,28.581],[84.875,28.581],[84.876,28.581],[84.878,28.582],[84.879,28.582],[84.881,28.583],[84.883,28.583],[84.885,28.583],[84.886,28.583],[84.888,28.585],[84.889,28.587],[84.89,28.588],[84.891,28.589],[84.892,28.589],[84.893,28.59],[84.895,28.59],[84.897,28.59],[84.899,28.59],[84.9,28.591],[84.9,28.592],[84.901,28.593],[84.902,28.593],[84.904,28.591],[84.904,28.59],[84.905,28.589],[84.906,28.588],[84.908,28.588],[84.909,28.588],[84.911,28.589],[84.912,28.589],[84.913,28.59],[84.915,28.591],[84.916,28.592],[84.918,28.593],[84.918,28.594],[84.919,28.595],[84.921,28.595],[84.922,28.595],[84.924,28.594],[84.926,28.594],[84.928,28.594],[84.929,28.594],[84.931,28.594],[84.932,28.594],[84.934,28.594],[84.935,28.594],[84.937,28.595],[84.938,28.596],[84.939,28.596],[84.941,28.595],[84.942,28.595],[84.944,28.595],[84.946,28.595],[84.946,28.594],[84.947,28.592],[84.947,28.591],[84.947,28.59],[84.947,28.589],[84.947,28.588],[84.947,28.587],[84.948,28.586],[84.948,28.584],[84.949,28.583],[84.949,28.581],[84.949,28.58],[84.95,28.581],[84.952,28.581],[84.954,28.582],[84.955,28.583],[84.956,28.583],[84.959,28.585],[84.961,28.585],[84.963,28.586],[84.964,28.586],[84.965,28.587],[84.967,28.587],[84.968,28.586],[84.97,28.587],[84.972,28.587],[84.972,28.588],[84.973,28.589],[84.974,28.59],[84.976,28.59],[84.978,28.59],[84.98,28.59],[84.982,28.591],[84.984,28.592],[84.985,28.593],[84.986,28.594],[84.988,28.594],[84.989,28.595],[84.99,28.597],[84.991,28.598],[84.992,28.599],[84.993,28.6],[84.992,28.601],[84.991,28.602],[84.989,28.603],[84.988,28.603],[84.987,28.604],[84.986,28.605],[84.986,28.607],[84.987,28.608],[84.987,28.61],[84.988,28.611],[84.989,28.613],[84.99,28.613],[84.99,28.614],[84.992,28.615],[84.993,28.616],[84.994,28.617],[84.995,28.618],[84.996,28.619],[84.999,28.622],[85.001,28.624],[85.001,28.626],[85.003,28.628],[85.003,28.629],[85.004,28.63],[85.006,28.631],[85.007,28.633],[85.008,28.635],[85.009,28.637],[85.009,28.637],[85.011,28.637],[85.013,28.638],[85.014,28.639],[85.016,28.639],[85.017,28.64],[85.019,28.642],[85.02,28.644],[85.021,28.646],[85.023,28.648],[85.023,28.649],[85.025,28.65],[85.027,28.651],[85.028,28.653],[85.03,28.655],[85.031,28.656],[85.033,28.657],[85.036,28.657],[85.038,28.658],[85.04,28.658],[85.041,28.661],[85.041,28.662],[85.041,28.664],[85.041,28.666],[85.041,28.668],[85.041,28.669],[85.044,28.669],[85.046,28.669],[85.049,28.669],[85.05,28.67],[85.052,28.67],[85.052,28.672],[85.053,28.673],[85.054,28.675],[85.054,28.677],[85.055,28.678],[85.054,28.68],[85.055,28.681],[85.057,28.682],[85.06,28.682],[85.061,28.681],[85.063,28.68],[85.065,28.68],[85.068,28.68],[85.07,28.679],[85.073,28.678],[85.075,28.675],[85.077,28.674],[85.079,28.673],[85.08,28.672],[85.083,28.671],[85.085,28.671],[85.087,28.671],[85.089,28.672],[85.091,28.674],[85.092,28.676],[85.093,28.677],[85.094,28.678],[85.096,28.679],[85.098,28.68],[85.1,28.681],[85.102,28.682],[85.104,28.682],[85.107,28.683],[85.108,28.683],[85.11,28.683],[85.112,28.684],[85.113,28.686],[85.114,28.687],[85.117,28.686],[85.119,28.684],[85.121,28.683],[85.122,28.682],[85.124,28.681],[85.126,28.68],[85.129,28.679],[85.131,28.677],[85.133,28.675],[85.133,28.673],[85.134,28.672],[85.134,28.669],[85.135,28.667],[85.137,28.666],[85.14,28.665],[85.142,28.663],[85.144,28.662],[85.146,28.661],[85.145,28.659],[85.145,28.657],[85.147,28.655],[85.148,28.654],[85.15,28.652],[85.152,28.651],[85.154,28.649],[85.155,28.647],[85.156,28.646],[85.157,28.645],[85.157,28.643],[85.159,28.643],[85.161,28.643],[85.163,28.643],[85.165,28.644],[85.167,28.644],[85.17,28.644],[85.174,28.644],[85.176,28.645],[85.177,28.645],[85.179,28.645],[85.18,28.644],[85.181,28.644],[85.183,28.643],[85.186,28.642],[85.188,28.642],[85.188,28.64],[85.187,28.638],[85.187,28.637],[85.186,28.635],[85.186,28.634],[85.185,28.632],[85.187,28.631],[85.19,28.631],[85.192,28.631],[85.193,28.63],[85.195,28.629],[85.197,28.628],[85.198,28.627],[85.198,28.625],[85.197,28.623],[85.197,28.621],[85.196,28.619],[85.195,28.617],[85.194,28.615],[85.193,28.613],[85.192,28.612],[85.19,28.61],[85.19,28.608],[85.189,28.605],[85.188,28.605],[85.185,28.604],[85.183,28.603],[85.182,28.601],[85.18,28.6],[85.178,28.599],[85.176,28.598],[85.174,28.598],[85.174,28.597],[85.174,28.596],[85.175,28.594],[85.175,28.592],[85.177,28.591],[85.179,28.59],[85.181,28.588],[85.182,28.587],[85.182,28.584],[85.182,28.582],[85.181,28.58],[85.182,28.578],[85.183,28.577],[85.184,28.576],[85.186,28.574],[85.189,28.572],[85.19,28.571],[85.192,28.569],[85.191,28.568],[85.19,28.566],[85.188,28.564],[85.187,28.563],[85.185,28.562],[85.185,28.561],[85.185,28.559],[85.187,28.557],[85.188,28.555],[85.188,28.553],[85.188,28.552],[85.188,28.55],[85.189,28.548],[85.189,28.546],[85.189,28.545],[85.188,28.543],[85.187,28.541],[85.186,28.539],[85.187,28.537],[85.187,28.536],[85.187,28.534],[85.185,28.533],[85.183,28.533],[85.18,28.533],[85.178,28.533],[85.177,28.533],[85.174,28.533],[85.172,28.533],[85.17,28.534],[85.168,28.533],[85.166,28.532],[85.166,28.531],[85.166,28.53],[85.165,28.528],[85.165,28.526],[85.166,28.523],[85.166,28.521],[85.164,28.52],[85.163,28.518],[85.162,28.516],[85.161,28.514],[85.16,28.512],[85.158,28.51],[85.157,28.508],[85.157,28.505],[85.157,28.503],[85.157,28.502],[85.157,28.5],[85.154,28.493],[85.143,28.486],[85.132,28.486],[85.124,28.488],[85.119,28.486],[85.117,28.481],[85.113,28.474],[85.109,28.466],[85.099,28.455],[85.105,28.446],[85.112,28.444],[85.113,28.438],[85.113,28.429],[85.118,28.413],[85.119,28.402],[85.125,28.396],[85.125,28.39],[85.122,28.383],[85.122,28.374],[85.116,28.368],[85.112,28.355],[85.109,28.349],[85.095,28.345],[85.086,28.346],[85.078,28.345],[85.069,28.34],[85.055,28.329],[85.047,28.326],[85.043,28.321],[85.042,28.313],[85.033,28.304],[85.037,28.295],[85.035,28.287],[85.032,28.277],[85.028,28.264],[85.019,28.259],[85.01,28.256],[85.001,28.253],[85.001,28.25],[85.002,28.247],[84.999,28.243],[84.997,28.241],[84.993,28.245],[84.99,28.243],[84.986,28.237],[84.982,28.233],[84.978,28.228],[84.97,28.223],[84.968,28.22],[84.965,28.218],[84.962,28.213],[84.965,28.208],[84.968,28.204],[84.97,28.199],[84.971,28.194],[84.973,28.189],[84.969,28.186],[84.966,28.181],[84.966,28.175],[84.963,28.17],[84.961,28.166],[84.961,28.162],[84.96,28.158],[84.957,28.152],[84.958,28.148],[84.956,28.146],[84.955,28.141],[84.958,28.136],[84.958,28.134],[84.957,28.131],[84.957,28.126],[84.953,28.125],[84.949,28.125],[84.943,28.123],[84.941,28.125],[84.936,28.126],[84.93,28.126],[84.927,28.124],[84.924,28.12],[84.922,28.117],[84.92,28.114],[84.921,28.109],[84.921,28.106],[84.919,28.104],[84.915,28.103],[84.913,28.103],[84.909,28.105],[84.904,28.105],[84.9,28.107],[84.894,28.101],[84.891,28.102],[84.887,28.104],[84.885,28.107],[84.884,28.11],[84.881,28.113],[84.877,28.115],[84.872,28.117],[84.871,28.119],[84.867,28.121],[84.861,28.121],[84.859,28.12],[84.855,28.123],[84.85,28.119],[84.843,28.116],[84.843,28.112],[84.84,28.108],[84.837,28.103],[84.837,28.098],[84.837,28.094],[84.834,28.092],[84.832,28.09],[84.832,28.086],[84.83,28.083],[84.829,28.078],[84.827,28.074],[84.825,28.07],[84.824,28.067],[84.822,28.064],[84.821,28.06],[84.821,28.057],[84.818,28.053],[84.817,28.046],[84.812,28.043],[84.811,28.04],[84.809,28.035],[84.813,28.032],[84.813,28.026],[84.813,28.023],[84.812,28.02],[84.81,28.015],[84.813,28.01],[84.812,28.006],[84.81,28.002],[84.804,28.0],[84.798,28.002],[84.796,28.001],[84.798,27.999],[84.792,27.998],[84.788,27.996],[84.788,27.989],[84.784,27.984],[84.78,27.982],[84.777,27.978],[84.775,27.977],[84.771,27.977],[84.775,27.972],[84.77,27.968],[84.761,27.967],[84.756,27.963],[84.748,27.961],[84.746,27.96],[84.746,27.959],[84.747,27.956],[84.746,27.953],[84.743,27.95],[84.742,27.948],[84.74,27.943],[84.74,27.94],[84.74,27.937],[84.739,27.936],[84.734,27.934],[84.734,27.932],[84.735,27.931],[84.737,27.93],[84.736,27.928],[84.733,27.928],[84.732,27.926],[84.732,27.925],[84.734,27.924],[84.734,27.921],[84.734,27.919],[84.735,27.916],[84.735,27.913],[84.734,27.91],[84.733,27.908],[84.734,27.904],[84.736,27.901],[84.738,27.897],[84.736,27.893],[84.737,27.891],[84.74,27.89],[84.741,27.89],[84.743,27.889],[84.745,27.888],[84.748,27.887],[84.749,27.886],[84.747,27.882],[84.746,27.879],[84.752,27.875],[84.754,27.871],[84.755,27.868],[84.755,27.863],[84.76,27.859],[84.765,27.86],[84.766,27.856],[84.767,27.853],[84.768,27.85],[84.767,27.844],[84.77,27.843],[84.771,27.839],[84.773,27.838],[84.775,27.834],[84.773,27.829],[84.775,27.823],[84.777,27.819],[84.782,27.814],[84.778,27.811],[84.775,27.809],[84.771,27.81],[84.769,27.815],[84.765,27.819],[84.76,27.817],[84.756,27.813],[84.756,27.808],[84.75,27.805],[84.748,27.806],[84.745,27.805],[84.741,27.804],[84.739,27.804],[84.737,27.802],[84.737,27.799],[84.734,27.797],[84.73,27.796],[84.729,27.797],[84.728,27.799],[84.726,27.8],[84.725,27.801],[84.723,27.801],[84.72,27.802],[84.719,27.803],[84.717,27.802],[84.714,27.801],[84.711,27.801],[84.708,27.802],[84.708,27.805],[84.707,27.807],[84.704,27.807],[84.703,27.807],[84.699,27.808],[84.695,27.809],[84.692,27.81],[84.689,27.81],[84.687,27.81],[84.685,27.81],[84.683,27.811],[84.68,27.813],[84.678,27.814],[84.677,27.816],[84.674,27.817],[84.671,27.817],[84.669,27.818],[84.667,27.82],[84.668,27.822],[84.666,27.825],[84.662,27.828],[84.661,27.83],[84.662,27.834],[84.663,27.837],[84.664,27.842],[84.662,27.845],[84.661,27.848],[84.659,27.851],[84.655,27.852],[84.652,27.852],[84.649,27.853],[84.647,27.854],[84.647,27.856],[84.65,27.858],[84.648,27.86],[84.645,27.861],[84.642,27.86],[84.64,27.86],[84.636,27.86],[84.635,27.861],[84.634,27.865],[84.634,27.867],[84.633,27.869],[84.63,27.87],[84.628,27.872],[84.627,27.874],[84.627,27.875],[84.627,27.878],[84.624,27.88],[84.621,27.881],[84.618,27.88],[84.616,27.878],[84.614,27.875],[84.614,27.873],[84.612,27.872],[84.609,27.872],[84.605,27.872],[84.604,27.873],[84.603,27.875],[84.6,27.876],[84.597,27.876],[84.595,27.877],[84.593,27.878],[84.59,27.88],[84.588,27.879],[84.585,27.877],[84.583,27.876],[84.582,27.875],[84.58,27.873],[84.577,27.87],[84.577,27.867],[84.577,27.864],[84.575,27.863],[84.573,27.861],[84.569,27.86],[84.565,27.859],[84.562,27.858],[84.559,27.858],[84.557,27.855],[84.557,27.852],[84.558,27.85],[84.558,27.846],[84.557,27.842],[84.557,27.84],[84.556,27.838],[84.554,27.835],[84.551,27.834],[84.549,27.833],[84.546,27.832],[84.542,27.833],[84.54,27.834],[84.539,27.834],[84.538,27.833],[84.534,27.833],[84.53,27.834],[84.527,27.834],[84.524,27.833],[84.521,27.832],[84.52,27.829],[84.52,27.827],[84.521,27.822],[84.519,27.818],[84.517,27.816],[84.514,27.816],[84.507,27.818],[84.503,27.82],[84.5,27.82],[84.497,27.821],[84.494,27.82],[84.492,27.82],[84.489,27.821],[84.487,27.821],[84.482,27.821],[84.479,27.822],[84.477,27.823],[84.471,27.824],[84.469,27.824],[84.468,27.824],[84.465,27.824],[84.466,27.821],[84.465,27.819],[84.463,27.819],[84.457,27.82],[84.455,27.82],[84.454,27.821],[84.451,27.822],[84.449,27.822],[84.446,27.823],[84.443,27.821],[84.441,27.818],[84.437,27.816],[84.433,27.813],[84.432,27.809],[84.431,27.806],[84.431,27.803],[84.431,27.799],[84.431,27.796],[84.43,27.791],[84.431,27.788],[84.432,27.786],[84.434,27.783],[84.436,27.781],[84.441,27.778],[84.444,27.778],[84.447,27.778],[84.452,27.778],[84.456,27.776],[84.46,27.774],[84.463,27.771],[84.466,27.768],[84.468,27.765],[84.471,27.761],[84.471,27.757],[84.472,27.754],[84.471,27.752],[84.467,27.752],[84.464,27.754],[84.46,27.758],[84.458,27.759],[84.455,27.76],[84.45,27.759],[84.447,27.756],[84.444,27.752],[84.443,27.75],[84.441,27.749],[84.44,27.746],[84.438,27.744],[84.433,27.741],[84.431,27.741],[84.427,27.743],[84.422,27.742],[84.422,27.74],[84.423,27.738],[84.424,27.734],[84.426,27.731],[84.426,27.728],[84.427,27.726],[84.427,27.723],[84.429,27.719],[84.43,27.715],[84.431,27.711],[84.431,27.708],[84.43,27.706],[84.428,27.704],[84.424,27.702],[84.422,27.701],[84.419,27.7],[84.415,27.699],[84.412,27.698],[84.408,27.696],[84.405,27.695],[84.401,27.692],[84.397,27.691],[84.395,27.689],[84.391,27.688],[84.389,27.686],[84.386,27.685],[84.382,27.682],[84.379,27.681],[84.377,27.682],[84.373,27.683],[84.372,27.684],[84.369,27.686],[84.367,27.687],[84.366,27.688],[84.365,27.689],[84.363,27.692],[84.363,27.695],[84.36,27.698],[84.357,27.7],[84.353,27.702],[84.349,27.703],[84.346,27.703],[84.342,27.702],[84.337,27.699],[84.333,27.698],[84.33,27.697],[84.325,27.694],[84.324,27.692],[84.324,27.69],[84.323,27.687],[84.321,27.685],[84.318,27.683],[84.315,27.681],[84.312,27.679],[84.31,27.678],[84.308,27.677],[84.305,27.675],[84.302,27.674],[84.299,27.672],[84.294,27.669],[84.292,27.668],[84.29,27.668],[84.286,27.666],[84.282,27.665],[84.277,27.664],[84.275,27.664],[84.271,27.663],[84.267,27.66],[84.266,27.659],[84.262,27.657],[84.261,27.655],[84.259,27.652],[84.256,27.651],[84.254,27.653],[84.249,27.654],[84.248,27.653],[84.243,27.652],[84.239,27.651],[84.236,27.65],[84.232,27.647],[84.227,27.645],[84.221,27.644],[84.217,27.643],[84.212,27.641],[84.209,27.64],[84.206,27.638],[84.202,27.636],[84.2,27.633],[84.195,27.63],[84.192,27.629],[84.19,27.628],[84.187,27.626],[84.185,27.625],[84.182,27.623],[84.179,27.62],[84.176,27.619],[84.171,27.614],[84.169,27.611],[84.167,27.609],[84.164,27.607],[84.161,27.604],[84.157,27.602],[84.154,27.6],[84.15,27.597],[84.148,27.595],[84.145,27.593],[84.143,27.59],[84.14,27.588],[84.137,27.586],[84.136,27.585],[84.134,27.582],[84.133,27.581],[84.131,27.579],[84.128,27.575],[84.126,27.572],[84.126,27.568],[84.125,27.566],[84.123,27.563],[84.12,27.56],[84.119,27.556],[84.115,27.554],[84.11,27.552],[84.104,27.553],[84.096,27.554],[84.088,27.556],[84.077,27.559],[84.07,27.557],[84.066,27.552],[84.063,27.552],[84.058,27.555],[84.05,27.556],[84.045,27.553],[84.042,27.545],[84.04,27.542],[84.036,27.538],[84.031,27.537],[84.023,27.538],[84.018,27.539],[84.011,27.542],[84.003,27.545],[84.0,27.546],[83.997,27.545],[83.993,27.544],[83.99,27.544],[83.985,27.544],[83.981,27.545],[83.979,27.547],[83.977,27.548],[83.972,27.55],[83.966,27.55],[83.962,27.55],[83.958,27.548],[83.956,27.546],[83.953,27.542],[83.948,27.54],[83.943,27.541],[83.939,27.542],[83.934,27.544],[83.931,27.546],[83.926,27.545],[83.923,27.543],[83.92,27.541],[83.919,27.538],[83.919,27.532],[83.921,27.526],[83.922,27.524],[83.922,27.521],[83.922,27.519],[83.925,27.515],[83.928,27.514],[83.93,27.513],[83.933,27.513],[83.939,27.514],[83.942,27.516],[83.948,27.521],[83.949,27.523],[83.952,27.527],[83.953,27.528],[83.957,27.527],[83.963,27.524],[83.968,27.519],[83.969,27.515],[83.969,27.511],[83.967,27.506],[83.963,27.503],[83.959,27.501],[83.945,27.495],[83.939,27.488],[83.944,27.474],[83.945,27.465],[83.943,27.462],[83.942,27.46],[83.941,27.458],[83.94,27.456],[83.939,27.455],[83.936,27.452],[83.933,27.451],[83.928,27.448],[83.922,27.445],[83.914,27.442],[83.907,27.44],[83.897,27.438],[83.891,27.442],[83.887,27.45],[83.887,27.456],[83.888,27.458],[83.89,27.461],[83.889,27.462],[83.885,27.464],[83.884,27.465],[83.885,27.466],[83.886,27.47],[83.887,27.472],[83.886,27.473],[83.886,27.474],[83.886,27.477],[83.885,27.48],[83.884,27.482],[83.881,27.483],[83.88,27.484],[83.877,27.485],[83.875,27.489],[83.876,27.49],[83.879,27.492],[83.883,27.495],[83.884,27.496],[83.887,27.496],[83.89,27.498],[83.893,27.5],[83.895,27.499],[83.897,27.5],[83.896,27.502],[83.895,27.503],[83.892,27.506],[83.89,27.507],[83.887,27.509],[83.885,27.508],[83.882,27.508],[83.877,27.509],[83.876,27.511],[83.876,27.514],[83.877,27.517],[83.878,27.52],[83.88,27.521],[83.882,27.522],[83.883,27.525],[83.882,27.527],[83.882,27.529],[83.879,27.532],[83.876,27.535],[83.874,27.537],[83.871,27.541],[83.869,27.542],[83.866,27.543],[83.863,27.545],[83.861,27.545],[83.858,27.546],[83.858,27.547],[83.854,27.55],[83.853,27.553],[83.852,27.557],[83.85,27.559],[83.848,27.56],[83.846,27.56],[83.845,27.559],[83.843,27.558],[83.842,27.556],[83.841,27.554],[83.843,27.551],[83.842,27.549],[83.84,27.548],[83.839,27.546],[83.837,27.545],[83.837,27.547],[83.837,27.552],[83.836,27.554],[83.833,27.56],[83.833,27.561],[83.832,27.563],[83.832,27.566],[83.834,27.568],[83.838,27.571],[83.841,27.572],[83.841,27.574],[83.84,27.578],[83.838,27.581],[83.837,27.585],[83.835,27.587],[83.833,27.588],[83.831,27.587],[83.83,27.589],[83.828,27.59],[83.826,27.591],[83.822,27.592],[83.82,27.593],[83.819,27.591],[83.814,27.589],[83.81,27.589],[83.808,27.589],[83.808,27.59],[83.81,27.593],[83.809,27.595],[83.806,27.597],[83.804,27.597],[83.802,27.597],[83.8,27.597],[83.799,27.599],[83.797,27.599],[83.795,27.601],[83.793,27.603],[83.79,27.606],[83.791,27.607],[83.793,27.609],[83.795,27.61],[83.798,27.61],[83.8,27.613],[83.798,27.616],[83.797,27.62],[83.799,27.621],[83.801,27.621],[83.802,27.621],[83.804,27.621],[83.805,27.622],[83.804,27.625],[83.803,27.627],[83.803,27.628],[83.801,27.63],[83.802,27.632],[83.803,27.632],[83.805,27.633],[83.809,27.635],[83.81,27.636],[83.81,27.639],[83.81,27.64],[83.808,27.641],[83.808,27.644],[83.808,27.645],[83.809,27.646],[83.807,27.647],[83.807,27.647],[83.808,27.648],[83.81,27.649],[83.81,27.65],[83.812,27.653],[83.812,27.654],[83.81,27.656],[83.811,27.659],[83.812,27.661],[83.811,27.662],[83.807,27.663],[83.804,27.664],[83.801,27.665],[83.797,27.666],[83.793,27.666],[83.79,27.666],[83.787,27.666],[83.785,27.667],[83.783,27.667],[83.778,27.667],[83.773,27.666],[83.769,27.667],[83.768,27.666],[83.764,27.662],[83.762,27.662],[83.759,27.663],[83.758,27.666],[83.757,27.667],[83.751,27.667],[83.748,27.667],[83.746,27.667],[83.744,27.668],[83.742,27.668],[83.741,27.669],[83.74,27.67],[83.736,27.67],[83.732,27.67],[83.73,27.671],[83.726,27.671],[83.725,27.672],[83.723,27.671],[83.722,27.67],[83.721,27.67],[83.72,27.669],[83.719,27.667],[83.717,27.666],[83.716,27.663],[83.712,27.662],[83.709,27.66],[83.707,27.659],[83.706,27.659],[83.705,27.661],[83.702,27.662],[83.701,27.662],[83.697,27.662],[83.695,27.662],[83.697,27.664],[83.698,27.667],[83.699,27.669],[83.699,27.673],[83.699,27.676],[83.7,27.678],[83.702,27.679],[83.702,27.68],[83.702,27.681],[83.704,27.682],[83.703,27.685],[83.702,27.686],[83.701,27.687],[83.699,27.69],[83.698,27.691],[83.697,27.693],[83.695,27.694],[83.693,27.695],[83.692,27.696],[83.69,27.698],[83.69,27.701],[83.69,27.703],[83.69,27.706],[83.689,27.708],[83.688,27.71],[83.686,27.713],[83.685,27.715],[83.684,27.717],[83.682,27.719],[83.68,27.719],[83.678,27.719],[83.68,27.72],[83.683,27.721],[83.686,27.72],[83.689,27.719],[83.692,27.719],[83.694,27.717],[83.695,27.716],[83.698,27.716],[83.701,27.716],[83.702,27.716],[83.705,27.715],[83.707,27.716],[83.709,27.716],[83.711,27.715],[83.715,27.716],[83.717,27.714],[83.719,27.712],[83.721,27.712],[83.722,27.711],[83.724,27.71],[83.727,27.71],[83.729,27.709],[83.731,27.711],[83.731,27.713],[83.732,27.714],[83.734,27.714],[83.737,27.715],[83.74,27.715],[83.742,27.716],[83.744,27.718],[83.745,27.719],[83.748,27.72],[83.751,27.721],[83.755,27.72],[83.758,27.721],[83.76,27.723],[83.761,27.722],[83.764,27.722],[83.769,27.722],[83.771,27.723],[83.773,27.724],[83.775,27.724],[83.778,27.724],[83.781,27.725],[83.784,27.725],[83.787,27.725],[83.788,27.723],[83.79,27.723],[83.793,27.722],[83.797,27.722],[83.801,27.721],[83.803,27.72],[83.804,27.719],[83.806,27.718],[83.808,27.717],[83.81,27.715],[83.813,27.714],[83.815,27.714],[83.818,27.713],[83.82,27.712],[83.821,27.711],[83.823,27.713],[83.825,27.714],[83.828,27.714],[83.831,27.714],[83.834,27.714],[83.836,27.713],[83.838,27.711],[83.841,27.711],[83.844,27.711],[83.846,27.71],[83.848,27.711],[83.849,27.712],[83.846,27.715],[83.845,27.717],[83.845,27.72],[83.844,27.722],[83.844,27.725],[83.844,27.727],[83.843,27.728],[83.842,27.73],[83.843,27.732],[83.844,27.734],[83.845,27.735],[83.848,27.735],[83.85,27.734],[83.852,27.733],[83.856,27.734],[83.858,27.734],[83.861,27.734],[83.865,27.734],[83.868,27.735],[83.87,27.734],[83.872,27.734],[83.874,27.734],[83.875,27.733],[83.876,27.734],[83.877,27.736],[83.878,27.735],[83.879,27.735],[83.881,27.734],[83.883,27.735],[83.884,27.734],[83.885,27.733],[83.887,27.732],[83.888,27.731],[83.89,27.731],[83.893,27.731],[83.895,27.73],[83.897,27.731],[83.899,27.732],[83.9,27.731],[83.902,27.73],[83.904,27.732],[83.904,27.735],[83.905,27.735],[83.908,27.734],[83.906,27.733],[83.907,27.732],[83.911,27.731],[83.913,27.731],[83.916,27.729],[83.918,27.729],[83.919,27.729],[83.921,27.727],[83.924,27.727],[83.924,27.728],[83.925,27.73],[83.926,27.732],[83.928,27.733],[83.93,27.735],[83.932,27.737],[83.935,27.738],[83.936,27.739],[83.94,27.741],[83.943,27.743],[83.945,27.744],[83.947,27.744],[83.948,27.746],[83.949,27.746],[83.95,27.747],[83.951,27.747],[83.953,27.747],[83.955,27.747],[83.956,27.747],[83.958,27.747],[83.96,27.747],[83.96,27.748],[83.961,27.748],[83.963,27.748],[83.965,27.747],[83.967,27.747],[83.968,27.749],[83.969,27.75],[83.971,27.75],[83.972,27.749],[83.973,27.748],[83.977,27.748],[83.98,27.749],[83.982,27.749],[83.984,27.749],[83.985,27.748],[83.988,27.749],[83.99,27.749],[83.992,27.75],[83.994,27.752],[83.994,27.752],[83.993,27.753],[83.992,27.754],[83.993,27.756],[83.993,27.76],[83.993,27.762],[83.994,27.764],[83.994,27.766],[83.995,27.769],[83.997,27.771],[83.998,27.773],[84.0,27.777],[84.0,27.779],[84.0,27.783],[84.0,27.786],[84.0,27.788],[84.001,27.789],[84.002,27.791],[84.003,27.792],[84.004,27.794],[84.006,27.796],[84.007,27.798],[84.009,27.798],[84.011,27.8],[84.012,27.801],[84.014,27.804],[84.014,27.808],[84.015,27.81],[84.016,27.813],[84.018,27.814],[84.02,27.815],[84.02,27.817],[84.022,27.819],[84.025,27.818],[84.026,27.82],[84.027,27.821],[84.026,27.823],[84.026,27.826],[84.025,27.829],[84.026,27.83],[84.025,27.832],[84.025,27.835],[84.024,27.836],[84.022,27.838],[84.021,27.84],[84.021,27.842],[84.023,27.845],[84.023,27.847],[84.022,27.848],[84.024,27.85],[84.025,27.85],[84.025,27.852],[84.026,27.853],[84.027,27.854],[84.028,27.856],[84.025,27.859],[84.021,27.862],[84.017,27.861],[84.016,27.857],[84.019,27.856],[84.022,27.855],[84.022,27.852],[84.02,27.851],[84.012,27.853],[84.004,27.855],[83.998,27.856],[83.997,27.857],[83.998,27.861],[83.997,27.864],[83.995,27.866],[83.993,27.866],[83.99,27.867],[83.987,27.866],[83.984,27.866],[83.981,27.866],[83.977,27.867],[83.975,27.867],[83.974,27.87],[83.973,27.872],[83.97,27.872],[83.969,27.871],[83.966,27.87],[83.964,27.871],[83.961,27.872],[83.958,27.873],[83.955,27.871],[83.953,27.87],[83.949,27.869],[83.947,27.87],[83.944,27.872],[83.943,27.875],[83.942,27.876],[83.94,27.878],[83.937,27.878],[83.936,27.876],[83.935,27.875],[83.933,27.873],[83.93,27.872],[83.928,27.87],[83.925,27.868],[83.923,27.869],[83.921,27.871],[83.919,27.872],[83.915,27.871],[83.912,27.872],[83.91,27.874],[83.912,27.875],[83.914,27.877],[83.913,27.879],[83.908,27.881],[83.904,27.882],[83.899,27.883],[83.895,27.885],[83.894,27.885],[83.891,27.886],[83.889,27.886],[83.887,27.884],[83.883,27.882],[83.881,27.882],[83.88,27.884],[83.881,27.887],[83.879,27.888],[83.877,27.888],[83.875,27.887],[83.874,27.886],[83.873,27.886],[83.871,27.885],[83.869,27.884],[83.864,27.884],[83.862,27.883],[83.86,27.879],[83.861,27.876],[83.86,27.874],[83.857,27.873],[83.854,27.874],[83.852,27.875],[83.851,27.876],[83.851,27.877],[83.852,27.879],[83.852,27.88],[83.851,27.881],[83.85,27.882],[83.847,27.882],[83.844,27.881],[83.845,27.878],[83.845,27.877],[83.847,27.876],[83.847,27.874],[83.847,27.872],[83.847,27.871],[83.846,27.869],[83.842,27.868],[83.838,27.869],[83.836,27.87],[83.834,27.871],[83.833,27.871],[83.83,27.872],[83.826,27.875],[83.824,27.877],[83.822,27.877],[83.821,27.878],[83.818,27.875],[83.816,27.874],[83.813,27.874],[83.811,27.874],[83.807,27.873],[83.805,27.875],[83.804,27.876],[83.802,27.877],[83.8,27.88],[83.798,27.882],[83.796,27.883],[83.794,27.883],[83.791,27.884],[83.789,27.886],[83.788,27.886],[83.785,27.89],[83.784,27.892],[83.783,27.893],[83.783,27.894],[83.782,27.896],[83.781,27.897],[83.779,27.899],[83.776,27.903],[83.772,27.905],[83.77,27.906],[83.767,27.907],[83.767,27.907],[83.765,27.909],[83.761,27.91],[83.759,27.91],[83.757,27.909],[83.756,27.909],[83.757,27.906],[83.758,27.904],[83.757,27.903],[83.753,27.905],[83.748,27.908],[83.743,27.906],[83.743,27.904],[83.745,27.904],[83.747,27.903],[83.747,27.902],[83.746,27.9],[83.743,27.9],[83.739,27.902],[83.737,27.904],[83.735,27.905],[83.735,27.907],[83.734,27.909],[83.73,27.91],[83.727,27.911],[83.725,27.913],[83.723,27.914],[83.722,27.917],[83.719,27.92],[83.716,27.919],[83.713,27.918],[83.711,27.917],[83.708,27.917],[83.706,27.917],[83.703,27.918],[83.701,27.918],[83.698,27.917],[83.695,27.919],[83.693,27.922],[83.69,27.924],[83.688,27.923],[83.686,27.918],[83.684,27.917],[83.682,27.917],[83.68,27.919],[83.68,27.921],[83.682,27.923],[83.68,27.926],[83.678,27.927],[83.674,27.927],[83.671,27.925],[83.668,27.923],[83.666,27.92],[83.665,27.917],[83.663,27.915],[83.66,27.911],[83.657,27.907],[83.655,27.903],[83.655,27.902],[83.651,27.902],[83.649,27.902],[83.646,27.9],[83.644,27.899],[83.643,27.9],[83.642,27.902],[83.641,27.902],[83.636,27.9],[83.634,27.899],[83.633,27.902],[83.633,27.905],[83.631,27.91],[83.633,27.912],[83.634,27.914],[83.631,27.915],[83.627,27.915],[83.623,27.916],[83.621,27.917],[83.621,27.919],[83.627,27.925],[83.626,27.926],[83.623,27.926],[83.621,27.926],[83.619,27.928],[83.619,27.93],[83.617,27.931],[83.615,27.93],[83.613,27.927],[83.611,27.925],[83.608,27.924],[83.603,27.924],[83.6,27.924],[83.598,27.925],[83.596,27.929],[83.594,27.931],[83.592,27.931],[83.588,27.931],[83.584,27.93],[83.582,27.93],[83.579,27.93],[83.577,27.93],[83.575,27.93],[83.573,27.932],[83.576,27.935],[83.575,27.939],[83.574,27.941],[83.573,27.942],[83.57,27.943],[83.567,27.94],[83.567,27.936],[83.566,27.935],[83.564,27.934],[83.562,27.935],[83.559,27.935],[83.557,27.933],[83.555,27.931],[83.549,27.928],[83.548,27.928],[83.547,27.929],[83.543,27.929],[83.541,27.928],[83.538,27.928],[83.537,27.93],[83.537,27.933],[83.537,27.937],[83.535,27.939],[83.532,27.939],[83.53,27.938],[83.531,27.936],[83.531,27.933],[83.53,27.931],[83.528,27.928],[83.525,27.925],[83.523,27.925],[83.522,27.927],[83.523,27.93],[83.521,27.932],[83.519,27.934],[83.517,27.937],[83.515,27.938],[83.512,27.94],[83.508,27.941],[83.505,27.94],[83.503,27.938],[83.504,27.936],[83.506,27.934],[83.508,27.933],[83.509,27.934],[83.509,27.931],[83.506,27.929],[83.499,27.927],[83.497,27.927],[83.495,27.928],[83.491,27.929],[83.49,27.929],[83.488,27.927],[83.487,27.925],[83.486,27.923],[83.483,27.923],[83.482,27.924],[83.479,27.924],[83.476,27.925],[83.475,27.926],[83.473,27.927],[83.47,27.928],[83.467,27.929],[83.465,27.931],[83.462,27.933],[83.46,27.934],[83.458,27.934],[83.456,27.933],[83.454,27.933],[83.453,27.933],[83.452,27.932],[83.449,27.928],[83.447,27.929],[83.444,27.931],[83.442,27.932],[83.44,27.933],[83.44,27.935],[83.444,27.938],[83.445,27.939],[83.445,27.941],[83.443,27.943],[83.444,27.945],[83.447,27.946],[83.449,27.948],[83.452,27.949],[83.454,27.949],[83.456,27.95],[83.459,27.952],[83.462,27.955],[83.464,27.958],[83.464,27.96],[83.465,27.962],[83.467,27.964],[83.468,27.965],[83.47,27.968],[83.471,27.97],[83.474,27.972],[83.476,27.975],[83.478,27.975],[83.479,27.978],[83.481,27.98],[83.482,27.981],[83.484,27.982],[83.486,27.982],[83.487,27.982],[83.489,27.98],[83.491,27.979],[83.493,27.978],[83.495,27.978],[83.497,27.978],[83.5,27.977],[83.504,27.974],[83.506,27.972],[83.508,27.97],[83.509,27.969],[83.513,27.967],[83.514,27.967],[83.518,27.966],[83.521,27.965],[83.524,27.965],[83.527,27.966],[83.529,27.965],[83.532,27.965],[83.533,27.967],[83.535,27.969],[83.54,27.97],[83.545,27.971],[83.547,27.972],[83.551,27.977],[83.554,27.976],[83.556,27.974],[83.563,27.975],[83.569,27.976],[83.574,27.976],[83.576,27.975],[83.579,27.976],[83.579,27.979],[83.585,27.979],[83.585,27.981],[83.585,27.983],[83.584,27.985],[83.584,27.988],[83.586,27.988],[83.588,27.988],[83.591,27.989],[83.594,27.99],[83.597,27.992],[83.599,27.993],[83.6,27.995],[83.602,27.996],[83.603,27.998],[83.604,28.0],[83.603,28.003],[83.604,28.005],[83.605,28.007],[83.605,28.012],[83.604,28.014],[83.6,28.014],[83.599,28.016],[83.598,28.018],[83.596,28.021],[83.594,28.022],[83.593,28.021],[83.591,28.022],[83.591,28.025],[83.588,28.026],[83.586,28.026],[83.584,28.027],[83.581,28.029],[83.579,28.033],[83.578,28.034],[83.576,28.033],[83.573,28.033],[83.57,28.033],[83.567,28.034],[83.564,28.034],[83.562,28.036],[83.563,28.038],[83.564,28.041],[83.562,28.042],[83.56,28.042],[83.559,28.044],[83.56,28.047],[83.562,28.05],[83.562,28.055],[83.564,28.057],[83.564,28.059],[83.563,28.061],[83.561,28.064],[83.563,28.065],[83.565,28.065],[83.568,28.065],[83.569,28.066],[83.57,28.07],[83.573,28.074],[83.575,28.075],[83.577,28.076],[83.58,28.077],[83.58,28.078],[83.579,28.079],[83.576,28.083],[83.576,28.084],[83.575,28.088],[83.573,28.089],[83.569,28.089],[83.567,28.09],[83.564,28.091],[83.563,28.093],[83.562,28.095],[83.564,28.098],[83.565,28.099],[83.565,28.101],[83.562,28.103],[83.56,28.105],[83.558,28.105],[83.555,28.107],[83.555,28.108],[83.555,28.111],[83.554,28.114],[83.555,28.116],[83.554,28.117],[83.551,28.118],[83.548,28.12],[83.545,28.121],[83.543,28.121],[83.539,28.12],[83.535,28.118],[83.532,28.117],[83.53,28.119],[83.527,28.12],[83.525,28.121],[83.522,28.12],[83.52,28.12],[83.515,28.123],[83.514,28.124],[83.513,28.125],[83.511,28.126],[83.51,28.127],[83.509,28.126],[83.507,28.126],[83.505,28.125],[83.505,28.123],[83.501,28.12],[83.5,28.119],[83.5,28.118],[83.496,28.117],[83.494,28.116],[83.491,28.114],[83.487,28.114],[83.486,28.114],[83.484,28.116],[83.482,28.117],[83.48,28.118],[83.476,28.118],[83.474,28.119],[83.475,28.12],[83.476,28.122],[83.477,28.125],[83.478,28.126],[83.478,28.128],[83.478,28.13],[83.478,28.13],[83.476,28.131],[83.475,28.131],[83.473,28.132],[83.471,28.132],[83.468,28.132],[83.466,28.132],[83.465,28.131],[83.464,28.131],[83.462,28.13],[83.461,28.131],[83.46,28.131],[83.458,28.133],[83.457,28.132],[83.455,28.131],[83.454,28.13],[83.453,28.129],[83.451,28.126],[83.45,28.126],[83.447,28.126],[83.446,28.125],[83.444,28.125],[83.443,28.127],[83.442,28.128],[83.44,28.13],[83.438,28.131],[83.437,28.13],[83.433,28.13],[83.43,28.128],[83.429,28.127],[83.427,28.126],[83.424,28.126],[83.423,28.126],[83.421,28.127],[83.42,28.129],[83.42,28.132],[83.419,28.134],[83.418,28.136],[83.418,28.137],[83.416,28.137],[83.413,28.138],[83.412,28.14],[83.411,28.142],[83.411,28.144],[83.407,28.146],[83.407,28.147],[83.406,28.149],[83.404,28.149],[83.402,28.15],[83.399,28.152],[83.397,28.154],[83.396,28.155],[83.394,28.159],[83.393,28.161],[83.392,28.164],[83.391,28.166],[83.39,28.168],[83.388,28.166],[83.385,28.164],[83.384,28.165],[83.381,28.167],[83.379,28.169],[83.376,28.174],[83.374,28.175],[83.373,28.176],[83.371,28.176],[83.37,28.178],[83.37,28.181],[83.37,28.183],[83.368,28.184],[83.367,28.185],[83.364,28.186],[83.364,28.188],[83.363,28.19],[83.363,28.192],[83.36,28.194],[83.358,28.195],[83.355,28.196],[83.355,28.198],[83.352,28.198],[83.351,28.195],[83.35,28.194],[83.348,28.194],[83.346,28.193],[83.344,28.193],[83.341,28.191],[83.339,28.19],[83.336,28.19],[83.333,28.19],[83.332,28.189],[83.33,28.189],[83.327,28.19],[83.323,28.19],[83.32,28.19],[83.319,28.191],[83.315,28.192],[83.313,28.194],[83.31,28.194],[83.31,28.196],[83.309,28.197],[83.306,28.198],[83.302,28.196],[83.299,28.194],[83.297,28.193],[83.294,28.193],[83.29,28.193],[83.286,28.192],[83.284,28.19],[83.281,28.19],[83.279,28.19],[83.278,28.191],[83.276,28.189],[83.274,28.188],[83.272,28.19],[83.271,28.193],[83.271,28.195],[83.269,28.197],[83.267,28.199],[83.264,28.2],[83.26,28.2],[83.259,28.202],[83.259,28.204],[83.256,28.206],[83.254,28.209],[83.254,28.211],[83.252,28.214],[83.25,28.215],[83.248,28.217],[83.246,28.217],[83.243,28.219],[83.241,28.22],[83.239,28.22],[83.237,28.221],[83.235,28.221],[83.234,28.222],[83.233,28.226],[83.232,28.228],[83.229,28.23],[83.228,28.232],[83.226,28.233],[83.226,28.235],[83.225,28.236],[83.222,28.237],[83.221,28.239],[83.218,28.243],[83.216,28.244],[83.216,28.247],[83.215,28.249],[83.212,28.249],[83.209,28.251],[83.206,28.252],[83.205,28.255],[83.203,28.257],[83.201,28.258],[83.198,28.259],[83.192,28.264],[83.189,28.265],[83.188,28.267],[83.186,28.268],[83.185,28.271],[83.184,28.27],[83.182,28.269],[83.18,28.268],[83.178,28.266],[83.177,28.265],[83.174,28.263],[83.173,28.261],[83.169,28.259],[83.168,28.258],[83.166,28.261],[83.165,28.262],[83.163,28.263],[83.162,28.266],[83.161,28.267],[83.158,28.269],[83.156,28.271],[83.154,28.269],[83.151,28.267],[83.148,28.266],[83.148,28.264],[83.145,28.262],[83.143,28.26],[83.14,28.257],[83.138,28.255],[83.137,28.253],[83.134,28.251],[83.131,28.25],[83.128,28.251],[83.127,28.253],[83.126,28.257],[83.124,28.257],[83.121,28.257],[83.119,28.257],[83.117,28.255],[83.115,28.253],[83.112,28.252],[83.109,28.252],[83.108,28.252],[83.105,28.252],[83.103,28.254],[83.101,28.256],[83.098,28.256],[83.095,28.256],[83.094,28.258],[83.095,28.26],[83.095,28.263],[83.096,28.265],[83.095,28.268],[83.096,28.271],[83.097,28.273],[83.097,28.277],[83.096,28.278],[83.092,28.278],[83.09,28.28],[83.088,28.284],[83.087,28.287],[83.085,28.289],[83.081,28.291],[83.079,28.292],[83.078,28.294],[83.076,28.298],[83.072,28.3],[83.069,28.303],[83.069,28.306],[83.069,28.309],[83.068,28.312],[83.067,28.313],[83.064,28.315],[83.061,28.318],[83.059,28.318],[83.055,28.318],[83.05,28.32],[83.048,28.322],[83.045,28.324],[83.043,28.324],[83.041,28.323],[83.037,28.322],[83.033,28.322],[83.03,28.323],[83.028,28.324],[83.025,28.325],[83.022,28.325],[83.019,28.326],[83.017,28.328],[83.015,28.331],[83.014,28.333],[83.011,28.334],[83.009,28.333],[83.004,28.333],[83.002,28.335],[83.0,28.337],[82.999,28.341],[82.998,28.343],[82.997,28.347],[82.995,28.35],[82.992,28.352],[82.989,28.353],[82.986,28.355],[82.982,28.358],[82.98,28.359],[82.975,28.359],[82.97,28.358],[82.966,28.358],[82.964,28.359],[82.96,28.36],[82.957,28.36],[82.955,28.36],[82.957,28.364],[82.956,28.367],[82.955,28.37],[82.955,28.372],[82.953,28.373],[82.95,28.375],[82.949,28.378],[82.948,28.38],[82.95,28.384],[82.949,28.385],[82.947,28.387],[82.947,28.389],[82.946,28.391],[82.944,28.393],[82.942,28.395],[82.944,28.397],[82.944,28.398],[82.942,28.399],[82.939,28.399],[82.938,28.399],[82.937,28.402],[82.935,28.402],[82.931,28.402],[82.929,28.402],[82.926,28.402],[82.921,28.402],[82.917,28.402],[82.916,28.403],[82.918,28.406],[82.919,28.409],[82.919,28.411],[82.918,28.415],[82.918,28.418],[82.916,28.421],[82.915,28.423],[82.913,28.426],[82.913,28.428],[82.913,28.431],[82.914,28.434],[82.912,28.436],[82.908,28.439],[82.906,28.443],[82.904,28.444],[82.902,28.446],[82.898,28.448],[82.895,28.447],[82.893,28.448],[82.89,28.45],[82.888,28.452],[82.886,28.453],[82.887,28.455],[82.886,28.457],[82.884,28.459],[82.883,28.463],[82.882,28.467],[82.88,28.469],[82.88,28.472],[82.879,28.474],[82.881,28.477],[82.885,28.479],[82.888,28.479],[82.892,28.479],[82.895,28.478],[82.898,28.477],[82.902,28.476],[82.905,28.476],[82.909,28.477],[82.912,28.478],[82.912,28.479],[82.911,28.481],[82.906,28.483],[82.903,28.486],[82.901,28.489],[82.899,28.49],[82.895,28.494],[82.892,28.497],[82.89,28.5],[82.889,28.506],[82.884,28.51],[82.877,28.515],[82.881,28.515],[82.883,28.515],[82.886,28.515],[82.888,28.515],[82.891,28.515],[82.894,28.515],[82.896,28.516],[82.898,28.517],[82.901,28.519],[82.904,28.521],[82.907,28.523],[82.91,28.524],[82.912,28.526],[82.913,28.528],[82.912,28.531],[82.912,28.535],[82.913,28.537],[82.912,28.54],[82.912,28.544],[82.913,28.547],[82.914,28.55],[82.915,28.553],[82.914,28.556],[82.916,28.56],[82.916,28.563],[82.917,28.565],[82.918,28.565],[82.919,28.566],[82.921,28.567],[82.924,28.568],[82.928,28.567],[82.93,28.566],[82.933,28.566],[82.935,28.563],[82.937,28.562],[82.94,28.562],[82.941,28.56],[82.945,28.558],[82.947,28.557],[82.952,28.556],[82.953,28.554],[82.955,28.552],[82.957,28.551],[82.96,28.552],[82.962,28.55],[82.964,28.55],[82.967,28.547],[82.969,28.546],[82.97,28.545],[82.974,28.543],[82.976,28.545],[82.977,28.547],[82.979,28.549],[82.981,28.551],[82.981,28.556],[82.983,28.561],[82.986,28.564],[82.985,28.571],[82.979,28.575],[82.972,28.576],[82.966,28.58],[82.959,28.588],[82.954,28.593],[82.953,28.598],[82.954,28.601],[82.957,28.608],[82.959,28.612],[82.964,28.614],[82.97,28.618],[82.973,28.623],[82.975,28.627],[82.979,28.629],[82.984,28.631],[82.987,28.629],[82.99,28.626],[82.994,28.627],[82.999,28.623],[83.005,28.623],[83.01,28.624],[83.017,28.622],[83.025,28.626],[83.034,28.626],[83.043,28.63],[83.054,28.622],[83.061,28.621],[83.075,28.624],[83.084,28.631],[83.092,28.634],[83.101,28.634],[83.107,28.632],[83.115,28.631],[83.116,28.632],[83.116,28.633],[83.116,28.636],[83.116,28.639],[83.115,28.642],[83.116,28.644],[83.117,28.646],[83.118,28.648],[83.119,28.65],[83.122,28.652],[83.123,28.655],[83.124,28.658],[83.124,28.66],[83.125,28.662],[83.125,28.665],[83.122,28.666],[83.122,28.668],[83.12,28.668],[83.119,28.67],[83.119,28.671],[83.118,28.671],[83.119,28.672],[83.12,28.675],[83.121,28.676],[83.122,28.676],[83.123,28.677],[83.124,28.676],[83.125,28.675],[83.126,28.675],[83.127,28.674],[83.128,28.674],[83.13,28.674],[83.131,28.674],[83.132,28.674],[83.133,28.674],[83.136,28.674],[83.136,28.675],[83.138,28.675],[83.14,28.676],[83.14,28.677],[83.141,28.677],[83.142,28.678],[83.143,28.679],[83.144,28.68],[83.145,28.68],[83.146,28.682],[83.146,28.683],[83.145,28.684],[83.144,28.686],[83.144,28.688],[83.144,28.688],[83.143,28.689],[83.142,28.69],[83.143,28.691],[83.143,28.692],[83.143,28.692],[83.143,28.693],[83.145,28.694],[83.147,28.695],[83.148,28.695],[83.149,28.695],[83.149,28.695],[83.15,28.696],[83.15,28.697],[83.15,28.698],[83.151,28.698],[83.151,28.699],[83.152,28.7],[83.153,28.701],[83.152,28.702],[83.152,28.702],[83.151,28.703],[83.15,28.704],[83.15,28.705],[83.15,28.705],[83.151,28.706],[83.151,28.707],[83.15,28.708],[83.151,28.709],[83.15,28.71],[83.151,28.711],[83.151,28.712],[83.151,28.712],[83.151,28.713],[83.15,28.714],[83.148,28.715],[83.148,28.716],[83.147,28.717],[83.147,28.718],[83.146,28.718],[83.145,28.721],[83.145,28.721],[83.146,28.722],[83.146,28.723],[83.145,28.724],[83.144,28.725],[83.144,28.727],[83.145,28.728],[83.145,28.728],[83.145,28.729],[83.146,28.73],[83.146,28.731],[83.146,28.732],[83.145,28.732],[83.144,28.733],[83.143,28.733],[83.143,28.735],[83.143,28.737],[83.143,28.738],[83.143,28.739],[83.143,28.74],[83.143,28.742],[83.143,28.743],[83.143,28.744],[83.143,28.744],[83.144,28.745],[83.144,28.746],[83.147,28.747],[83.149,28.748],[83.151,28.748],[83.152,28.748],[83.155,28.748],[83.156,28.748],[83.159,28.747],[83.16,28.747],[83.161,28.747],[83.162,28.747],[83.163,28.747],[83.164,28.746],[83.167,28.745],[83.168,28.745],[83.17,28.745],[83.171,28.745],[83.172,28.745],[83.173,28.745],[83.174,28.744],[83.179,28.744],[83.18,28.744],[83.181,28.744],[83.184,28.744],[83.184,28.744],[83.186,28.744],[83.186,28.744],[83.188,28.743],[83.191,28.741],[83.193,28.74],[83.195,28.739],[83.196,28.738],[83.196,28.738],[83.198,28.738],[83.2,28.735],[83.202,28.735],[83.204,28.734],[83.205,28.733],[83.206,28.733],[83.207,28.733],[83.209,28.732],[83.212,28.733],[83.213,28.733],[83.214,28.733],[83.215,28.733],[83.218,28.735],[83.22,28.737],[83.221,28.738],[83.223,28.74],[83.224,28.741],[83.226,28.742],[83.229,28.743],[83.231,28.742],[83.232,28.742],[83.233,28.742],[83.235,28.741],[83.236,28.74],[83.237,28.74],[83.238,28.739],[83.238,28.738],[83.239,28.736],[83.239,28.735],[83.241,28.734],[83.244,28.733],[83.246,28.732],[83.25,28.73],[83.251,28.729],[83.252,28.729],[83.253,28.728],[83.255,28.728],[83.256,28.727],[83.258,28.727],[83.259,28.726],[83.261,28.726],[83.263,28.726],[83.265,28.726],[83.267,28.726],[83.268,28.726],[83.268,28.726],[83.269,28.725],[83.27,28.725],[83.271,28.725],[83.274,28.724],[83.276,28.723],[83.278,28.723],[83.28,28.724],[83.281,28.725],[83.282,28.726],[83.284,28.726],[83.287,28.728],[83.289,28.728],[83.29,28.729],[83.291,28.729],[83.292,28.729],[83.293,28.73],[83.295,28.73],[83.296,28.731],[83.298,28.732],[83.299,28.732],[83.301,28.732],[83.303,28.732],[83.305,28.732],[83.308,28.733],[83.309,28.733],[83.31,28.734],[83.313,28.735],[83.315,28.736],[83.318,28.736],[83.32,28.736],[83.321,28.736],[83.322,28.737],[83.323,28.737],[83.324,28.738],[83.325,28.738],[83.327,28.738],[83.329,28.738],[83.332,28.738],[83.333,28.738],[83.334,28.738],[83.335,28.737],[83.337,28.737],[83.338,28.737],[83.34,28.737],[83.343,28.736],[83.344,28.736],[83.345,28.736],[83.347,28.736],[83.348,28.736],[83.349,28.736],[83.35,28.736],[83.351,28.736],[83.353,28.735],[83.354,28.734],[83.355,28.734],[83.356,28.734],[83.358,28.734],[83.36,28.734],[83.362,28.734],[83.363,28.735],[83.364,28.737],[83.365,28.737],[83.366,28.738],[83.368,28.74],[83.369,28.741],[83.371,28.742],[83.372,28.742],[83.373,28.743],[83.375,28.745],[83.376,28.747],[83.376,28.748],[83.377,28.749],[83.377,28.75],[83.381,28.755],[83.384,28.757],[83.387,28.761],[83.392,28.763],[83.396,28.762],[83.4,28.761],[83.404,28.761],[83.41,28.761],[83.414,28.762],[83.419,28.763],[83.422,28.764],[83.427,28.766],[83.433,28.768],[83.436,28.769],[83.44,28.769],[83.444,28.769],[83.449,28.771],[83.452,28.772],[83.455,28.773],[83.458,28.776],[83.461,28.78],[83.466,28.78],[83.469,28.781],[83.472,28.782],[83.476,28.782],[83.48,28.782],[83.484,28.785],[83.485,28.788],[83.487,28.791],[83.487,28.793],[83.487,28.795],[83.488,28.797],[83.488,28.799],[83.488,28.802],[83.488,28.803],[83.486,28.808],[83.485,28.81],[83.485,28.811],[83.485,28.812],[83.484,28.814],[83.482,28.815],[83.481,28.817],[83.48,28.818],[83.48,28.82],[83.48,28.822],[83.48,28.824],[83.48,28.825],[83.481,28.826],[83.482,28.828],[83.482,28.829],[83.483,28.83],[83.483,28.831],[83.484,28.833],[83.483,28.834],[83.481,28.836],[83.48,28.838],[83.48,28.838],[83.481,28.84],[83.481,28.842],[83.482,28.844],[83.485,28.846],[83.487,28.846],[83.49,28.847],[83.491,28.847],[83.493,28.846],[83.495,28.844],[83.498,28.843],[83.501,28.845],[83.502,28.846],[83.502,28.848],[83.502,28.849],[83.502,28.851],[83.502,28.852],[83.504,28.854],[83.506,28.855],[83.506,28.856],[83.506,28.859],[83.506,28.862],[83.506,28.864],[83.506,28.866],[83.505,28.868],[83.503,28.871],[83.502,28.873],[83.5,28.875],[83.5,28.877],[83.502,28.879],[83.503,28.88],[83.504,28.882],[83.506,28.885],[83.508,28.886],[83.51,28.887],[83.511,28.888],[83.513,28.889],[83.514,28.889],[83.515,28.89],[83.516,28.891],[83.518,28.894],[83.52,28.895],[83.522,28.897],[83.523,28.898],[83.524,28.899],[83.525,28.9],[83.525,28.902],[83.528,28.904],[83.528,28.905],[83.528,28.907],[83.528,28.908],[83.533,28.91],[83.535,28.911],[83.537,28.913],[83.538,28.914],[83.539,28.915],[83.541,28.916],[83.542,28.918],[83.546,28.921],[83.547,28.923],[83.549,28.927],[83.551,28.929],[83.553,28.93],[83.555,28.932],[83.556,28.933],[83.557,28.935],[83.558,28.938],[83.558,28.939],[83.558,28.94],[83.557,28.941],[83.557,28.942],[83.558,28.945],[83.559,28.945],[83.562,28.945],[83.565,28.944],[83.568,28.944],[83.57,28.946],[83.571,28.948],[83.572,28.949],[83.573,28.95],[83.574,28.952],[83.575,28.954],[83.576,28.955],[83.578,28.955],[83.58,28.956],[83.582,28.958],[83.582,28.96],[83.583,28.962],[83.582,28.964],[83.582,28.966],[83.584,28.967],[83.585,28.967],[83.586,28.969],[83.587,28.97],[83.587,28.972],[83.587,28.973],[83.587,28.975],[83.587,28.976],[83.587,28.977],[83.589,28.979],[83.591,28.982],[83.592,28.983],[83.596,28.985],[83.597,28.986],[83.599,28.986],[83.599,28.986],[83.6,28.985],[83.601,28.984],[83.602,28.983],[83.604,28.981],[83.605,28.98],[83.606,28.98],[83.608,28.98],[83.609,28.98],[83.61,28.98],[83.61,28.983],[83.612,28.985],[83.613,28.986],[83.615,28.987],[83.615,28.989],[83.615,28.991],[83.615,28.992],[83.615,28.996],[83.615,28.997],[83.615,28.997],[83.615,29.0],[83.615,29.001],[83.616,29.003],[83.616,29.005],[83.617,29.007],[83.615,29.01],[83.613,29.012],[83.612,29.014],[83.613,29.015],[83.615,29.017],[83.616,29.018],[83.617,29.019],[83.616,29.02],[83.615,29.021],[83.614,29.022],[83.614,29.023],[83.615,29.026],[83.615,29.027],[83.615,29.028],[83.614,29.03],[83.613,29.032],[83.613,29.034],[83.613,29.035],[83.613,29.036],[83.615,29.039],[83.616,29.041],[83.617,29.042],[83.619,29.046],[83.619,29.047],[83.619,29.05],[83.619,29.052],[83.618,29.055],[83.619,29.056],[83.619,29.058],[83.62,29.061],[83.623,29.061],[83.627,29.063],[83.631,29.063],[83.631,29.065],[83.631,29.068],[83.63,29.07],[83.63,29.071],[83.63,29.073],[83.63,29.076],[83.631,29.079],[83.631,29.08],[83.629,29.082],[83.628,29.083],[83.627,29.084],[83.626,29.086],[83.625,29.087],[83.624,29.088],[83.623,29.089],[83.62,29.09],[83.617,29.092],[83.615,29.095],[83.615,29.097],[83.616,29.099],[83.618,29.098],[83.621,29.098],[83.622,29.1],[83.623,29.102],[83.625,29.103],[83.627,29.105],[83.629,29.107],[83.631,29.107],[83.635,29.107],[83.637,29.107],[83.639,29.106],[83.642,29.106],[83.643,29.105],[83.645,29.104],[83.648,29.104],[83.65,29.105],[83.651,29.106],[83.652,29.108],[83.652,29.11],[83.652,29.111],[83.651,29.113],[83.651,29.115],[83.651,29.118],[83.653,29.121],[83.655,29.122],[83.657,29.122],[83.658,29.123],[83.659,29.124],[83.661,29.125],[83.663,29.125],[83.665,29.124],[83.666,29.124],[83.669,29.123],[83.672,29.123],[83.674,29.124],[83.677,29.124],[83.679,29.124],[83.68,29.124],[83.679,29.125],[83.679,29.127],[83.679,29.129],[83.68,29.131],[83.679,29.133],[83.678,29.134],[83.677,29.135],[83.675,29.137],[83.676,29.139],[83.676,29.143],[83.676,29.144],[83.675,29.146],[83.676,29.148],[83.675,29.15],[83.673,29.152],[83.672,29.153],[83.669,29.154],[83.666,29.155],[83.664,29.156],[83.663,29.157],[83.663,29.159],[83.663,29.161],[83.663,29.163],[83.662,29.164],[83.662,29.165],[83.663,29.167],[83.664,29.168],[83.666,29.169],[83.666,29.171],[83.664,29.172],[83.663,29.173],[83.662,29.174],[83.661,29.174],[83.659,29.175],[83.659,29.178],[83.662,29.181],[83.662,29.185],[83.658,29.188],[83.658,29.191],[83.658,29.194],[83.658,29.197],[83.656,29.2],[83.657,29.204],[83.663,29.205],[83.667,29.207],[83.672,29.207],[83.676,29.208],[83.679,29.21],[83.684,29.213],[83.687,29.216],[83.691,29.219],[83.693,29.222],[83.695,29.225],[83.697,29.227],[83.699,29.23],[83.7,29.234],[83.704,29.237],[83.708,29.238],[83.71,29.241],[83.712,29.245],[83.718,29.243],[83.723,29.242],[83.726,29.243],[83.73,29.244],[83.734,29.245],[83.739,29.244],[83.745,29.244],[83.75,29.244],[83.753,29.243],[83.754,29.242],[83.757,29.242],[83.761,29.24],[83.766,29.24],[83.77,29.243],[83.771,29.246],[83.775,29.247],[83.778,29.248],[83.781,29.244],[83.787,29.246],[83.791,29.247],[83.792,29.249],[83.793,29.249],[83.797,29.25],[83.798,29.251],[83.798,29.254],[83.8,29.255],[83.802,29.256],[83.8,29.259],[83.8,29.261],[83.799,29.263],[83.799,29.265],[83.797,29.268],[83.796,29.27],[83.795,29.272],[83.794,29.275],[83.795,29.277],[83.796,29.279],[83.797,29.281],[83.8,29.282],[83.803,29.283],[83.805,29.284],[83.808,29.286],[83.808,29.287],[83.809,29.289],[83.811,29.291],[83.81,29.292],[83.809,29.295],[83.811,29.297],[83.813,29.3],[83.813,29.302],[83.815,29.303],[83.818,29.303],[83.822,29.303],[83.824,29.302],[83.825,29.3],[83.828,29.299],[83.831,29.298],[83.832,29.299],[83.835,29.301],[83.837,29.299],[83.839,29.298],[83.842,29.299],[83.845,29.299],[83.847,29.298],[83.849,29.298],[83.851,29.299],[83.854,29.301],[83.855,29.303],[83.855,29.305],[83.856,29.308],[83.856,29.31],[83.859,29.31],[83.862,29.311],[83.865,29.312],[83.868,29.312],[83.871,29.313],[83.874,29.314],[83.876,29.315],[83.878,29.316],[83.881,29.317],[83.884,29.318],[83.886,29.32],[83.888,29.32],[83.891,29.32],[83.894,29.319],[83.897,29.319],[83.899,29.321],[83.901,29.323],[83.903,29.325],[83.907,29.325],[83.91,29.324],[83.913,29.323],[83.917,29.323],[83.92,29.323],[83.923,29.321],[83.925,29.32],[83.928,29.319],[83.931,29.319],[83.935,29.319],[83.937,29.318],[83.94,29.317],[83.944,29.316],[83.948,29.317],[83.95,29.319],[83.954,29.324],[83.958,29.327],[83.961,29.331],[83.964,29.331]]]]}},{"type":"Feature","properties":{"PROVINCE":"Lumbini","PCODE":"NP05"},"geometry":{"type":"MultiPolygon","coordinates":[[[[82.671,28.852],[82.675,28.854],[82.683,28.859],[82.692,28.863],[82.699,28.862],[82.702,28.858],[82.706,28.854],[82.712,28.852],[82.72,28.85],[82.724,28.849],[82.729,28.847],[82.735,28.848],[82.738,28.846],[82.743,28.845],[82.746,28.838],[82.748,28.833],[82.755,28.824],[82.76,28.819],[82.766,28.809],[82.767,28.81],[82.768,28.811],[82.769,28.812],[82.77,28.813],[82.77,28.813],[82.772,28.815],[82.773,28.816],[82.775,28.818],[82.777,28.819],[82.778,28.82],[82.78,28.822],[82.781,28.823],[82.782,28.824],[82.784,28.824],[82.785,28.823],[82.787,28.822],[82.79,28.822],[82.793,28.821],[82.794,28.82],[82.795,28.821],[82.796,28.821],[82.799,28.821],[82.8,28.821],[82.802,28.822],[82.804,28.823],[82.805,28.824],[82.807,28.825],[82.809,28.826],[82.811,28.827],[82.813,28.828],[82.814,28.829],[82.815,28.829],[82.816,28.83],[82.817,28.831],[82.818,28.831],[82.819,28.83],[82.821,28.83],[82.822,28.83],[82.824,28.831],[82.828,28.831],[82.83,28.831],[82.832,28.83],[82.833,28.83],[82.835,28.831],[82.836,28.832],[82.838,28.831],[82.84,28.83],[82.841,28.828],[82.841,28.827],[82.842,28.827],[82.843,28.827],[82.845,28.827],[82.847,28.827],[82.848,28.828],[82.851,28.829],[82.852,28.83],[82.854,28.832],[82.856,28.832],[82.858,28.833],[82.859,28.832],[82.862,28.832],[82.863,28.832],[82.865,28.832],[82.865,28.833],[82.869,28.834],[82.871,28.833],[82.873,28.831],[82.874,28.831],[82.876,28.831],[82.877,28.831],[82.879,28.831],[82.88,28.83],[82.882,28.829],[82.883,28.828],[82.884,28.827],[82.886,28.826],[82.887,28.826],[82.889,28.826],[82.891,28.826],[82.892,28.827],[82.893,28.827],[82.895,28.826],[82.896,28.825],[82.898,28.825],[82.899,28.826],[82.899,28.827],[82.9,28.829],[82.901,28.829],[82.904,28.83],[82.904,28.831],[82.904,28.832],[82.905,28.832],[82.907,28.832],[82.908,28.832],[82.91,28.831],[82.912,28.831],[82.914,28.831],[82.916,28.831],[82.918,28.831],[82.92,28.83],[82.922,28.83],[82.923,28.829],[82.925,28.828],[82.926,28.828],[82.93,28.827],[82.932,28.827],[82.934,28.827],[82.936,28.827],[82.937,28.828],[82.938,28.828],[82.939,28.828],[82.941,28.827],[82.942,28.827],[82.943,28.827],[82.944,28.828],[82.945,28.828],[82.946,28.829],[82.948,28.829],[82.95,28.827],[82.95,28.826],[82.95,28.825],[82.951,28.824],[82.952,28.824],[82.954,28.823],[82.955,28.822],[82.957,28.821],[82.959,28.82],[82.96,28.82],[82.962,28.82],[82.963,28.82],[82.965,28.82],[82.966,28.82],[82.966,28.819],[82.966,28.818],[82.966,28.816],[82.968,28.816],[82.969,28.815],[82.969,28.814],[82.97,28.813],[82.97,28.811],[82.971,28.811],[82.973,28.81],[82.974,28.809],[82.974,28.808],[82.975,28.807],[82.975,28.806],[82.975,28.805],[82.976,28.804],[82.977,28.803],[82.978,28.802],[82.979,28.802],[82.98,28.801],[82.982,28.801],[82.983,28.801],[82.984,28.802],[82.986,28.802],[82.987,28.803],[82.989,28.802],[82.991,28.802],[82.993,28.803],[82.994,28.803],[82.996,28.804],[82.997,28.804],[82.998,28.804],[83.0,28.802],[83.001,28.802],[83.002,28.801],[83.003,28.801],[83.004,28.8],[83.005,28.8],[83.005,28.8],[83.006,28.8],[83.007,28.8],[83.008,28.8],[83.009,28.8],[83.011,28.799],[83.011,28.799],[83.012,28.799],[83.013,28.798],[83.014,28.797],[83.015,28.796],[83.017,28.795],[83.017,28.795],[83.018,28.794],[83.019,28.794],[83.02,28.793],[83.02,28.792],[83.021,28.792],[83.022,28.791],[83.023,28.791],[83.024,28.791],[83.024,28.792],[83.025,28.792],[83.026,28.793],[83.028,28.793],[83.029,28.793],[83.03,28.793],[83.031,28.793],[83.032,28.793],[83.033,28.793],[83.034,28.793],[83.036,28.793],[83.037,28.793],[83.037,28.792],[83.038,28.792],[83.039,28.791],[83.04,28.79],[83.041,28.79],[83.042,28.789],[83.043,28.788],[83.044,28.788],[83.045,28.787],[83.046,28.787],[83.046,28.787],[83.048,28.787],[83.049,28.787],[83.05,28.786],[83.051,28.786],[83.052,28.786],[83.053,28.786],[83.054,28.786],[83.055,28.786],[83.055,28.786],[83.056,28.786],[83.058,28.786],[83.059,28.786],[83.06,28.785],[83.061,28.785],[83.062,28.785],[83.062,28.785],[83.063,28.784],[83.064,28.784],[83.066,28.784],[83.066,28.783],[83.067,28.782],[83.068,28.782],[83.068,28.781],[83.068,28.78],[83.069,28.78],[83.069,28.78],[83.07,28.781],[83.07,28.782],[83.071,28.783],[83.072,28.783],[83.073,28.784],[83.074,28.784],[83.075,28.785],[83.076,28.785],[83.077,28.786],[83.078,28.786],[83.079,28.786],[83.08,28.786],[83.08,28.785],[83.08,28.784],[83.08,28.783],[83.08,28.782],[83.08,28.782],[83.081,28.78],[83.082,28.779],[83.083,28.779],[83.084,28.778],[83.084,28.778],[83.085,28.778],[83.086,28.777],[83.087,28.776],[83.087,28.775],[83.088,28.775],[83.089,28.774],[83.09,28.773],[83.091,28.772],[83.092,28.771],[83.093,28.771],[83.093,28.77],[83.094,28.769],[83.094,28.768],[83.095,28.768],[83.096,28.767],[83.098,28.767],[83.098,28.766],[83.099,28.765],[83.1,28.764],[83.1,28.763],[83.101,28.762],[83.102,28.761],[83.102,28.761],[83.102,28.76],[83.102,28.759],[83.103,28.758],[83.103,28.757],[83.103,28.756],[83.103,28.756],[83.102,28.755],[83.102,28.754],[83.103,28.753],[83.104,28.752],[83.105,28.752],[83.106,28.751],[83.107,28.75],[83.109,28.749],[83.11,28.749],[83.111,28.748],[83.113,28.747],[83.113,28.746],[83.113,28.744],[83.114,28.744],[83.114,28.743],[83.116,28.743],[83.117,28.744],[83.118,28.744],[83.119,28.744],[83.121,28.745],[83.123,28.746],[83.123,28.746],[83.125,28.746],[83.126,28.746],[83.129,28.746],[83.13,28.746],[83.13,28.747],[83.131,28.748],[83.132,28.748],[83.135,28.748],[83.137,28.748],[83.139,28.747],[83.14,28.747],[83.14,28.747],[83.141,28.746],[83.142,28.746],[83.143,28.747],[83.144,28.747],[83.145,28.747],[83.144,28.745],[83.144,28.745],[83.143,28.744],[83.143,28.743],[83.143,28.742],[83.143,28.742],[83.143,28.74],[83.143,28.739],[83.143,28.737],[83.143,28.737],[83.143,28.734],[83.143,28.733],[83.144,28.732],[83.145,28.732],[83.146,28.731],[83.146,28.731],[83.146,28.73],[83.145,28.729],[83.145,28.728],[83.145,28.727],[83.144,28.726],[83.144,28.725],[83.145,28.724],[83.146,28.723],[83.146,28.722],[83.145,28.721],[83.145,28.721],[83.147,28.718],[83.147,28.717],[83.148,28.717],[83.148,28.716],[83.149,28.714],[83.15,28.714],[83.151,28.713],[83.151,28.712],[83.151,28.711],[83.151,28.71],[83.15,28.71],[83.151,28.709],[83.151,28.708],[83.151,28.707],[83.15,28.706],[83.15,28.705],[83.15,28.704],[83.15,28.704],[83.152,28.703],[83.152,28.702],[83.152,28.701],[83.152,28.701],[83.151,28.7],[83.151,28.699],[83.151,28.698],[83.15,28.698],[83.15,28.697],[83.15,28.696],[83.149,28.695],[83.148,28.695],[83.148,28.695],[83.147,28.694],[83.144,28.694],[83.143,28.693],[83.143,28.692],[83.143,28.691],[83.143,28.691],[83.142,28.69],[83.143,28.689],[83.144,28.688],[83.144,28.687],[83.145,28.685],[83.145,28.684],[83.146,28.683],[83.146,28.682],[83.144,28.68],[83.144,28.68],[83.143,28.679],[83.141,28.678],[83.14,28.677],[83.14,28.676],[83.139,28.675],[83.137,28.675],[83.136,28.675],[83.135,28.674],[83.133,28.674],[83.132,28.674],[83.131,28.674],[83.13,28.674],[83.128,28.674],[83.127,28.674],[83.126,28.675],[83.125,28.675],[83.123,28.677],[83.123,28.677],[83.122,28.676],[83.121,28.676],[83.12,28.675],[83.119,28.672],[83.118,28.671],[83.119,28.67],[83.119,28.67],[83.121,28.668],[83.121,28.667],[83.124,28.666],[83.125,28.664],[83.124,28.661],[83.124,28.659],[83.124,28.656],[83.123,28.654],[83.121,28.652],[83.119,28.649],[83.118,28.648],[83.116,28.646],[83.115,28.643],[83.116,28.64],[83.116,28.638],[83.116,28.635],[83.116,28.632],[83.116,28.632],[83.112,28.631],[83.104,28.633],[83.099,28.635],[83.09,28.633],[83.082,28.627],[83.07,28.623],[83.059,28.62],[83.052,28.625],[83.04,28.629],[83.032,28.626],[83.022,28.624],[83.015,28.622],[83.009,28.624],[83.004,28.624],[82.997,28.625],[82.993,28.627],[82.989,28.627],[82.986,28.63],[82.982,28.631],[82.978,28.629],[82.975,28.626],[82.972,28.621],[82.968,28.616],[82.962,28.613],[82.957,28.612],[82.956,28.605],[82.953,28.599],[82.954,28.596],[82.956,28.591],[82.962,28.583],[82.969,28.578],[82.974,28.575],[82.982,28.572],[82.986,28.569],[82.984,28.563],[82.982,28.56],[82.981,28.554],[82.98,28.55],[82.978,28.549],[82.977,28.547],[82.975,28.544],[82.973,28.543],[82.97,28.545],[82.968,28.547],[82.965,28.548],[82.963,28.55],[82.961,28.551],[82.96,28.552],[82.956,28.551],[82.955,28.553],[82.953,28.555],[82.95,28.556],[82.947,28.558],[82.944,28.558],[82.941,28.561],[82.939,28.562],[82.936,28.563],[82.935,28.564],[82.932,28.566],[82.93,28.566],[82.927,28.568],[82.923,28.567],[82.921,28.567],[82.919,28.566],[82.918,28.564],[82.916,28.565],[82.916,28.562],[82.916,28.558],[82.914,28.555],[82.915,28.552],[82.913,28.549],[82.913,28.546],[82.912,28.543],[82.913,28.539],[82.913,28.536],[82.913,28.533],[82.911,28.53],[82.914,28.528],[82.911,28.525],[82.909,28.524],[82.907,28.523],[82.904,28.52],[82.901,28.519],[82.898,28.517],[82.895,28.516],[82.893,28.515],[82.891,28.515],[82.888,28.515],[82.884,28.515],[82.883,28.515],[82.88,28.515],[82.879,28.513],[82.887,28.507],[82.889,28.503],[82.891,28.499],[82.893,28.496],[82.897,28.492],[82.899,28.49],[82.902,28.488],[82.905,28.485],[82.909,28.483],[82.911,28.481],[82.912,28.479],[82.911,28.478],[82.907,28.476],[82.904,28.475],[82.901,28.476],[82.898,28.477],[82.895,28.478],[82.89,28.479],[82.887,28.48],[82.884,28.479],[82.879,28.476],[82.879,28.474],[82.88,28.471],[82.881,28.468],[82.883,28.467],[82.883,28.461],[82.885,28.458],[82.887,28.456],[82.886,28.454],[82.887,28.452],[82.888,28.451],[82.891,28.45],[82.894,28.448],[82.896,28.448],[82.899,28.448],[82.903,28.445],[82.905,28.444],[82.907,28.442],[82.909,28.438],[82.913,28.435],[82.914,28.433],[82.913,28.43],[82.912,28.427],[82.913,28.425],[82.915,28.423],[82.917,28.42],[82.919,28.417],[82.918,28.413],[82.919,28.41],[82.919,28.408],[82.917,28.405],[82.916,28.403],[82.918,28.402],[82.923,28.401],[82.927,28.402],[82.93,28.401],[82.932,28.401],[82.936,28.402],[82.938,28.401],[82.938,28.399],[82.939,28.399],[82.942,28.399],[82.944,28.398],[82.943,28.396],[82.942,28.394],[82.945,28.392],[82.947,28.39],[82.947,28.388],[82.948,28.387],[82.95,28.385],[82.949,28.382],[82.948,28.379],[82.95,28.376],[82.951,28.374],[82.953,28.373],[82.955,28.372],[82.956,28.369],[82.956,28.367],[82.956,28.363],[82.956,28.36],[82.958,28.36],[82.962,28.36],[82.965,28.358],[82.967,28.358],[82.972,28.359],[82.976,28.359],[82.98,28.359],[82.983,28.357],[82.986,28.355],[82.99,28.353],[82.994,28.351],[82.995,28.349],[82.997,28.345],[82.998,28.343],[83.0,28.34],[83.001,28.336],[83.003,28.334],[83.005,28.333],[83.009,28.334],[83.011,28.333],[83.014,28.332],[83.016,28.33],[83.017,28.327],[83.02,28.325],[83.023,28.325],[83.026,28.325],[83.029,28.324],[83.031,28.323],[83.035,28.322],[83.039,28.322],[83.042,28.323],[83.044,28.325],[83.046,28.324],[83.049,28.322],[83.051,28.319],[83.057,28.318],[83.059,28.318],[83.062,28.317],[83.064,28.315],[83.068,28.313],[83.069,28.311],[83.069,28.307],[83.069,28.305],[83.07,28.302],[83.073,28.3],[83.076,28.297],[83.078,28.292],[83.079,28.291],[83.081,28.291],[83.085,28.289],[83.087,28.286],[83.089,28.282],[83.091,28.28],[83.093,28.278],[83.096,28.278],[83.097,28.276],[83.097,28.272],[83.096,28.27],[83.095,28.267],[83.096,28.265],[83.095,28.262],[83.095,28.259],[83.094,28.257],[83.096,28.256],[83.099,28.256],[83.102,28.255],[83.104,28.253],[83.106,28.252],[83.108,28.252],[83.109,28.252],[83.113,28.253],[83.116,28.254],[83.117,28.255],[83.12,28.257],[83.122,28.257],[83.124,28.258],[83.126,28.255],[83.127,28.252],[83.129,28.25],[83.131,28.25],[83.135,28.251],[83.137,28.254],[83.138,28.255],[83.14,28.258],[83.143,28.261],[83.145,28.262],[83.148,28.264],[83.15,28.267],[83.152,28.267],[83.154,28.27],[83.157,28.271],[83.159,28.269],[83.162,28.267],[83.162,28.265],[83.163,28.263],[83.165,28.262],[83.167,28.26],[83.168,28.258],[83.171,28.26],[83.174,28.262],[83.175,28.264],[83.178,28.265],[83.179,28.267],[83.181,28.268],[83.183,28.269],[83.184,28.271],[83.185,28.27],[83.187,28.268],[83.189,28.266],[83.19,28.264],[83.194,28.263],[83.198,28.259],[83.202,28.257],[83.204,28.256],[83.205,28.254],[83.206,28.252],[83.21,28.25],[83.213,28.249],[83.215,28.249],[83.216,28.247],[83.216,28.244],[83.22,28.241],[83.221,28.239],[83.223,28.236],[83.225,28.236],[83.226,28.234],[83.226,28.232],[83.228,28.231],[83.23,28.229],[83.232,28.227],[83.233,28.225],[83.234,28.222],[83.235,28.221],[83.238,28.221],[83.24,28.22],[83.242,28.22],[83.244,28.218],[83.247,28.217],[83.248,28.216],[83.251,28.215],[83.252,28.214],[83.254,28.211],[83.254,28.207],[83.257,28.205],[83.259,28.203],[83.259,28.202],[83.261,28.2],[83.265,28.2],[83.267,28.199],[83.27,28.197],[83.271,28.195],[83.271,28.192],[83.273,28.19],[83.274,28.188],[83.276,28.189],[83.278,28.191],[83.28,28.19],[83.282,28.19],[83.285,28.191],[83.287,28.193],[83.291,28.193],[83.295,28.193],[83.298,28.193],[83.3,28.194],[83.304,28.197],[83.307,28.198],[83.309,28.197],[83.31,28.195],[83.311,28.194],[83.314,28.193],[83.316,28.191],[83.319,28.191],[83.321,28.19],[83.325,28.191],[83.327,28.189],[83.331,28.189],[83.332,28.19],[83.334,28.19],[83.337,28.19],[83.34,28.191],[83.342,28.192],[83.345,28.194],[83.347,28.193],[83.348,28.194],[83.35,28.194],[83.351,28.196],[83.353,28.198],[83.356,28.197],[83.356,28.196],[83.359,28.195],[83.361,28.193],[83.363,28.192],[83.364,28.189],[83.364,28.187],[83.365,28.186],[83.367,28.184],[83.369,28.184],[83.37,28.182],[83.37,28.18],[83.37,28.177],[83.372,28.176],[83.373,28.176],[83.375,28.175],[83.377,28.173],[83.38,28.168],[83.382,28.167],[83.384,28.164],[83.386,28.165],[83.388,28.167],[83.39,28.167],[83.391,28.164],[83.392,28.163],[83.394,28.16],[83.394,28.158],[83.396,28.155],[83.398,28.154],[83.4,28.151],[83.403,28.15],[83.405,28.149],[83.406,28.148],[83.407,28.146],[83.408,28.145],[83.411,28.144],[83.411,28.141],[83.413,28.139],[83.414,28.138],[83.417,28.137],[83.418,28.137],[83.418,28.135],[83.419,28.134],[83.42,28.131],[83.42,28.129],[83.422,28.127],[83.423,28.125],[83.424,28.126],[83.428,28.127],[83.43,28.128],[83.431,28.129],[83.435,28.13],[83.437,28.13],[83.439,28.131],[83.441,28.13],[83.442,28.128],[83.443,28.126],[83.445,28.125],[83.446,28.125],[83.448,28.126],[83.45,28.126],[83.452,28.127],[83.453,28.129],[83.454,28.13],[83.456,28.131],[83.458,28.132],[83.459,28.132],[83.46,28.131],[83.461,28.13],[83.463,28.13],[83.464,28.131],[83.466,28.131],[83.467,28.132],[83.47,28.132],[83.471,28.132],[83.474,28.132],[83.475,28.131],[83.477,28.131],[83.478,28.13],[83.478,28.129],[83.478,28.127],[83.477,28.125],[83.477,28.124],[83.476,28.122],[83.475,28.12],[83.474,28.119],[83.477,28.118],[83.48,28.118],[83.483,28.117],[83.484,28.115],[83.486,28.113],[83.489,28.113],[83.492,28.115],[83.495,28.117],[83.498,28.117],[83.5,28.118],[83.5,28.119],[83.502,28.121],[83.505,28.124],[83.506,28.126],[83.508,28.127],[83.509,28.126],[83.51,28.127],[83.512,28.126],[83.513,28.125],[83.515,28.124],[83.516,28.122],[83.521,28.12],[83.523,28.121],[83.526,28.121],[83.528,28.119],[83.531,28.118],[83.532,28.117],[83.536,28.119],[83.54,28.12],[83.544,28.121],[83.546,28.12],[83.549,28.12],[83.552,28.118],[83.555,28.117],[83.554,28.115],[83.555,28.113],[83.555,28.111],[83.555,28.108],[83.556,28.106],[83.558,28.105],[83.561,28.104],[83.563,28.102],[83.565,28.101],[83.565,28.098],[83.563,28.096],[83.562,28.095],[83.563,28.092],[83.565,28.091],[83.567,28.09],[83.57,28.089],[83.574,28.088],[83.576,28.087],[83.576,28.084],[83.577,28.081],[83.579,28.079],[83.581,28.078],[83.58,28.077],[83.577,28.076],[83.574,28.074],[83.572,28.073],[83.569,28.068],[83.569,28.066],[83.567,28.065],[83.564,28.065],[83.561,28.065],[83.561,28.063],[83.563,28.06],[83.564,28.059],[83.563,28.057],[83.562,28.053],[83.561,28.048],[83.56,28.045],[83.559,28.043],[83.561,28.042],[83.562,28.042],[83.564,28.04],[83.563,28.038],[83.562,28.035],[83.565,28.034],[83.568,28.033],[83.571,28.033],[83.574,28.033],[83.577,28.034],[83.579,28.034],[83.58,28.031],[83.582,28.029],[83.584,28.026],[83.587,28.026],[83.59,28.026],[83.591,28.024],[83.592,28.021],[83.593,28.022],[83.595,28.022],[83.597,28.019],[83.598,28.017],[83.599,28.015],[83.602,28.014],[83.604,28.013],[83.605,28.01],[83.605,28.006],[83.604,28.004],[83.603,28.002],[83.604,28.0],[83.603,27.997],[83.602,27.996],[83.6,27.994],[83.598,27.993],[83.596,27.991],[83.593,27.989],[83.59,27.989],[83.587,27.988],[83.585,27.988],[83.584,27.987],[83.584,27.984],[83.585,27.982],[83.585,27.98],[83.582,27.979],[83.579,27.978],[83.579,27.976],[83.576,27.975],[83.573,27.976],[83.566,27.975],[83.56,27.974],[83.556,27.975],[83.554,27.976],[83.548,27.974],[83.547,27.972],[83.544,27.971],[83.539,27.97],[83.534,27.969],[83.533,27.966],[83.53,27.965],[83.528,27.966],[83.526,27.966],[83.523,27.964],[83.52,27.965],[83.516,27.967],[83.514,27.967],[83.511,27.968],[83.509,27.969],[83.507,27.971],[83.505,27.973],[83.502,27.976],[83.499,27.977],[83.497,27.978],[83.494,27.978],[83.492,27.979],[83.49,27.98],[83.489,27.981],[83.486,27.982],[83.485,27.982],[83.484,27.982],[83.482,27.981],[83.48,27.979],[83.479,27.977],[83.477,27.975],[83.475,27.974],[83.473,27.971],[83.471,27.969],[83.469,27.967],[83.467,27.965],[83.466,27.963],[83.465,27.962],[83.464,27.959],[83.463,27.956],[83.461,27.953],[83.458,27.952],[83.455,27.95],[83.453,27.949],[83.451,27.948],[83.448,27.947],[83.445,27.946],[83.443,27.944],[83.444,27.942],[83.445,27.94],[83.445,27.938],[83.443,27.937],[83.44,27.935],[83.44,27.933],[83.443,27.932],[83.445,27.931],[83.448,27.929],[83.45,27.929],[83.452,27.932],[83.454,27.933],[83.455,27.933],[83.456,27.933],[83.459,27.934],[83.461,27.934],[83.464,27.932],[83.466,27.931],[83.468,27.928],[83.471,27.927],[83.474,27.927],[83.475,27.926],[83.477,27.925],[83.48,27.924],[83.483,27.923],[83.484,27.923],[83.486,27.924],[83.487,27.926],[83.489,27.928],[83.49,27.929],[83.493,27.929],[83.495,27.928],[83.498,27.927],[83.501,27.927],[83.507,27.929],[83.51,27.933],[83.509,27.934],[83.507,27.933],[83.506,27.934],[83.503,27.936],[83.504,27.939],[83.506,27.94],[83.509,27.941],[83.513,27.939],[83.515,27.938],[83.517,27.936],[83.519,27.934],[83.522,27.931],[83.523,27.929],[83.522,27.926],[83.523,27.924],[83.526,27.926],[83.528,27.93],[83.53,27.931],[83.531,27.934],[83.53,27.937],[83.531,27.939],[83.533,27.939],[83.536,27.938],[83.537,27.936],[83.536,27.933],[83.537,27.93],[83.538,27.928],[83.542,27.928],[83.545,27.929],[83.547,27.929],[83.548,27.928],[83.553,27.93],[83.555,27.931],[83.558,27.933],[83.56,27.935],[83.563,27.934],[83.565,27.934],[83.566,27.935],[83.567,27.937],[83.568,27.942],[83.571,27.943],[83.573,27.942],[83.574,27.94],[83.576,27.937],[83.575,27.934],[83.574,27.931],[83.576,27.931],[83.578,27.93],[83.58,27.93],[83.582,27.93],[83.585,27.931],[83.589,27.931],[83.593,27.931],[83.594,27.93],[83.597,27.928],[83.599,27.925],[83.601,27.923],[83.605,27.924],[83.61,27.925],[83.612,27.926],[83.614,27.928],[83.616,27.93],[83.618,27.93],[83.619,27.929],[83.62,27.927],[83.622,27.926],[83.624,27.926],[83.626,27.926],[83.626,27.923],[83.621,27.918],[83.622,27.917],[83.623,27.916],[83.629,27.915],[83.632,27.915],[83.634,27.913],[83.632,27.912],[83.632,27.908],[83.632,27.904],[83.633,27.901],[83.635,27.899],[83.636,27.901],[83.641,27.902],[83.642,27.901],[83.644,27.899],[83.645,27.899],[83.646,27.9],[83.649,27.902],[83.652,27.902],[83.655,27.903],[83.656,27.905],[83.658,27.908],[83.66,27.912],[83.664,27.917],[83.665,27.918],[83.667,27.921],[83.669,27.924],[83.672,27.926],[83.675,27.927],[83.678,27.927],[83.682,27.924],[83.681,27.922],[83.68,27.92],[83.681,27.918],[83.683,27.916],[83.685,27.917],[83.687,27.921],[83.689,27.924],[83.691,27.923],[83.694,27.921],[83.696,27.918],[83.699,27.917],[83.701,27.919],[83.704,27.918],[83.707,27.917],[83.709,27.916],[83.711,27.917],[83.714,27.918],[83.717,27.92],[83.72,27.919],[83.722,27.916],[83.723,27.914],[83.725,27.912],[83.728,27.911],[83.73,27.91],[83.734,27.908],[83.735,27.906],[83.735,27.904],[83.737,27.903],[83.74,27.902],[83.743,27.9],[83.747,27.9],[83.747,27.902],[83.746,27.903],[83.744,27.904],[83.743,27.905],[83.744,27.907],[83.751,27.907],[83.754,27.904],[83.758,27.903],[83.758,27.905],[83.756,27.908],[83.756,27.909],[83.758,27.91],[83.76,27.91],[83.762,27.91],[83.765,27.908],[83.767,27.907],[83.768,27.907],[83.77,27.906],[83.773,27.905],[83.777,27.902],[83.779,27.899],[83.781,27.897],[83.782,27.895],[83.783,27.894],[83.784,27.893],[83.784,27.892],[83.785,27.889],[83.788,27.886],[83.789,27.885],[83.792,27.884],[83.795,27.883],[83.797,27.883],[83.799,27.881],[83.8,27.88],[83.803,27.877],[83.804,27.875],[83.805,27.874],[83.809,27.874],[83.812,27.874],[83.815,27.874],[83.817,27.875],[83.82,27.877],[83.821,27.878],[83.822,27.877],[83.825,27.875],[83.827,27.874],[83.83,27.872],[83.833,27.871],[83.834,27.871],[83.836,27.87],[83.839,27.869],[83.845,27.869],[83.846,27.869],[83.847,27.871],[83.847,27.873],[83.847,27.874],[83.846,27.876],[83.845,27.877],[83.844,27.879],[83.844,27.881],[83.848,27.882],[83.85,27.882],[83.851,27.881],[83.852,27.88],[83.852,27.879],[83.851,27.877],[83.851,27.875],[83.852,27.874],[83.855,27.873],[83.857,27.874],[83.86,27.874],[83.861,27.877],[83.86,27.881],[83.863,27.883],[83.865,27.884],[83.869,27.885],[83.872,27.885],[83.873,27.886],[83.875,27.887],[83.876,27.888],[83.878,27.888],[83.88,27.888],[83.88,27.885],[83.88,27.883],[83.882,27.882],[83.884,27.883],[83.889,27.885],[83.89,27.886],[83.892,27.886],[83.894,27.885],[83.897,27.884],[83.901,27.882],[83.906,27.881],[83.91,27.88],[83.913,27.878],[83.913,27.877],[83.911,27.875],[83.911,27.873],[83.913,27.872],[83.915,27.871],[83.92,27.872],[83.922,27.87],[83.924,27.869],[83.926,27.868],[83.929,27.87],[83.931,27.872],[83.933,27.873],[83.935,27.875],[83.936,27.877],[83.938,27.878],[83.941,27.878],[83.943,27.875],[83.944,27.874],[83.945,27.871],[83.948,27.87],[83.95,27.869],[83.954,27.87],[83.956,27.872],[83.958,27.873],[83.962,27.872],[83.965,27.871],[83.967,27.87],[83.97,27.871],[83.971,27.873],[83.973,27.871],[83.974,27.869],[83.976,27.867],[83.978,27.866],[83.982,27.866],[83.985,27.866],[83.988,27.867],[83.991,27.867],[83.993,27.866],[83.996,27.865],[83.997,27.862],[83.997,27.86],[83.998,27.857],[84.0,27.855],[84.007,27.855],[84.016,27.851],[84.021,27.851],[84.023,27.853],[84.02,27.856],[84.017,27.857],[84.015,27.859],[84.018,27.862],[84.023,27.861],[84.025,27.859],[84.028,27.855],[84.027,27.853],[84.026,27.853],[84.025,27.852],[84.024,27.85],[84.023,27.849],[84.023,27.848],[84.023,27.846],[84.022,27.844],[84.02,27.841],[84.021,27.839],[84.022,27.837],[84.024,27.836],[84.025,27.834],[84.025,27.832],[84.026,27.829],[84.026,27.827],[84.026,27.825],[84.026,27.822],[84.027,27.821],[84.025,27.82],[84.024,27.819],[84.021,27.819],[84.02,27.817],[84.02,27.815],[84.017,27.814],[84.015,27.812],[84.014,27.809],[84.014,27.807],[84.013,27.804],[84.012,27.801],[84.01,27.799],[84.008,27.798],[84.007,27.797],[84.005,27.796],[84.004,27.793],[84.002,27.791],[84.001,27.79],[84.001,27.789],[84.0,27.787],[84.0,27.785],[84.0,27.782],[84.0,27.779],[83.999,27.775],[83.998,27.773],[83.997,27.771],[83.995,27.767],[83.994,27.765],[83.994,27.763],[83.993,27.762],[83.993,27.759],[83.992,27.755],[83.992,27.754],[83.994,27.753],[83.994,27.752],[83.994,27.751],[83.991,27.75],[83.989,27.749],[83.987,27.748],[83.985,27.749],[83.983,27.749],[83.982,27.749],[83.979,27.749],[83.976,27.748],[83.972,27.748],[83.972,27.749],[83.97,27.75],[83.968,27.749],[83.968,27.748],[83.966,27.747],[83.964,27.747],[83.963,27.748],[83.961,27.748],[83.96,27.747],[83.959,27.747],[83.957,27.747],[83.956,27.747],[83.955,27.747],[83.952,27.747],[83.951,27.747],[83.95,27.747],[83.948,27.746],[83.947,27.745],[83.947,27.744],[83.945,27.744],[83.942,27.742],[83.939,27.741],[83.936,27.739],[83.934,27.738],[83.931,27.736],[83.928,27.734],[83.927,27.733],[83.926,27.731],[83.925,27.73],[83.925,27.727],[83.923,27.727],[83.921,27.727],[83.919,27.73],[83.917,27.729],[83.915,27.73],[83.912,27.731],[83.91,27.731],[83.906,27.732],[83.908,27.733],[83.908,27.735],[83.904,27.736],[83.904,27.734],[83.903,27.731],[83.901,27.73],[83.9,27.732],[83.898,27.732],[83.896,27.73],[83.894,27.731],[83.892,27.731],[83.889,27.73],[83.888,27.732],[83.887,27.732],[83.885,27.733],[83.884,27.735],[83.882,27.735],[83.88,27.734],[83.879,27.735],[83.877,27.735],[83.876,27.736],[83.876,27.733],[83.875,27.734],[83.873,27.734],[83.871,27.734],[83.869,27.735],[83.867,27.734],[83.864,27.734],[83.861,27.734],[83.857,27.734],[83.854,27.734],[83.852,27.733],[83.849,27.734],[83.847,27.735],[83.844,27.735],[83.843,27.734],[83.842,27.732],[83.842,27.73],[83.844,27.728],[83.844,27.726],[83.844,27.724],[83.844,27.721],[83.844,27.719],[83.845,27.716],[83.847,27.714],[83.849,27.712],[83.847,27.71],[83.846,27.71],[83.843,27.711],[83.84,27.711],[83.837,27.712],[83.835,27.713],[83.833,27.714],[83.831,27.714],[83.827,27.714],[83.824,27.714],[83.823,27.712],[83.821,27.711],[83.819,27.712],[83.817,27.713],[83.815,27.714],[83.812,27.714],[83.81,27.716],[83.808,27.717],[83.805,27.718],[83.804,27.719],[83.803,27.721],[83.799,27.722],[83.796,27.722],[83.792,27.722],[83.79,27.723],[83.788,27.724],[83.786,27.725],[83.783,27.725],[83.78,27.725],[83.776,27.724],[83.774,27.724],[83.773,27.724],[83.771,27.723],[83.767,27.722],[83.763,27.722],[83.761,27.722],[83.759,27.722],[83.757,27.72],[83.754,27.721],[83.749,27.72],[83.747,27.72],[83.745,27.719],[83.743,27.717],[83.742,27.716],[83.739,27.715],[83.736,27.715],[83.733,27.714],[83.732,27.714],[83.731,27.712],[83.73,27.71],[83.728,27.709],[83.727,27.71],[83.723,27.71],[83.721,27.711],[83.721,27.712],[83.718,27.713],[83.716,27.714],[83.714,27.716],[83.711,27.715],[83.708,27.716],[83.706,27.715],[83.704,27.716],[83.701,27.716],[83.701,27.717],[83.697,27.716],[83.695,27.716],[83.693,27.718],[83.691,27.719],[83.688,27.719],[83.686,27.72],[83.682,27.721],[83.679,27.72],[83.677,27.719],[83.68,27.719],[83.682,27.718],[83.684,27.716],[83.686,27.714],[83.687,27.712],[83.689,27.709],[83.69,27.708],[83.69,27.705],[83.69,27.702],[83.69,27.699],[83.691,27.697],[83.692,27.695],[83.694,27.694],[83.696,27.693],[83.697,27.692],[83.698,27.691],[83.7,27.689],[83.702,27.687],[83.702,27.686],[83.704,27.683],[83.703,27.682],[83.702,27.681],[83.702,27.68],[83.701,27.679],[83.7,27.677],[83.7,27.676],[83.699,27.672],[83.698,27.669],[83.698,27.667],[83.696,27.663],[83.696,27.662],[83.699,27.663],[83.702,27.662],[83.703,27.662],[83.705,27.66],[83.706,27.659],[83.708,27.659],[83.71,27.661],[83.714,27.662],[83.716,27.664],[83.718,27.666],[83.719,27.667],[83.72,27.67],[83.721,27.67],[83.722,27.671],[83.724,27.671],[83.725,27.673],[83.727,27.671],[83.731,27.671],[83.733,27.669],[83.736,27.67],[83.741,27.67],[83.741,27.669],[83.742,27.668],[83.744,27.667],[83.747,27.667],[83.749,27.667],[83.752,27.667],[83.758,27.667],[83.759,27.665],[83.76,27.663],[83.763,27.661],[83.765,27.664],[83.768,27.667],[83.77,27.666],[83.775,27.666],[83.78,27.667],[83.783,27.667],[83.785,27.667],[83.788,27.666],[83.791,27.667],[83.795,27.666],[83.798,27.666],[83.801,27.665],[83.805,27.663],[83.809,27.662],[83.812,27.662],[83.811,27.661],[83.811,27.657],[83.81,27.655],[83.813,27.654],[83.811,27.652],[83.81,27.65],[83.81,27.649],[83.807,27.648],[83.807,27.647],[83.807,27.646],[83.809,27.646],[83.808,27.645],[83.808,27.643],[83.809,27.641],[83.81,27.64],[83.81,27.638],[83.81,27.636],[83.807,27.634],[83.804,27.633],[83.803,27.632],[83.802,27.631],[83.801,27.629],[83.803,27.628],[83.803,27.626],[83.805,27.623],[83.805,27.621],[83.804,27.621],[83.802,27.621],[83.8,27.621],[83.798,27.621],[83.798,27.618],[83.799,27.615],[83.8,27.612],[83.797,27.61],[83.794,27.61],[83.792,27.608],[83.79,27.607],[83.791,27.605],[83.794,27.602],[83.795,27.601],[83.797,27.599],[83.799,27.598],[83.801,27.596],[83.803,27.597],[83.805,27.597],[83.807,27.597],[83.81,27.595],[83.809,27.592],[83.808,27.59],[83.808,27.589],[83.812,27.589],[83.815,27.59],[83.819,27.592],[83.821,27.593],[83.824,27.592],[83.827,27.59],[83.829,27.589],[83.83,27.588],[83.832,27.588],[83.834,27.587],[83.835,27.586],[83.837,27.584],[83.839,27.58],[83.84,27.577],[83.842,27.573],[83.84,27.572],[83.836,27.57],[83.833,27.567],[83.832,27.565],[83.832,27.563],[83.833,27.561],[83.833,27.558],[83.836,27.553],[83.837,27.55],[83.837,27.546],[83.838,27.545],[83.839,27.547],[83.841,27.549],[83.842,27.55],[83.842,27.552],[83.841,27.555],[83.842,27.556],[83.844,27.559],[83.845,27.559],[83.847,27.56],[83.849,27.559],[83.851,27.559],[83.852,27.556],[83.854,27.552],[83.855,27.549],[83.858,27.547],[83.859,27.545],[83.862,27.545],[83.864,27.544],[83.867,27.543],[83.87,27.542],[83.872,27.54],[83.874,27.537],[83.877,27.534],[83.88,27.531],[83.882,27.528],[83.882,27.527],[83.883,27.524],[83.882,27.521],[83.879,27.521],[83.877,27.518],[83.876,27.516],[83.876,27.513],[83.876,27.51],[83.879,27.509],[83.883,27.508],[83.886,27.509],[83.887,27.508],[83.89,27.506],[83.893,27.505],[83.895,27.503],[83.897,27.501],[83.897,27.5],[83.895,27.5],[83.891,27.499],[83.889,27.498],[83.886,27.496],[83.884,27.496],[83.882,27.494],[83.879,27.492],[83.875,27.49],[83.875,27.488],[83.878,27.485],[83.88,27.484],[83.882,27.482],[83.885,27.481],[83.886,27.48],[83.886,27.476],[83.886,27.474],[83.886,27.473],[83.886,27.472],[83.886,27.469],[83.885,27.466],[83.884,27.464],[83.887,27.463],[83.89,27.462],[83.889,27.46],[83.887,27.457],[83.887,27.455],[83.888,27.447],[83.893,27.441],[83.893,27.437],[83.884,27.436],[83.874,27.432],[83.869,27.43],[83.867,27.426],[83.869,27.421],[83.871,27.416],[83.872,27.412],[83.875,27.402],[83.873,27.394],[83.881,27.391],[83.894,27.39],[83.903,27.39],[83.906,27.385],[83.905,27.38],[83.902,27.375],[83.899,27.371],[83.895,27.369],[83.892,27.367],[83.891,27.365],[83.891,27.363],[83.891,27.362],[83.889,27.36],[83.888,27.359],[83.884,27.358],[83.879,27.354],[83.87,27.351],[83.865,27.348],[83.862,27.347],[83.842,27.362],[83.83,27.37],[83.804,27.382],[83.766,27.4],[83.761,27.402],[83.76,27.403],[83.745,27.409],[83.74,27.412],[83.735,27.415],[83.729,27.417],[83.725,27.419],[83.717,27.423],[83.712,27.425],[83.709,27.426],[83.705,27.428],[83.701,27.43],[83.697,27.432],[83.693,27.434],[83.689,27.436],[83.685,27.437],[83.681,27.439],[83.676,27.442],[83.673,27.443],[83.668,27.445],[83.663,27.447],[83.657,27.45],[83.651,27.453],[83.646,27.455],[83.642,27.457],[83.639,27.459],[83.638,27.459],[83.633,27.461],[83.631,27.463],[83.627,27.464],[83.623,27.466],[83.62,27.467],[83.606,27.47],[83.58,27.471],[83.555,27.472],[83.541,27.473],[83.517,27.474],[83.492,27.475],[83.484,27.475],[83.459,27.477],[83.428,27.478],[83.415,27.479],[83.389,27.48],[83.391,27.478],[83.392,27.475],[83.39,27.474],[83.388,27.471],[83.391,27.471],[83.396,27.469],[83.397,27.466],[83.4,27.467],[83.403,27.466],[83.4,27.464],[83.4,27.46],[83.402,27.457],[83.4,27.453],[83.396,27.447],[83.392,27.447],[83.389,27.445],[83.384,27.442],[83.385,27.441],[83.386,27.439],[83.384,27.437],[83.388,27.432],[83.392,27.429],[83.393,27.426],[83.395,27.423],[83.4,27.421],[83.401,27.42],[83.4,27.419],[83.403,27.42],[83.407,27.416],[83.409,27.415],[83.41,27.414],[83.408,27.412],[83.406,27.411],[83.406,27.407],[83.404,27.403],[83.401,27.4],[83.398,27.398],[83.396,27.396],[83.392,27.395],[83.386,27.391],[83.385,27.388],[83.386,27.386],[83.387,27.383],[83.388,27.377],[83.387,27.375],[83.385,27.372],[83.38,27.37],[83.373,27.367],[83.374,27.36],[83.372,27.358],[83.366,27.355],[83.359,27.351],[83.358,27.35],[83.359,27.346],[83.359,27.343],[83.357,27.345],[83.352,27.343],[83.353,27.341],[83.35,27.34],[83.344,27.338],[83.34,27.334],[83.336,27.334],[83.333,27.333],[83.329,27.335],[83.326,27.335],[83.325,27.336],[83.321,27.337],[83.318,27.337],[83.319,27.336],[83.316,27.334],[83.316,27.332],[83.318,27.331],[83.315,27.332],[83.309,27.333],[83.305,27.332],[83.302,27.334],[83.296,27.334],[83.295,27.335],[83.292,27.336],[83.277,27.349],[83.267,27.369],[83.27,27.376],[83.257,27.394],[83.24,27.407],[83.236,27.408],[83.226,27.412],[83.222,27.415],[83.216,27.419],[83.21,27.426],[83.205,27.432],[83.201,27.439],[83.193,27.449],[83.19,27.452],[83.189,27.454],[83.185,27.455],[83.179,27.455],[83.175,27.456],[83.171,27.457],[83.166,27.458],[83.162,27.458],[83.154,27.457],[83.151,27.457],[83.145,27.457],[83.139,27.456],[83.133,27.456],[83.128,27.456],[83.124,27.455],[83.121,27.455],[83.116,27.455],[83.11,27.454],[83.1,27.454],[83.095,27.454],[83.088,27.453],[83.08,27.453],[83.075,27.453],[83.062,27.451],[83.056,27.45],[83.051,27.45],[83.04,27.449],[83.031,27.45],[83.024,27.452],[83.018,27.454],[83.012,27.455],[83.008,27.456],[83.003,27.457],[82.998,27.458],[82.991,27.46],[82.986,27.461],[82.978,27.462],[82.971,27.464],[82.967,27.464],[82.96,27.466],[82.953,27.469],[82.947,27.475],[82.945,27.478],[82.943,27.482],[82.941,27.488],[82.939,27.492],[82.935,27.496],[82.931,27.5],[82.926,27.501],[82.917,27.501],[82.911,27.501],[82.908,27.501],[82.903,27.501],[82.899,27.5],[82.893,27.5],[82.88,27.499],[82.872,27.499],[82.862,27.499],[82.857,27.499],[82.851,27.499],[82.845,27.5],[82.838,27.501],[82.831,27.502],[82.827,27.501],[82.821,27.5],[82.817,27.499],[82.807,27.498],[82.805,27.497],[82.801,27.497],[82.795,27.498],[82.79,27.499],[82.786,27.5],[82.781,27.5],[82.775,27.501],[82.768,27.501],[82.763,27.501],[82.757,27.502],[82.737,27.503],[82.735,27.505],[82.735,27.508],[82.735,27.509],[82.737,27.508],[82.738,27.509],[82.737,27.511],[82.737,27.513],[82.737,27.514],[82.736,27.515],[82.737,27.517],[82.738,27.518],[82.74,27.518],[82.742,27.517],[82.743,27.517],[82.742,27.518],[82.742,27.519],[82.742,27.521],[82.743,27.521],[82.745,27.521],[82.747,27.521],[82.747,27.52],[82.748,27.521],[82.75,27.523],[82.748,27.523],[82.748,27.524],[82.749,27.525],[82.749,27.527],[82.748,27.527],[82.746,27.526],[82.747,27.528],[82.745,27.529],[82.747,27.53],[82.747,27.532],[82.746,27.53],[82.744,27.53],[82.745,27.532],[82.744,27.532],[82.744,27.533],[82.742,27.532],[82.743,27.534],[82.745,27.534],[82.744,27.536],[82.742,27.536],[82.741,27.537],[82.742,27.537],[82.742,27.539],[82.742,27.54],[82.743,27.541],[82.742,27.542],[82.742,27.542],[82.741,27.543],[82.743,27.543],[82.741,27.544],[82.742,27.546],[82.741,27.547],[82.739,27.545],[82.738,27.546],[82.738,27.548],[82.741,27.55],[82.74,27.55],[82.738,27.551],[82.738,27.552],[82.739,27.552],[82.741,27.552],[82.742,27.554],[82.744,27.554],[82.747,27.555],[82.746,27.557],[82.744,27.56],[82.744,27.562],[82.748,27.563],[82.75,27.564],[82.752,27.566],[82.75,27.569],[82.748,27.57],[82.748,27.572],[82.749,27.574],[82.749,27.576],[82.751,27.577],[82.751,27.579],[82.752,27.583],[82.753,27.585],[82.754,27.586],[82.756,27.587],[82.755,27.589],[82.753,27.591],[82.752,27.593],[82.749,27.594],[82.746,27.595],[82.745,27.596],[82.745,27.6],[82.744,27.602],[82.742,27.605],[82.739,27.606],[82.737,27.608],[82.735,27.61],[82.736,27.611],[82.735,27.615],[82.735,27.616],[82.734,27.618],[82.734,27.62],[82.736,27.621],[82.736,27.623],[82.732,27.623],[82.731,27.624],[82.732,27.625],[82.735,27.625],[82.737,27.626],[82.734,27.628],[82.734,27.63],[82.736,27.63],[82.738,27.632],[82.737,27.633],[82.736,27.635],[82.735,27.636],[82.737,27.637],[82.738,27.64],[82.737,27.642],[82.736,27.643],[82.734,27.643],[82.733,27.644],[82.733,27.645],[82.733,27.646],[82.731,27.645],[82.728,27.645],[82.729,27.648],[82.731,27.648],[82.731,27.65],[82.73,27.654],[82.727,27.657],[82.724,27.659],[82.72,27.657],[82.721,27.661],[82.717,27.662],[82.712,27.664],[82.714,27.666],[82.716,27.668],[82.713,27.67],[82.716,27.673],[82.716,27.676],[82.714,27.677],[82.715,27.68],[82.715,27.682],[82.717,27.685],[82.718,27.687],[82.717,27.689],[82.716,27.692],[82.714,27.693],[82.71,27.695],[82.708,27.699],[82.706,27.702],[82.705,27.706],[82.705,27.708],[82.706,27.71],[82.706,27.713],[82.707,27.715],[82.708,27.719],[82.706,27.719],[82.7,27.722],[82.698,27.721],[82.675,27.714],[82.666,27.717],[82.655,27.713],[82.634,27.71],[82.628,27.711],[82.625,27.706],[82.618,27.703],[82.61,27.705],[82.603,27.705],[82.594,27.697],[82.584,27.698],[82.574,27.695],[82.562,27.692],[82.555,27.689],[82.55,27.689],[82.54,27.687],[82.532,27.687],[82.527,27.688],[82.518,27.69],[82.512,27.689],[82.506,27.687],[82.498,27.685],[82.492,27.684],[82.49,27.681],[82.484,27.681],[82.482,27.683],[82.471,27.677],[82.46,27.678],[82.454,27.678],[82.437,27.685],[82.433,27.686],[82.427,27.688],[82.422,27.692],[82.419,27.694],[82.414,27.697],[82.41,27.699],[82.402,27.703],[82.399,27.705],[82.395,27.708],[82.393,27.71],[82.39,27.713],[82.383,27.72],[82.38,27.724],[82.377,27.729],[82.371,27.737],[82.369,27.74],[82.367,27.743],[82.359,27.746],[82.351,27.749],[82.341,27.753],[82.333,27.757],[82.329,27.759],[82.324,27.762],[82.317,27.765],[82.311,27.769],[82.301,27.775],[82.299,27.776],[82.297,27.778],[82.29,27.783],[82.281,27.789],[82.276,27.793],[82.273,27.795],[82.27,27.798],[82.266,27.801],[82.262,27.803],[82.259,27.805],[82.257,27.807],[82.253,27.81],[82.249,27.812],[82.248,27.813],[82.237,27.818],[82.231,27.821],[82.22,27.832],[82.217,27.834],[82.213,27.839],[82.207,27.844],[82.199,27.847],[82.197,27.847],[82.189,27.85],[82.185,27.852],[82.176,27.856],[82.169,27.859],[82.163,27.862],[82.158,27.864],[82.154,27.866],[82.152,27.862],[82.15,27.858],[82.138,27.86],[82.131,27.863],[82.123,27.865],[82.114,27.878],[82.091,27.895],[82.075,27.917],[82.067,27.922],[82.061,27.922],[82.003,27.928],[81.99,27.929],[81.982,27.929],[81.968,27.929],[81.964,27.925],[81.962,27.923],[81.96,27.917],[81.955,27.913],[81.95,27.909],[81.948,27.903],[81.944,27.9],[81.938,27.894],[81.935,27.886],[81.929,27.881],[81.928,27.879],[81.926,27.876],[81.926,27.875],[81.926,27.87],[81.926,27.864],[81.924,27.859],[81.92,27.858],[81.917,27.857],[81.914,27.857],[81.911,27.856],[81.907,27.855],[81.904,27.855],[81.9,27.854],[81.898,27.855],[81.893,27.856],[81.89,27.857],[81.885,27.857],[81.882,27.86],[81.88,27.863],[81.878,27.866],[81.875,27.868],[81.873,27.87],[81.866,27.875],[81.861,27.878],[81.855,27.881],[81.848,27.887],[81.842,27.89],[81.837,27.894],[81.834,27.898],[81.83,27.899],[81.824,27.902],[81.819,27.903],[81.812,27.904],[81.807,27.903],[81.799,27.908],[81.794,27.913],[81.787,27.918],[81.778,27.926],[81.768,27.933],[81.757,27.942],[81.747,27.95],[81.729,27.964],[81.715,27.975],[81.702,27.986],[81.69,27.99],[81.675,27.991],[81.665,27.992],[81.646,27.994],[81.639,27.997],[81.63,28.0],[81.627,28.001],[81.624,28.002],[81.621,28.006],[81.615,28.011],[81.609,28.014],[81.604,28.017],[81.598,28.02],[81.588,28.024],[81.578,28.03],[81.571,28.034],[81.561,28.041],[81.553,28.046],[81.542,28.052],[81.535,28.055],[81.526,28.059],[81.519,28.062],[81.509,28.067],[81.502,28.07],[81.483,28.08],[81.479,28.098],[81.48,28.11],[81.481,28.121],[81.469,28.127],[81.462,28.132],[81.456,28.136],[81.45,28.144],[81.449,28.152],[81.447,28.158],[81.446,28.161],[81.441,28.164],[81.434,28.167],[81.429,28.169],[81.425,28.171],[81.42,28.173],[81.415,28.174],[81.41,28.175],[81.403,28.174],[81.392,28.174],[81.388,28.174],[81.379,28.176],[81.375,28.176],[81.374,28.175],[81.373,28.173],[81.372,28.172],[81.369,28.169],[81.367,28.166],[81.368,28.164],[81.367,28.163],[81.368,28.161],[81.371,28.16],[81.373,28.16],[81.377,28.159],[81.378,28.156],[81.378,28.153],[81.377,28.151],[81.375,28.149],[81.374,28.147],[81.372,28.144],[81.371,28.142],[81.368,28.142],[81.365,28.142],[81.342,28.14],[81.332,28.139],[81.316,28.136],[81.322,28.146],[81.32,28.16],[81.311,28.156],[81.31,28.16],[81.307,28.162],[81.303,28.163],[81.302,28.167],[81.306,28.168],[81.314,28.168],[81.323,28.177],[81.32,28.193],[81.315,28.203],[81.308,28.211],[81.29,28.225],[81.281,28.235],[81.276,28.24],[81.271,28.245],[81.268,28.249],[81.262,28.255],[81.246,28.273],[81.234,28.288],[81.234,28.304],[81.234,28.316],[81.225,28.338],[81.213,28.358],[81.193,28.364],[81.165,28.369],[81.146,28.372],[81.127,28.375],[81.111,28.378],[81.102,28.38],[81.089,28.382],[81.08,28.385],[81.071,28.392],[81.067,28.397],[81.065,28.403],[81.059,28.408],[81.061,28.413],[81.064,28.418],[81.068,28.425],[81.074,28.431],[81.078,28.434],[81.084,28.437],[81.086,28.441],[81.088,28.445],[81.089,28.451],[81.09,28.455],[81.093,28.459],[81.098,28.459],[81.109,28.461],[81.111,28.465],[81.112,28.47],[81.114,28.472],[81.121,28.475],[81.125,28.478],[81.13,28.482],[81.138,28.491],[81.144,28.495],[81.148,28.497],[81.147,28.498],[81.152,28.501],[81.156,28.502],[81.16,28.501],[81.162,28.506],[81.163,28.512],[81.165,28.517],[81.168,28.523],[81.17,28.526],[81.18,28.536],[81.189,28.546],[81.199,28.553],[81.206,28.56],[81.215,28.565],[81.224,28.571],[81.232,28.578],[81.24,28.586],[81.245,28.591],[81.248,28.594],[81.254,28.602],[81.255,28.605],[81.259,28.611],[81.264,28.615],[81.27,28.62],[81.27,28.625],[81.27,28.627],[81.272,28.631],[81.276,28.634],[81.278,28.636],[81.28,28.637],[81.282,28.64],[81.284,28.642],[81.287,28.646],[81.288,28.649],[81.288,28.652],[81.288,28.655],[81.288,28.662],[81.286,28.666],[81.285,28.67],[81.285,28.673],[81.288,28.674],[81.29,28.675],[81.292,28.674],[81.296,28.674],[81.299,28.674],[81.302,28.673],[81.302,28.671],[81.303,28.671],[81.304,28.672],[81.304,28.673],[81.307,28.673],[81.309,28.672],[81.311,28.671],[81.314,28.671],[81.317,28.67],[81.32,28.668],[81.321,28.667],[81.321,28.666],[81.322,28.664],[81.321,28.662],[81.32,28.66],[81.318,28.658],[81.317,28.656],[81.316,28.653],[81.314,28.652],[81.312,28.653],[81.31,28.651],[81.311,28.648],[81.312,28.646],[81.315,28.644],[81.316,28.642],[81.316,28.64],[81.315,28.639],[81.316,28.638],[81.317,28.636],[81.319,28.636],[81.323,28.636],[81.326,28.634],[81.328,28.633],[81.33,28.631],[81.332,28.631],[81.335,28.63],[81.339,28.629],[81.341,28.628],[81.342,28.627],[81.344,28.626],[81.347,28.625],[81.355,28.624],[81.363,28.624],[81.368,28.621],[81.37,28.618],[81.373,28.617],[81.377,28.614],[81.38,28.612],[81.384,28.611],[81.388,28.611],[81.392,28.61],[81.398,28.608],[81.401,28.607],[81.4,28.603],[81.403,28.601],[81.406,28.599],[81.409,28.596],[81.413,28.595],[81.417,28.596],[81.419,28.594],[81.421,28.59],[81.425,28.588],[81.423,28.584],[81.422,28.581],[81.424,28.578],[81.427,28.578],[81.431,28.577],[81.432,28.575],[81.433,28.571],[81.433,28.569],[81.433,28.566],[81.436,28.561],[81.44,28.559],[81.443,28.556],[81.448,28.554],[81.454,28.552],[81.457,28.553],[81.463,28.554],[81.466,28.553],[81.469,28.549],[81.472,28.549],[81.474,28.544],[81.477,28.539],[81.481,28.539],[81.485,28.539],[81.488,28.538],[81.489,28.535],[81.494,28.533],[81.498,28.533],[81.501,28.53],[81.505,28.529],[81.507,28.526],[81.51,28.525],[81.512,28.524],[81.513,28.522],[81.512,28.521],[81.513,28.519],[81.515,28.516],[81.516,28.514],[81.518,28.513],[81.522,28.512],[81.525,28.511],[81.529,28.51],[81.531,28.509],[81.533,28.507],[81.535,28.505],[81.538,28.502],[81.539,28.5],[81.539,28.497],[81.539,28.495],[81.541,28.495],[81.545,28.495],[81.547,28.495],[81.55,28.494],[81.554,28.494],[81.556,28.495],[81.558,28.493],[81.56,28.492],[81.563,28.49],[81.566,28.488],[81.569,28.485],[81.572,28.484],[81.573,28.481],[81.574,28.479],[81.577,28.477],[81.581,28.475],[81.583,28.474],[81.585,28.472],[81.587,28.47],[81.588,28.469],[81.591,28.47],[81.593,28.468],[81.597,28.465],[81.6,28.463],[81.601,28.461],[81.602,28.459],[81.604,28.457],[81.606,28.455],[81.608,28.454],[81.609,28.454],[81.612,28.455],[81.614,28.453],[81.617,28.45],[81.618,28.448],[81.622,28.446],[81.624,28.445],[81.627,28.444],[81.63,28.439],[81.632,28.436],[81.636,28.434],[81.639,28.433],[81.641,28.431],[81.645,28.428],[81.646,28.426],[81.648,28.423],[81.651,28.421],[81.654,28.42],[81.657,28.418],[81.658,28.416],[81.661,28.415],[81.664,28.415],[81.666,28.415],[81.67,28.413],[81.672,28.416],[81.673,28.417],[81.675,28.417],[81.677,28.416],[81.681,28.414],[81.682,28.412],[81.684,28.411],[81.687,28.411],[81.689,28.41],[81.691,28.407],[81.692,28.404],[81.693,28.402],[81.695,28.401],[81.697,28.399],[81.699,28.398],[81.701,28.395],[81.704,28.393],[81.708,28.391],[81.711,28.39],[81.713,28.388],[81.715,28.385],[81.718,28.384],[81.722,28.382],[81.725,28.383],[81.726,28.382],[81.729,28.379],[81.732,28.378],[81.735,28.377],[81.738,28.377],[81.741,28.376],[81.744,28.376],[81.748,28.375],[81.749,28.375],[81.752,28.374],[81.754,28.372],[81.756,28.371],[81.76,28.37],[81.763,28.371],[81.766,28.37],[81.766,28.369],[81.766,28.367],[81.765,28.365],[81.763,28.363],[81.762,28.361],[81.76,28.358],[81.759,28.356],[81.758,28.353],[81.755,28.35],[81.753,28.346],[81.751,28.342],[81.751,28.339],[81.752,28.334],[81.751,28.33],[81.749,28.328],[81.746,28.326],[81.745,28.322],[81.744,28.319],[81.744,28.315],[81.746,28.313],[81.748,28.312],[81.751,28.309],[81.752,28.308],[81.754,28.308],[81.757,28.308],[81.761,28.309],[81.763,28.306],[81.765,28.304],[81.767,28.302],[81.77,28.3],[81.773,28.298],[81.775,28.298],[81.777,28.298],[81.779,28.296],[81.782,28.295],[81.785,28.296],[81.788,28.294],[81.789,28.29],[81.79,28.288],[81.791,28.285],[81.792,28.282],[81.792,28.28],[81.792,28.277],[81.793,28.275],[81.795,28.274],[81.797,28.274],[81.8,28.276],[81.802,28.278],[81.805,28.281],[81.807,28.283],[81.81,28.283],[81.812,28.281],[81.816,28.279],[81.819,28.278],[81.823,28.277],[81.825,28.277],[81.828,28.276],[81.831,28.274],[81.833,28.274],[81.837,28.273],[81.839,28.272],[81.842,28.272],[81.844,28.272],[81.845,28.27],[81.848,28.268],[81.85,28.266],[81.852,28.263],[81.854,28.261],[81.855,28.259],[81.858,28.257],[81.86,28.256],[81.862,28.255],[81.863,28.252],[81.864,28.251],[81.865,28.248],[81.864,28.246],[81.864,28.243],[81.862,28.242],[81.861,28.239],[81.862,28.239],[81.866,28.239],[81.872,28.24],[81.874,28.24],[81.877,28.239],[81.879,28.241],[81.881,28.243],[81.884,28.243],[81.887,28.241],[81.888,28.238],[81.89,28.236],[81.895,28.234],[81.897,28.233],[81.901,28.233],[81.904,28.232],[81.907,28.232],[81.91,28.232],[81.912,28.23],[81.915,28.228],[81.919,28.227],[81.921,28.227],[81.922,28.226],[81.922,28.225],[81.922,28.224],[81.922,28.222],[81.921,28.221],[81.923,28.219],[81.926,28.217],[81.927,28.215],[81.928,28.213],[81.927,28.21],[81.927,28.209],[81.929,28.208],[81.931,28.208],[81.935,28.208],[81.938,28.206],[81.939,28.205],[81.939,28.203],[81.939,28.202],[81.942,28.2],[81.943,28.2],[81.946,28.2],[81.948,28.198],[81.948,28.197],[81.95,28.196],[81.952,28.194],[81.953,28.194],[81.957,28.194],[81.959,28.194],[81.96,28.195],[81.96,28.195],[81.963,28.194],[81.963,28.193],[81.964,28.192],[81.964,28.191],[81.964,28.19],[81.963,28.188],[81.965,28.186],[81.966,28.184],[81.967,28.183],[81.969,28.183],[81.971,28.182],[81.972,28.184],[81.973,28.185],[81.975,28.184],[81.976,28.184],[81.977,28.183],[81.979,28.181],[81.982,28.178],[81.984,28.177],[81.986,28.176],[81.987,28.173],[81.988,28.172],[81.989,28.17],[81.989,28.17],[81.993,28.168],[81.998,28.164],[81.999,28.162],[82.0,28.16],[82.001,28.16],[82.002,28.158],[82.003,28.157],[82.005,28.154],[82.006,28.153],[82.008,28.151],[82.011,28.157],[82.014,28.162],[82.013,28.171],[82.018,28.181],[82.022,28.184],[82.026,28.185],[82.028,28.186],[82.029,28.189],[82.03,28.192],[82.028,28.196],[82.024,28.2],[82.024,28.202],[82.026,28.204],[82.027,28.208],[82.029,28.211],[82.03,28.213],[82.032,28.215],[82.036,28.215],[82.037,28.216],[82.036,28.217],[82.038,28.219],[82.04,28.222],[82.041,28.226],[82.042,28.229],[82.043,28.231],[82.045,28.231],[82.046,28.232],[82.047,28.234],[82.048,28.236],[82.05,28.238],[82.052,28.241],[82.057,28.242],[82.061,28.241],[82.064,28.24],[82.067,28.238],[82.069,28.237],[82.069,28.239],[82.071,28.24],[82.073,28.242],[82.076,28.244],[82.077,28.245],[82.079,28.246],[82.08,28.248],[82.081,28.249],[82.083,28.249],[82.088,28.249],[82.091,28.249],[82.093,28.25],[82.093,28.253],[82.094,28.255],[82.096,28.256],[82.1,28.259],[82.102,28.259],[82.104,28.258],[82.106,28.259],[82.109,28.258],[82.112,28.255],[82.113,28.254],[82.115,28.253],[82.117,28.252],[82.118,28.252],[82.121,28.253],[82.124,28.254],[82.127,28.254],[82.13,28.253],[82.133,28.252],[82.134,28.25],[82.136,28.248],[82.138,28.245],[82.14,28.244],[82.142,28.242],[82.143,28.239],[82.143,28.238],[82.144,28.237],[82.146,28.238],[82.148,28.239],[82.151,28.239],[82.152,28.238],[82.153,28.24],[82.155,28.241],[82.158,28.241],[82.16,28.242],[82.162,28.243],[82.163,28.245],[82.164,28.247],[82.166,28.249],[82.167,28.25],[82.168,28.251],[82.17,28.252],[82.172,28.251],[82.173,28.25],[82.175,28.249],[82.179,28.25],[82.182,28.25],[82.185,28.249],[82.188,28.249],[82.192,28.248],[82.196,28.245],[82.198,28.244],[82.201,28.243],[82.204,28.244],[82.206,28.245],[82.209,28.246],[82.213,28.247],[82.215,28.248],[82.218,28.25],[82.22,28.249],[82.224,28.247],[82.227,28.244],[82.229,28.242],[82.233,28.24],[82.235,28.24],[82.238,28.239],[82.241,28.238],[82.244,28.238],[82.247,28.239],[82.249,28.239],[82.252,28.239],[82.255,28.24],[82.257,28.241],[82.257,28.243],[82.262,28.244],[82.265,28.244],[82.268,28.245],[82.272,28.246],[82.274,28.247],[82.276,28.249],[82.278,28.248],[82.281,28.248],[82.283,28.248],[82.285,28.247],[82.288,28.246],[82.29,28.246],[82.291,28.247],[82.293,28.246],[82.296,28.246],[82.298,28.245],[82.3,28.246],[82.301,28.245],[82.301,28.243],[82.301,28.24],[82.301,28.237],[82.302,28.235],[82.302,28.233],[82.303,28.232],[82.305,28.232],[82.309,28.231],[82.31,28.232],[82.311,28.23],[82.312,28.228],[82.312,28.227],[82.313,28.225],[82.313,28.224],[82.313,28.223],[82.317,28.224],[82.32,28.225],[82.324,28.225],[82.326,28.225],[82.328,28.225],[82.331,28.224],[82.333,28.224],[82.335,28.224],[82.338,28.223],[82.339,28.222],[82.34,28.221],[82.341,28.22],[82.345,28.217],[82.346,28.215],[82.346,28.212],[82.347,28.21],[82.349,28.207],[82.353,28.207],[82.355,28.206],[82.356,28.203],[82.358,28.201],[82.359,28.199],[82.36,28.198],[82.362,28.197],[82.363,28.196],[82.365,28.194],[82.366,28.192],[82.367,28.191],[82.368,28.19],[82.372,28.188],[82.375,28.187],[82.377,28.185],[82.379,28.185],[82.381,28.186],[82.384,28.187],[82.386,28.188],[82.388,28.189],[82.389,28.189],[82.392,28.189],[82.393,28.189],[82.394,28.186],[82.395,28.184],[82.397,28.182],[82.396,28.18],[82.395,28.179],[82.394,28.177],[82.394,28.174],[82.394,28.172],[82.396,28.17],[82.397,28.17],[82.399,28.171],[82.399,28.173],[82.4,28.175],[82.401,28.176],[82.4,28.178],[82.399,28.18],[82.401,28.182],[82.403,28.184],[82.402,28.187],[82.401,28.19],[82.401,28.192],[82.401,28.194],[82.401,28.196],[82.402,28.198],[82.402,28.2],[82.403,28.202],[82.403,28.204],[82.402,28.206],[82.403,28.208],[82.404,28.209],[82.404,28.212],[82.404,28.214],[82.405,28.215],[82.406,28.217],[82.407,28.22],[82.41,28.222],[82.413,28.223],[82.415,28.225],[82.417,28.227],[82.417,28.228],[82.419,28.23],[82.423,28.23],[82.424,28.228],[82.425,28.229],[82.427,28.23],[82.428,28.231],[82.428,28.234],[82.427,28.236],[82.427,28.239],[82.429,28.241],[82.431,28.242],[82.433,28.242],[82.434,28.243],[82.436,28.245],[82.437,28.247],[82.436,28.248],[82.432,28.249],[82.43,28.25],[82.429,28.251],[82.426,28.252],[82.424,28.251],[82.422,28.253],[82.418,28.254],[82.414,28.254],[82.413,28.255],[82.411,28.258],[82.409,28.259],[82.407,28.261],[82.405,28.262],[82.404,28.263],[82.403,28.265],[82.402,28.267],[82.4,28.269],[82.4,28.272],[82.398,28.273],[82.397,28.275],[82.395,28.279],[82.395,28.283],[82.393,28.284],[82.391,28.286],[82.389,28.288],[82.386,28.291],[82.384,28.291],[82.383,28.293],[82.382,28.295],[82.382,28.297],[82.382,28.298],[82.379,28.301],[82.377,28.304],[82.377,28.308],[82.377,28.312],[82.375,28.316],[82.373,28.317],[82.371,28.318],[82.37,28.319],[82.368,28.319],[82.364,28.319],[82.364,28.321],[82.365,28.322],[82.367,28.324],[82.367,28.326],[82.367,28.329],[82.367,28.33],[82.365,28.33],[82.364,28.331],[82.364,28.333],[82.364,28.335],[82.363,28.338],[82.363,28.34],[82.366,28.344],[82.371,28.346],[82.374,28.349],[82.378,28.351],[82.379,28.352],[82.379,28.355],[82.379,28.357],[82.376,28.358],[82.378,28.36],[82.379,28.362],[82.38,28.364],[82.383,28.365],[82.383,28.37],[82.383,28.374],[82.381,28.375],[82.378,28.376],[82.375,28.377],[82.373,28.379],[82.372,28.381],[82.371,28.382],[82.368,28.384],[82.367,28.387],[82.364,28.388],[82.363,28.389],[82.363,28.393],[82.363,28.395],[82.364,28.399],[82.366,28.403],[82.365,28.404],[82.362,28.405],[82.362,28.407],[82.359,28.409],[82.357,28.409],[82.355,28.409],[82.353,28.41],[82.353,28.414],[82.354,28.415],[82.353,28.416],[82.352,28.417],[82.351,28.421],[82.351,28.422],[82.352,28.424],[82.357,28.424],[82.36,28.425],[82.364,28.426],[82.366,28.426],[82.37,28.426],[82.373,28.428],[82.375,28.43],[82.377,28.431],[82.377,28.433],[82.377,28.436],[82.376,28.438],[82.376,28.44],[82.375,28.442],[82.374,28.444],[82.374,28.447],[82.374,28.448],[82.375,28.449],[82.377,28.451],[82.379,28.452],[82.381,28.454],[82.382,28.455],[82.384,28.456],[82.388,28.458],[82.392,28.458],[82.393,28.459],[82.394,28.46],[82.396,28.46],[82.397,28.463],[82.396,28.464],[82.396,28.465],[82.396,28.466],[82.396,28.468],[82.396,28.469],[82.398,28.469],[82.4,28.47],[82.401,28.47],[82.401,28.472],[82.402,28.474],[82.404,28.476],[82.406,28.479],[82.406,28.481],[82.406,28.483],[82.405,28.484],[82.406,28.487],[82.407,28.488],[82.409,28.488],[82.41,28.489],[82.411,28.491],[82.412,28.494],[82.412,28.497],[82.41,28.499],[82.41,28.5],[82.409,28.501],[82.408,28.503],[82.408,28.504],[82.408,28.505],[82.409,28.507],[82.41,28.508],[82.411,28.511],[82.412,28.512],[82.413,28.513],[82.414,28.513],[82.415,28.514],[82.415,28.515],[82.416,28.517],[82.417,28.518],[82.417,28.518],[82.416,28.52],[82.417,28.521],[82.417,28.524],[82.417,28.526],[82.418,28.528],[82.42,28.528],[82.422,28.527],[82.425,28.526],[82.427,28.526],[82.429,28.525],[82.43,28.525],[82.431,28.525],[82.432,28.525],[82.434,28.526],[82.435,28.526],[82.439,28.526],[82.44,28.524],[82.442,28.523],[82.444,28.523],[82.445,28.523],[82.448,28.523],[82.451,28.523],[82.453,28.522],[82.456,28.522],[82.46,28.521],[82.462,28.521],[82.463,28.521],[82.464,28.522],[82.465,28.523],[82.467,28.526],[82.47,28.527],[82.471,28.528],[82.473,28.529],[82.474,28.529],[82.475,28.529],[82.478,28.53],[82.481,28.531],[82.482,28.533],[82.484,28.535],[82.485,28.535],[82.488,28.537],[82.489,28.537],[82.491,28.538],[82.493,28.54],[82.493,28.541],[82.494,28.542],[82.494,28.543],[82.493,28.545],[82.492,28.548],[82.492,28.551],[82.492,28.552],[82.493,28.553],[82.494,28.554],[82.496,28.554],[82.498,28.554],[82.5,28.554],[82.502,28.554],[82.505,28.553],[82.507,28.552],[82.509,28.551],[82.511,28.552],[82.513,28.553],[82.515,28.553],[82.516,28.554],[82.517,28.555],[82.52,28.554],[82.521,28.554],[82.522,28.554],[82.522,28.555],[82.524,28.557],[82.526,28.558],[82.527,28.558],[82.528,28.558],[82.529,28.558],[82.53,28.562],[82.53,28.564],[82.532,28.565],[82.533,28.567],[82.534,28.57],[82.536,28.571],[82.539,28.571],[82.541,28.572],[82.545,28.574],[82.546,28.576],[82.549,28.578],[82.553,28.581],[82.554,28.582],[82.556,28.58],[82.559,28.58],[82.562,28.579],[82.565,28.578],[82.568,28.578],[82.572,28.579],[82.574,28.579],[82.576,28.581],[82.577,28.584],[82.58,28.586],[82.581,28.588],[82.58,28.589],[82.58,28.591],[82.581,28.593],[82.581,28.595],[82.581,28.598],[82.581,28.599],[82.58,28.601],[82.579,28.603],[82.58,28.606],[82.58,28.607],[82.58,28.609],[82.581,28.612],[82.579,28.614],[82.577,28.614],[82.574,28.612],[82.571,28.611],[82.569,28.61],[82.566,28.61],[82.564,28.61],[82.561,28.61],[82.559,28.611],[82.557,28.613],[82.555,28.614],[82.553,28.616],[82.55,28.617],[82.547,28.618],[82.546,28.621],[82.548,28.623],[82.551,28.625],[82.551,28.625],[82.549,28.626],[82.547,28.627],[82.544,28.626],[82.543,28.625],[82.544,28.623],[82.542,28.622],[82.54,28.621],[82.538,28.622],[82.535,28.623],[82.532,28.624],[82.529,28.624],[82.527,28.625],[82.525,28.625],[82.522,28.625],[82.519,28.625],[82.516,28.625],[82.513,28.626],[82.511,28.627],[82.508,28.628],[82.507,28.631],[82.505,28.632],[82.5,28.633],[82.496,28.636],[82.491,28.638],[82.486,28.641],[82.489,28.647],[82.491,28.653],[82.49,28.658],[82.492,28.661],[82.496,28.663],[82.498,28.662],[82.501,28.664],[82.501,28.667],[82.502,28.666],[82.503,28.665],[82.505,28.663],[82.509,28.661],[82.512,28.66],[82.515,28.66],[82.518,28.661],[82.521,28.66],[82.522,28.658],[82.524,28.656],[82.526,28.655],[82.529,28.654],[82.532,28.652],[82.534,28.65],[82.536,28.65],[82.537,28.649],[82.539,28.647],[82.541,28.647],[82.544,28.646],[82.547,28.646],[82.549,28.646],[82.552,28.646],[82.555,28.644],[82.557,28.645],[82.561,28.647],[82.564,28.65],[82.565,28.652],[82.569,28.654],[82.572,28.656],[82.573,28.657],[82.575,28.659],[82.578,28.663],[82.579,28.665],[82.581,28.665],[82.583,28.665],[82.586,28.664],[82.589,28.665],[82.591,28.667],[82.593,28.668],[82.597,28.668],[82.6,28.67],[82.6,28.674],[82.6,28.676],[82.601,28.678],[82.6,28.682],[82.601,28.685],[82.603,28.687],[82.605,28.687],[82.609,28.688],[82.612,28.688],[82.614,28.689],[82.616,28.69],[82.615,28.693],[82.613,28.695],[82.613,28.698],[82.613,28.701],[82.614,28.704],[82.615,28.706],[82.615,28.709],[82.615,28.711],[82.611,28.713],[82.607,28.714],[82.605,28.715],[82.605,28.718],[82.604,28.721],[82.604,28.723],[82.603,28.727],[82.603,28.731],[82.602,28.734],[82.602,28.736],[82.602,28.74],[82.601,28.743],[82.598,28.744],[82.595,28.744],[82.594,28.742],[82.59,28.74],[82.587,28.74],[82.584,28.741],[82.581,28.741],[82.577,28.741],[82.573,28.741],[82.57,28.743],[82.567,28.745],[82.566,28.745],[82.566,28.748],[82.566,28.75],[82.567,28.753],[82.567,28.755],[82.564,28.758],[82.565,28.765],[82.562,28.768],[82.567,28.768],[82.569,28.771],[82.571,28.773],[82.573,28.775],[82.576,28.776],[82.579,28.779],[82.582,28.781],[82.585,28.781],[82.588,28.783],[82.589,28.786],[82.589,28.789],[82.591,28.791],[82.596,28.792],[82.6,28.795],[82.603,28.798],[82.606,28.802],[82.61,28.804],[82.613,28.807],[82.62,28.809],[82.618,28.819],[82.614,28.827],[82.619,28.831],[82.626,28.84],[82.625,28.847],[82.631,28.854],[82.637,28.856],[82.639,28.861],[82.643,28.866],[82.65,28.869],[82.656,28.866],[82.657,28.862],[82.662,28.858],[82.667,28.853],[82.671,28.852]]]]}},{"type":"Feature","properties":{"PROVINCE":"Karnali","PCODE":"NP06"},"geometry":{"type":"MultiPolygon","coordinates":[[[[81.626,30.446],[81.629,30.446],[81.633,30.445],[81.636,30.444],[81.638,30.442],[81.64,30.44],[81.645,30.44],[81.648,30.438],[81.651,30.437],[81.653,30.435],[81.656,30.434],[81.658,30.433],[81.662,30.432],[81.665,30.431],[81.668,30.43],[81.672,30.428],[81.674,30.427],[81.676,30.427],[81.677,30.427],[81.68,30.427],[81.684,30.426],[81.688,30.425],[81.69,30.425],[81.693,30.424],[81.695,30.424],[81.697,30.421],[81.7,30.42],[81.702,30.418],[81.705,30.417],[81.709,30.415],[81.711,30.413],[81.716,30.412],[81.72,30.412],[81.723,30.412],[81.727,30.411],[81.729,30.409],[81.73,30.406],[81.729,30.403],[81.731,30.4],[81.732,30.398],[81.735,30.397],[81.738,30.395],[81.741,30.393],[81.745,30.393],[81.747,30.391],[81.75,30.389],[81.752,30.389],[81.755,30.389],[81.758,30.389],[81.761,30.389],[81.763,30.389],[81.764,30.388],[81.766,30.387],[81.768,30.387],[81.77,30.386],[81.772,30.386],[81.773,30.385],[81.775,30.385],[81.778,30.385],[81.78,30.385],[81.782,30.385],[81.785,30.386],[81.788,30.388],[81.79,30.389],[81.791,30.389],[81.793,30.388],[81.795,30.388],[81.798,30.387],[81.799,30.387],[81.801,30.387],[81.803,30.386],[81.806,30.387],[81.809,30.387],[81.809,30.387],[81.811,30.384],[81.814,30.384],[81.816,30.383],[81.817,30.382],[81.818,30.379],[81.82,30.378],[81.821,30.377],[81.823,30.377],[81.825,30.376],[81.828,30.375],[81.83,30.376],[81.831,30.375],[81.834,30.375],[81.835,30.376],[81.837,30.376],[81.84,30.376],[81.841,30.377],[81.842,30.376],[81.844,30.375],[81.848,30.374],[81.849,30.373],[81.85,30.373],[81.85,30.374],[81.85,30.375],[81.85,30.377],[81.852,30.378],[81.854,30.379],[81.856,30.379],[81.859,30.378],[81.861,30.378],[81.864,30.377],[81.866,30.377],[81.868,30.377],[81.869,30.376],[81.871,30.375],[81.872,30.374],[81.872,30.373],[81.873,30.373],[81.874,30.372],[81.875,30.371],[81.877,30.371],[81.878,30.369],[81.879,30.368],[81.879,30.367],[81.879,30.366],[81.879,30.365],[81.879,30.364],[81.88,30.363],[81.881,30.363],[81.882,30.361],[81.882,30.361],[81.884,30.36],[81.885,30.361],[81.888,30.361],[81.89,30.36],[81.89,30.359],[81.892,30.358],[81.893,30.357],[81.895,30.357],[81.897,30.356],[81.9,30.355],[81.901,30.354],[81.904,30.353],[81.905,30.353],[81.908,30.354],[81.91,30.354],[81.91,30.353],[81.912,30.351],[81.913,30.351],[81.914,30.35],[81.915,30.35],[81.917,30.35],[81.918,30.351],[81.92,30.351],[81.921,30.35],[81.922,30.349],[81.924,30.349],[81.925,30.349],[81.926,30.349],[81.928,30.349],[81.929,30.348],[81.931,30.348],[81.932,30.348],[81.933,30.348],[81.933,30.348],[81.935,30.348],[81.938,30.347],[81.938,30.348],[81.939,30.348],[81.941,30.348],[81.942,30.348],[81.943,30.349],[81.944,30.349],[81.944,30.349],[81.945,30.35],[81.945,30.351],[81.945,30.352],[81.945,30.352],[81.946,30.354],[81.946,30.355],[81.946,30.356],[81.947,30.358],[81.949,30.359],[81.949,30.359],[81.95,30.358],[81.951,30.356],[81.954,30.355],[81.955,30.354],[81.956,30.354],[81.957,30.353],[81.959,30.353],[81.96,30.353],[81.962,30.352],[81.962,30.35],[81.963,30.347],[81.962,30.346],[81.961,30.345],[81.959,30.343],[81.957,30.341],[81.958,30.341],[81.96,30.34],[81.962,30.339],[81.963,30.339],[81.965,30.339],[81.966,30.339],[81.968,30.338],[81.969,30.338],[81.969,30.338],[81.971,30.336],[81.972,30.335],[81.973,30.334],[81.974,30.333],[81.974,30.331],[81.975,30.33],[81.975,30.33],[81.977,30.33],[81.978,30.33],[81.979,30.33],[81.981,30.33],[81.981,30.33],[81.982,30.33],[81.983,30.328],[81.984,30.327],[81.985,30.326],[81.987,30.326],[81.987,30.324],[81.987,30.323],[81.987,30.322],[81.987,30.321],[81.988,30.321],[81.991,30.321],[81.992,30.321],[81.993,30.322],[81.994,30.322],[81.995,30.321],[81.995,30.321],[81.996,30.321],[81.998,30.321],[81.999,30.321],[82.0,30.322],[82.0,30.323],[82.0,30.324],[82.001,30.324],[82.001,30.325],[82.002,30.326],[82.003,30.327],[82.004,30.328],[82.005,30.329],[82.006,30.329],[82.007,30.33],[82.008,30.33],[82.01,30.33],[82.011,30.33],[82.012,30.329],[82.012,30.33],[82.012,30.33],[82.012,30.331],[82.013,30.332],[82.013,30.333],[82.012,30.334],[82.012,30.335],[82.012,30.336],[82.012,30.337],[82.011,30.338],[82.011,30.339],[82.011,30.34],[82.011,30.342],[82.011,30.342],[82.012,30.343],[82.013,30.343],[82.013,30.343],[82.014,30.344],[82.015,30.344],[82.016,30.344],[82.017,30.344],[82.02,30.344],[82.021,30.344],[82.022,30.344],[82.022,30.344],[82.022,30.343],[82.023,30.342],[82.023,30.342],[82.024,30.341],[82.026,30.341],[82.027,30.34],[82.028,30.34],[82.029,30.339],[82.03,30.338],[82.031,30.338],[82.032,30.338],[82.033,30.338],[82.035,30.339],[82.036,30.34],[82.037,30.34],[82.038,30.341],[82.039,30.341],[82.04,30.341],[82.041,30.341],[82.042,30.341],[82.043,30.34],[82.045,30.339],[82.046,30.339],[82.048,30.338],[82.049,30.337],[82.051,30.336],[82.052,30.336],[82.053,30.335],[82.054,30.334],[82.055,30.334],[82.056,30.333],[82.056,30.333],[82.056,30.335],[82.056,30.336],[82.057,30.337],[82.057,30.338],[82.057,30.339],[82.057,30.34],[82.057,30.34],[82.058,30.341],[82.059,30.342],[82.059,30.344],[82.06,30.345],[82.061,30.345],[82.062,30.346],[82.063,30.346],[82.065,30.347],[82.065,30.347],[82.065,30.348],[82.065,30.349],[82.065,30.35],[82.064,30.351],[82.065,30.352],[82.065,30.353],[82.065,30.354],[82.066,30.356],[82.067,30.357],[82.068,30.357],[82.069,30.356],[82.07,30.356],[82.071,30.357],[82.072,30.358],[82.073,30.359],[82.075,30.359],[82.076,30.359],[82.076,30.359],[82.078,30.359],[82.08,30.36],[82.082,30.36],[82.083,30.359],[82.085,30.359],[82.086,30.359],[82.086,30.358],[82.088,30.357],[82.088,30.356],[82.09,30.356],[82.09,30.355],[82.09,30.353],[82.091,30.352],[82.092,30.351],[82.093,30.351],[82.095,30.35],[82.097,30.35],[82.098,30.349],[82.099,30.349],[82.1,30.348],[82.1,30.349],[82.101,30.349],[82.102,30.35],[82.105,30.35],[82.106,30.349],[82.108,30.347],[82.11,30.346],[82.111,30.345],[82.111,30.343],[82.111,30.342],[82.111,30.341],[82.111,30.34],[82.11,30.339],[82.11,30.338],[82.111,30.338],[82.111,30.336],[82.111,30.334],[82.112,30.334],[82.112,30.332],[82.113,30.331],[82.114,30.329],[82.115,30.329],[82.116,30.329],[82.117,30.328],[82.118,30.328],[82.119,30.327],[82.119,30.326],[82.119,30.325],[82.121,30.323],[82.121,30.322],[82.12,30.321],[82.119,30.321],[82.118,30.32],[82.118,30.32],[82.119,30.319],[82.12,30.319],[82.12,30.318],[82.121,30.316],[82.121,30.315],[82.121,30.314],[82.122,30.312],[82.123,30.312],[82.123,30.311],[82.123,30.31],[82.124,30.309],[82.124,30.308],[82.124,30.307],[82.125,30.307],[82.125,30.305],[82.126,30.305],[82.126,30.304],[82.128,30.303],[82.128,30.302],[82.128,30.302],[82.127,30.302],[82.125,30.302],[82.124,30.3],[82.122,30.298],[82.121,30.298],[82.119,30.296],[82.118,30.296],[82.117,30.295],[82.116,30.294],[82.117,30.293],[82.118,30.292],[82.118,30.291],[82.118,30.29],[82.117,30.288],[82.117,30.288],[82.116,30.286],[82.115,30.285],[82.114,30.284],[82.114,30.283],[82.114,30.282],[82.114,30.281],[82.113,30.28],[82.113,30.279],[82.112,30.278],[82.111,30.277],[82.11,30.277],[82.109,30.277],[82.11,30.276],[82.111,30.275],[82.112,30.275],[82.113,30.275],[82.114,30.275],[82.115,30.274],[82.116,30.273],[82.116,30.272],[82.117,30.271],[82.117,30.271],[82.117,30.27],[82.117,30.269],[82.117,30.268],[82.117,30.267],[82.116,30.266],[82.116,30.265],[82.115,30.265],[82.116,30.264],[82.117,30.264],[82.118,30.263],[82.118,30.262],[82.119,30.26],[82.118,30.258],[82.117,30.258],[82.116,30.257],[82.115,30.257],[82.113,30.257],[82.112,30.257],[82.112,30.257],[82.11,30.256],[82.109,30.256],[82.108,30.255],[82.108,30.255],[82.107,30.255],[82.107,30.254],[82.108,30.253],[82.107,30.252],[82.107,30.251],[82.106,30.25],[82.105,30.247],[82.105,30.245],[82.104,30.243],[82.101,30.241],[82.099,30.24],[82.099,30.239],[82.1,30.236],[82.102,30.235],[82.105,30.233],[82.107,30.231],[82.108,30.229],[82.108,30.229],[82.108,30.228],[82.109,30.227],[82.109,30.226],[82.111,30.226],[82.113,30.225],[82.118,30.225],[82.121,30.226],[82.123,30.226],[82.126,30.226],[82.127,30.226],[82.128,30.225],[82.128,30.224],[82.131,30.222],[82.133,30.22],[82.133,30.218],[82.132,30.215],[82.131,30.214],[82.132,30.213],[82.133,30.21],[82.132,30.208],[82.134,30.206],[82.137,30.204],[82.139,30.203],[82.14,30.202],[82.138,30.2],[82.14,30.198],[82.143,30.197],[82.149,30.195],[82.152,30.194],[82.153,30.192],[82.156,30.191],[82.159,30.189],[82.164,30.19],[82.168,30.19],[82.172,30.191],[82.176,30.192],[82.179,30.192],[82.183,30.191],[82.184,30.191],[82.185,30.19],[82.186,30.187],[82.187,30.186],[82.187,30.185],[82.186,30.184],[82.185,30.183],[82.184,30.18],[82.184,30.179],[82.185,30.177],[82.186,30.177],[82.186,30.176],[82.186,30.173],[82.186,30.173],[82.186,30.17],[82.185,30.169],[82.184,30.168],[82.183,30.167],[82.182,30.166],[82.181,30.165],[82.182,30.163],[82.182,30.161],[82.182,30.161],[82.187,30.16],[82.192,30.16],[82.194,30.159],[82.196,30.158],[82.202,30.156],[82.204,30.155],[82.205,30.154],[82.205,30.152],[82.203,30.149],[82.2,30.145],[82.198,30.143],[82.197,30.14],[82.198,30.137],[82.199,30.136],[82.198,30.136],[82.197,30.137],[82.195,30.135],[82.19,30.135],[82.187,30.134],[82.186,30.133],[82.184,30.132],[82.181,30.131],[82.179,30.129],[82.177,30.125],[82.177,30.122],[82.176,30.122],[82.172,30.122],[82.171,30.122],[82.171,30.119],[82.172,30.118],[82.175,30.118],[82.177,30.118],[82.179,30.117],[82.181,30.116],[82.183,30.114],[82.184,30.113],[82.186,30.111],[82.186,30.111],[82.185,30.111],[82.184,30.11],[82.183,30.108],[82.183,30.107],[82.182,30.107],[82.182,30.106],[82.181,30.106],[82.181,30.104],[82.18,30.103],[82.18,30.103],[82.179,30.102],[82.179,30.1],[82.18,30.099],[82.181,30.097],[82.182,30.096],[82.18,30.094],[82.179,30.092],[82.178,30.09],[82.177,30.089],[82.174,30.087],[82.17,30.087],[82.168,30.086],[82.167,30.083],[82.166,30.082],[82.166,30.081],[82.166,30.081],[82.166,30.078],[82.167,30.075],[82.168,30.074],[82.169,30.071],[82.171,30.067],[82.173,30.066],[82.179,30.067],[82.183,30.067],[82.185,30.068],[82.187,30.069],[82.189,30.07],[82.193,30.069],[82.197,30.068],[82.201,30.067],[82.204,30.068],[82.209,30.067],[82.212,30.066],[82.217,30.068],[82.218,30.068],[82.219,30.068],[82.219,30.068],[82.224,30.067],[82.227,30.066],[82.231,30.065],[82.233,30.068],[82.237,30.071],[82.24,30.074],[82.245,30.075],[82.248,30.075],[82.249,30.075],[82.25,30.074],[82.252,30.072],[82.252,30.071],[82.252,30.07],[82.253,30.068],[82.254,30.069],[82.256,30.069],[82.257,30.067],[82.258,30.066],[82.259,30.065],[82.261,30.065],[82.262,30.064],[82.263,30.064],[82.264,30.063],[82.266,30.062],[82.268,30.062],[82.271,30.062],[82.272,30.062],[82.273,30.063],[82.275,30.063],[82.278,30.063],[82.279,30.062],[82.281,30.061],[82.282,30.061],[82.283,30.059],[82.283,30.058],[82.283,30.058],[82.283,30.056],[82.284,30.055],[82.284,30.054],[82.285,30.053],[82.285,30.052],[82.285,30.05],[82.285,30.049],[82.285,30.047],[82.287,30.047],[82.288,30.045],[82.289,30.044],[82.29,30.043],[82.292,30.042],[82.294,30.041],[82.297,30.041],[82.298,30.038],[82.3,30.038],[82.301,30.039],[82.302,30.038],[82.304,30.038],[82.306,30.037],[82.308,30.038],[82.311,30.038],[82.313,30.039],[82.315,30.04],[82.317,30.042],[82.318,30.043],[82.319,30.044],[82.319,30.047],[82.319,30.048],[82.319,30.049],[82.32,30.05],[82.322,30.049],[82.326,30.048],[82.327,30.047],[82.328,30.047],[82.33,30.048],[82.331,30.047],[82.332,30.047],[82.334,30.047],[82.335,30.046],[82.335,30.045],[82.337,30.042],[82.338,30.041],[82.339,30.04],[82.34,30.04],[82.342,30.039],[82.344,30.037],[82.344,30.033],[82.344,30.032],[82.344,30.03],[82.346,30.028],[82.348,30.027],[82.349,30.025],[82.35,30.025],[82.351,30.026],[82.353,30.026],[82.355,30.025],[82.357,30.024],[82.358,30.023],[82.359,30.022],[82.36,30.02],[82.36,30.019],[82.362,30.018],[82.362,30.016],[82.362,30.015],[82.362,30.013],[82.363,30.012],[82.363,30.01],[82.365,30.012],[82.367,30.013],[82.369,30.014],[82.372,30.015],[82.373,30.016],[82.374,30.015],[82.374,30.014],[82.375,30.013],[82.376,30.012],[82.378,30.011],[82.378,30.012],[82.377,30.013],[82.377,30.015],[82.376,30.017],[82.376,30.019],[82.377,30.02],[82.378,30.021],[82.377,30.022],[82.376,30.023],[82.376,30.026],[82.378,30.027],[82.379,30.027],[82.381,30.027],[82.382,30.027],[82.383,30.026],[82.383,30.025],[82.384,30.023],[82.385,30.022],[82.386,30.021],[82.387,30.02],[82.388,30.021],[82.389,30.023],[82.391,30.024],[82.393,30.025],[82.395,30.024],[82.397,30.023],[82.398,30.022],[82.399,30.022],[82.399,30.021],[82.4,30.019],[82.4,30.018],[82.401,30.017],[82.401,30.016],[82.402,30.015],[82.403,30.015],[82.403,30.015],[82.405,30.015],[82.407,30.015],[82.408,30.013],[82.408,30.012],[82.408,30.011],[82.41,30.01],[82.412,30.01],[82.413,30.009],[82.415,30.009],[82.416,30.007],[82.416,30.006],[82.417,30.005],[82.419,30.005],[82.421,30.004],[82.422,30.002],[82.422,30.0],[82.425,29.995],[82.43,29.991],[82.432,29.989],[82.437,29.988],[82.439,29.987],[82.443,29.986],[82.445,29.984],[82.448,29.982],[82.452,29.98],[82.456,29.978],[82.457,29.978],[82.459,29.98],[82.463,29.982],[82.465,29.979],[82.468,29.977],[82.475,29.974],[82.477,29.972],[82.476,29.968],[82.474,29.965],[82.478,29.962],[82.481,29.959],[82.486,29.957],[82.49,29.952],[82.496,29.95],[82.5,29.946],[82.502,29.947],[82.503,29.948],[82.505,29.948],[82.509,29.949],[82.512,29.951],[82.514,29.952],[82.516,29.954],[82.517,29.956],[82.519,29.957],[82.521,29.959],[82.522,29.961],[82.523,29.962],[82.524,29.965],[82.527,29.968],[82.529,29.971],[82.53,29.971],[82.534,29.97],[82.537,29.968],[82.541,29.966],[82.544,29.964],[82.549,29.963],[82.55,29.962],[82.552,29.96],[82.555,29.958],[82.558,29.958],[82.562,29.956],[82.563,29.955],[82.563,29.954],[82.563,29.95],[82.565,29.947],[82.564,29.945],[82.564,29.942],[82.566,29.939],[82.567,29.935],[82.566,29.933],[82.567,29.932],[82.57,29.93],[82.571,29.928],[82.573,29.926],[82.577,29.925],[82.578,29.923],[82.581,29.921],[82.584,29.922],[82.586,29.92],[82.587,29.917],[82.589,29.914],[82.59,29.909],[82.592,29.907],[82.595,29.905],[82.596,29.901],[82.597,29.898],[82.601,29.894],[82.602,29.892],[82.602,29.89],[82.604,29.888],[82.608,29.885],[82.612,29.883],[82.615,29.881],[82.618,29.88],[82.62,29.879],[82.625,29.879],[82.629,29.878],[82.634,29.877],[82.638,29.874],[82.641,29.872],[82.643,29.87],[82.643,29.867],[82.641,29.865],[82.641,29.863],[82.638,29.861],[82.634,29.859],[82.631,29.857],[82.631,29.854],[82.632,29.851],[82.632,29.85],[82.629,29.848],[82.626,29.849],[82.622,29.847],[82.62,29.844],[82.619,29.841],[82.62,29.838],[82.622,29.837],[82.626,29.837],[82.63,29.836],[82.636,29.834],[82.64,29.834],[82.642,29.835],[82.644,29.836],[82.647,29.836],[82.649,29.838],[82.651,29.838],[82.655,29.838],[82.657,29.84],[82.659,29.842],[82.662,29.843],[82.665,29.841],[82.666,29.842],[82.669,29.843],[82.672,29.844],[82.675,29.843],[82.678,29.844],[82.681,29.846],[82.685,29.847],[82.685,29.85],[82.686,29.852],[82.689,29.853],[82.691,29.854],[82.694,29.854],[82.696,29.855],[82.699,29.854],[82.701,29.852],[82.703,29.848],[82.704,29.845],[82.707,29.842],[82.708,29.841],[82.71,29.839],[82.711,29.839],[82.714,29.838],[82.717,29.839],[82.72,29.839],[82.723,29.839],[82.727,29.835],[82.727,29.834],[82.727,29.832],[82.727,29.829],[82.73,29.825],[82.731,29.821],[82.733,29.817],[82.737,29.815],[82.736,29.813],[82.731,29.809],[82.73,29.808],[82.729,29.804],[82.726,29.802],[82.72,29.8],[82.716,29.798],[82.713,29.794],[82.711,29.794],[82.71,29.793],[82.709,29.792],[82.705,29.793],[82.701,29.795],[82.7,29.795],[82.698,29.794],[82.694,29.791],[82.695,29.789],[82.696,29.786],[82.696,29.782],[82.696,29.781],[82.693,29.778],[82.688,29.775],[82.689,29.771],[82.689,29.769],[82.689,29.766],[82.69,29.764],[82.692,29.762],[82.694,29.761],[82.697,29.762],[82.699,29.762],[82.701,29.763],[82.705,29.765],[82.708,29.766],[82.71,29.769],[82.712,29.769],[82.716,29.769],[82.718,29.767],[82.719,29.767],[82.722,29.769],[82.723,29.77],[82.724,29.771],[82.726,29.77],[82.728,29.769],[82.731,29.77],[82.734,29.771],[82.735,29.77],[82.739,29.769],[82.743,29.769],[82.745,29.769],[82.746,29.768],[82.752,29.766],[82.757,29.762],[82.759,29.758],[82.759,29.755],[82.762,29.751],[82.763,29.746],[82.767,29.742],[82.767,29.738],[82.766,29.734],[82.763,29.731],[82.767,29.729],[82.774,29.728],[82.779,29.725],[82.782,29.726],[82.787,29.723],[82.792,29.721],[82.797,29.719],[82.802,29.72],[82.807,29.722],[82.811,29.722],[82.817,29.722],[82.82,29.718],[82.821,29.715],[82.82,29.71],[82.816,29.706],[82.816,29.702],[82.818,29.698],[82.822,29.694],[82.826,29.69],[82.831,29.689],[82.836,29.69],[82.84,29.691],[82.847,29.69],[82.855,29.687],[82.861,29.685],[82.868,29.686],[82.873,29.689],[82.877,29.692],[82.882,29.692],[82.887,29.693],[82.887,29.696],[82.888,29.7],[82.892,29.702],[82.896,29.702],[82.901,29.702],[82.906,29.701],[82.909,29.701],[82.911,29.702],[82.912,29.704],[82.915,29.706],[82.917,29.706],[82.921,29.705],[82.926,29.701],[82.93,29.703],[82.934,29.704],[82.935,29.704],[82.939,29.7],[82.942,29.696],[82.947,29.693],[82.948,29.688],[82.945,29.683],[82.943,29.678],[82.941,29.674],[82.945,29.674],[82.947,29.67],[82.95,29.668],[82.954,29.665],[82.957,29.662],[82.964,29.663],[82.969,29.664],[82.971,29.666],[82.977,29.667],[82.981,29.667],[82.984,29.668],[82.988,29.667],[82.992,29.663],[82.994,29.664],[82.998,29.665],[82.999,29.665],[83.001,29.665],[83.002,29.666],[83.003,29.667],[83.004,29.669],[83.006,29.67],[83.007,29.671],[83.008,29.672],[83.008,29.673],[83.009,29.672],[83.01,29.67],[83.01,29.668],[83.011,29.667],[83.012,29.666],[83.014,29.665],[83.014,29.664],[83.014,29.662],[83.014,29.661],[83.016,29.66],[83.018,29.659],[83.02,29.659],[83.021,29.658],[83.021,29.656],[83.021,29.654],[83.021,29.651],[83.022,29.65],[83.024,29.65],[83.026,29.651],[83.028,29.652],[83.03,29.653],[83.032,29.654],[83.033,29.654],[83.034,29.653],[83.036,29.652],[83.037,29.65],[83.038,29.649],[83.039,29.648],[83.039,29.646],[83.039,29.644],[83.04,29.643],[83.04,29.642],[83.041,29.64],[83.041,29.639],[83.042,29.637],[83.042,29.635],[83.043,29.632],[83.044,29.631],[83.046,29.63],[83.048,29.63],[83.05,29.63],[83.052,29.629],[83.053,29.627],[83.055,29.627],[83.057,29.627],[83.058,29.627],[83.06,29.627],[83.062,29.627],[83.064,29.627],[83.066,29.626],[83.066,29.624],[83.066,29.622],[83.066,29.619],[83.066,29.618],[83.066,29.616],[83.067,29.615],[83.068,29.613],[83.069,29.612],[83.069,29.61],[83.07,29.61],[83.071,29.609],[83.073,29.609],[83.075,29.609],[83.077,29.608],[83.079,29.608],[83.08,29.607],[83.081,29.607],[83.082,29.606],[83.083,29.604],[83.084,29.603],[83.086,29.603],[83.087,29.603],[83.089,29.605],[83.091,29.605],[83.092,29.606],[83.091,29.607],[83.09,29.609],[83.09,29.611],[83.091,29.612],[83.093,29.613],[83.095,29.613],[83.096,29.613],[83.098,29.613],[83.099,29.614],[83.101,29.614],[83.101,29.615],[83.104,29.617],[83.105,29.618],[83.106,29.618],[83.108,29.617],[83.11,29.617],[83.112,29.617],[83.114,29.616],[83.116,29.616],[83.117,29.617],[83.117,29.619],[83.117,29.622],[83.117,29.624],[83.117,29.625],[83.118,29.627],[83.12,29.629],[83.122,29.627],[83.124,29.626],[83.124,29.625],[83.125,29.624],[83.126,29.623],[83.127,29.622],[83.13,29.62],[83.131,29.619],[83.132,29.618],[83.132,29.618],[83.133,29.62],[83.134,29.621],[83.135,29.622],[83.137,29.623],[83.139,29.623],[83.141,29.624],[83.142,29.625],[83.144,29.623],[83.145,29.623],[83.147,29.623],[83.148,29.623],[83.15,29.624],[83.152,29.623],[83.153,29.622],[83.154,29.622],[83.155,29.621],[83.157,29.621],[83.158,29.62],[83.16,29.619],[83.162,29.618],[83.164,29.617],[83.165,29.616],[83.165,29.615],[83.164,29.613],[83.164,29.612],[83.164,29.61],[83.163,29.609],[83.162,29.607],[83.161,29.606],[83.16,29.604],[83.16,29.603],[83.16,29.6],[83.159,29.599],[83.159,29.598],[83.159,29.597],[83.161,29.596],[83.162,29.596],[83.163,29.595],[83.164,29.595],[83.166,29.595],[83.168,29.596],[83.171,29.595],[83.172,29.594],[83.174,29.593],[83.175,29.593],[83.177,29.592],[83.178,29.592],[83.18,29.593],[83.182,29.594],[83.183,29.595],[83.185,29.595],[83.186,29.596],[83.188,29.597],[83.189,29.599],[83.189,29.601],[83.188,29.601],[83.188,29.602],[83.188,29.603],[83.187,29.605],[83.186,29.606],[83.187,29.607],[83.188,29.609],[83.189,29.609],[83.191,29.608],[83.191,29.608],[83.192,29.609],[83.194,29.61],[83.196,29.611],[83.197,29.611],[83.197,29.61],[83.198,29.609],[83.198,29.608],[83.198,29.607],[83.199,29.606],[83.201,29.607],[83.202,29.607],[83.204,29.607],[83.206,29.607],[83.207,29.607],[83.209,29.607],[83.211,29.606],[83.213,29.606],[83.215,29.606],[83.217,29.606],[83.218,29.605],[83.218,29.605],[83.218,29.603],[83.218,29.602],[83.217,29.6],[83.216,29.598],[83.216,29.597],[83.217,29.595],[83.217,29.594],[83.216,29.593],[83.216,29.592],[83.215,29.59],[83.215,29.589],[83.215,29.589],[83.217,29.588],[83.219,29.587],[83.22,29.586],[83.222,29.585],[83.224,29.584],[83.226,29.583],[83.228,29.583],[83.23,29.581],[83.231,29.58],[83.232,29.578],[83.233,29.578],[83.235,29.578],[83.237,29.578],[83.24,29.578],[83.241,29.578],[83.243,29.578],[83.245,29.577],[83.247,29.577],[83.248,29.577],[83.249,29.577],[83.251,29.578],[83.252,29.578],[83.254,29.577],[83.255,29.577],[83.258,29.577],[83.26,29.577],[83.261,29.578],[83.262,29.577],[83.261,29.577],[83.261,29.575],[83.261,29.574],[83.263,29.573],[83.264,29.572],[83.266,29.571],[83.267,29.57],[83.268,29.569],[83.269,29.568],[83.271,29.568],[83.273,29.568],[83.275,29.568],[83.277,29.569],[83.278,29.569],[83.279,29.568],[83.28,29.567],[83.281,29.566],[83.282,29.565],[83.283,29.564],[83.283,29.564],[83.284,29.563],[83.284,29.562],[83.283,29.561],[83.283,29.56],[83.283,29.559],[83.282,29.558],[83.282,29.558],[83.281,29.558],[83.279,29.558],[83.278,29.558],[83.277,29.557],[83.276,29.556],[83.274,29.555],[83.274,29.555],[83.273,29.555],[83.272,29.556],[83.27,29.556],[83.269,29.557],[83.268,29.557],[83.266,29.556],[83.266,29.556],[83.265,29.555],[83.264,29.555],[83.262,29.556],[83.261,29.557],[83.26,29.557],[83.259,29.557],[83.258,29.557],[83.257,29.558],[83.256,29.557],[83.255,29.557],[83.256,29.555],[83.256,29.554],[83.257,29.554],[83.258,29.553],[83.259,29.551],[83.259,29.55],[83.258,29.549],[83.257,29.548],[83.255,29.546],[83.255,29.545],[83.254,29.545],[83.255,29.543],[83.256,29.543],[83.256,29.542],[83.256,29.541],[83.256,29.54],[83.256,29.539],[83.257,29.539],[83.259,29.538],[83.26,29.538],[83.261,29.536],[83.262,29.535],[83.263,29.534],[83.264,29.533],[83.264,29.532],[83.264,29.531],[83.265,29.529],[83.265,29.528],[83.265,29.527],[83.265,29.526],[83.266,29.525],[83.268,29.524],[83.269,29.523],[83.269,29.522],[83.268,29.52],[83.268,29.519],[83.269,29.518],[83.269,29.517],[83.268,29.516],[83.267,29.515],[83.267,29.514],[83.267,29.513],[83.268,29.512],[83.268,29.511],[83.268,29.509],[83.268,29.508],[83.267,29.508],[83.268,29.508],[83.27,29.508],[83.271,29.508],[83.273,29.507],[83.274,29.506],[83.274,29.505],[83.274,29.504],[83.275,29.503],[83.276,29.502],[83.277,29.502],[83.279,29.501],[83.28,29.5],[83.282,29.499],[83.284,29.5],[83.286,29.501],[83.287,29.501],[83.288,29.501],[83.289,29.502],[83.29,29.502],[83.291,29.503],[83.292,29.503],[83.293,29.504],[83.293,29.504],[83.294,29.504],[83.295,29.504],[83.295,29.503],[83.296,29.503],[83.297,29.502],[83.298,29.502],[83.3,29.501],[83.301,29.501],[83.301,29.5],[83.302,29.5],[83.303,29.5],[83.304,29.501],[83.305,29.502],[83.306,29.502],[83.307,29.502],[83.308,29.502],[83.309,29.503],[83.31,29.504],[83.311,29.504],[83.311,29.505],[83.312,29.506],[83.312,29.507],[83.313,29.508],[83.314,29.508],[83.315,29.509],[83.316,29.509],[83.317,29.508],[83.318,29.507],[83.319,29.507],[83.319,29.506],[83.32,29.505],[83.321,29.505],[83.322,29.504],[83.323,29.504],[83.324,29.504],[83.325,29.504],[83.326,29.503],[83.327,29.503],[83.328,29.504],[83.329,29.504],[83.33,29.503],[83.33,29.503],[83.331,29.502],[83.331,29.501],[83.332,29.501],[83.334,29.499],[83.336,29.498],[83.339,29.497],[83.343,29.496],[83.346,29.493],[83.347,29.491],[83.346,29.489],[83.347,29.487],[83.348,29.485],[83.347,29.482],[83.348,29.479],[83.346,29.477],[83.343,29.476],[83.343,29.474],[83.344,29.471],[83.344,29.469],[83.343,29.467],[83.343,29.465],[83.346,29.464],[83.348,29.462],[83.349,29.46],[83.352,29.459],[83.353,29.455],[83.354,29.451],[83.357,29.451],[83.361,29.452],[83.364,29.451],[83.366,29.45],[83.364,29.447],[83.363,29.445],[83.364,29.442],[83.365,29.439],[83.367,29.438],[83.37,29.435],[83.371,29.433],[83.371,29.429],[83.374,29.428],[83.377,29.427],[83.379,29.425],[83.381,29.423],[83.384,29.423],[83.387,29.423],[83.389,29.423],[83.393,29.422],[83.397,29.422],[83.4,29.422],[83.404,29.422],[83.408,29.422],[83.411,29.422],[83.414,29.421],[83.415,29.417],[83.416,29.414],[83.416,29.411],[83.418,29.409],[83.421,29.405],[83.425,29.404],[83.425,29.401],[83.423,29.4],[83.421,29.398],[83.421,29.395],[83.421,29.393],[83.422,29.39],[83.424,29.387],[83.423,29.385],[83.421,29.383],[83.417,29.382],[83.413,29.381],[83.413,29.379],[83.414,29.377],[83.416,29.375],[83.415,29.372],[83.414,29.369],[83.413,29.367],[83.417,29.365],[83.417,29.362],[83.415,29.36],[83.416,29.357],[83.418,29.356],[83.423,29.357],[83.426,29.354],[83.428,29.352],[83.429,29.35],[83.435,29.35],[83.438,29.35],[83.441,29.347],[83.442,29.345],[83.444,29.342],[83.445,29.34],[83.444,29.338],[83.443,29.335],[83.445,29.332],[83.446,29.33],[83.446,29.328],[83.444,29.325],[83.443,29.321],[83.441,29.319],[83.439,29.316],[83.44,29.313],[83.439,29.311],[83.438,29.309],[83.444,29.307],[83.445,29.305],[83.443,29.301],[83.444,29.3],[83.448,29.299],[83.452,29.297],[83.451,29.295],[83.452,29.293],[83.455,29.292],[83.455,29.29],[83.455,29.287],[83.458,29.286],[83.46,29.285],[83.462,29.283],[83.462,29.279],[83.463,29.277],[83.465,29.275],[83.468,29.274],[83.471,29.274],[83.473,29.277],[83.477,29.28],[83.48,29.281],[83.486,29.281],[83.488,29.279],[83.487,29.277],[83.49,29.276],[83.492,29.275],[83.494,29.273],[83.493,29.27],[83.491,29.267],[83.492,29.265],[83.494,29.263],[83.497,29.263],[83.499,29.261],[83.502,29.26],[83.504,29.257],[83.505,29.256],[83.508,29.257],[83.512,29.256],[83.514,29.255],[83.515,29.251],[83.517,29.247],[83.52,29.245],[83.518,29.242],[83.519,29.24],[83.523,29.238],[83.52,29.234],[83.516,29.23],[83.518,29.227],[83.518,29.223],[83.518,29.221],[83.52,29.218],[83.524,29.216],[83.53,29.214],[83.53,29.21],[83.532,29.208],[83.535,29.205],[83.539,29.203],[83.543,29.202],[83.547,29.202],[83.55,29.2],[83.553,29.201],[83.558,29.204],[83.561,29.205],[83.565,29.204],[83.57,29.203],[83.572,29.201],[83.57,29.198],[83.569,29.194],[83.571,29.19],[83.576,29.188],[83.577,29.185],[83.576,29.181],[83.58,29.178],[83.586,29.176],[83.592,29.174],[83.597,29.175],[83.603,29.178],[83.607,29.18],[83.611,29.179],[83.614,29.175],[83.616,29.171],[83.622,29.169],[83.625,29.166],[83.629,29.162],[83.634,29.159],[83.641,29.161],[83.644,29.164],[83.645,29.168],[83.65,29.169],[83.653,29.172],[83.655,29.174],[83.658,29.176],[83.661,29.174],[83.662,29.174],[83.663,29.173],[83.664,29.172],[83.665,29.171],[83.666,29.17],[83.665,29.168],[83.663,29.167],[83.662,29.165],[83.662,29.164],[83.663,29.163],[83.663,29.161],[83.663,29.159],[83.663,29.158],[83.664,29.156],[83.666,29.155],[83.668,29.154],[83.671,29.153],[83.673,29.152],[83.675,29.15],[83.676,29.149],[83.676,29.147],[83.675,29.145],[83.676,29.143],[83.676,29.14],[83.675,29.137],[83.676,29.136],[83.678,29.134],[83.679,29.133],[83.679,29.131],[83.679,29.129],[83.679,29.127],[83.679,29.125],[83.68,29.124],[83.679,29.124],[83.677,29.124],[83.674,29.124],[83.673,29.123],[83.67,29.123],[83.667,29.124],[83.665,29.124],[83.663,29.125],[83.661,29.125],[83.659,29.124],[83.658,29.123],[83.657,29.123],[83.656,29.122],[83.654,29.121],[83.651,29.119],[83.651,29.115],[83.651,29.113],[83.651,29.112],[83.652,29.11],[83.652,29.108],[83.651,29.106],[83.65,29.105],[83.648,29.104],[83.646,29.104],[83.644,29.105],[83.642,29.106],[83.64,29.106],[83.637,29.107],[83.635,29.107],[83.632,29.107],[83.63,29.107],[83.628,29.105],[83.625,29.103],[83.624,29.102],[83.622,29.1],[83.621,29.098],[83.619,29.098],[83.616,29.099],[83.615,29.097],[83.615,29.096],[83.617,29.092],[83.62,29.09],[83.622,29.089],[83.624,29.088],[83.625,29.087],[83.626,29.086],[83.627,29.085],[83.628,29.083],[83.629,29.082],[83.631,29.081],[83.631,29.079],[83.63,29.077],[83.63,29.075],[83.63,29.072],[83.63,29.07],[83.631,29.068],[83.631,29.066],[83.631,29.063],[83.628,29.063],[83.623,29.062],[83.621,29.061],[83.619,29.059],[83.619,29.056],[83.618,29.056],[83.619,29.053],[83.619,29.05],[83.619,29.048],[83.619,29.046],[83.617,29.043],[83.617,29.041],[83.615,29.04],[83.613,29.036],[83.613,29.035],[83.613,29.034],[83.613,29.032],[83.614,29.03],[83.615,29.029],[83.615,29.027],[83.615,29.026],[83.614,29.023],[83.614,29.023],[83.615,29.021],[83.616,29.02],[83.617,29.019],[83.616,29.018],[83.615,29.017],[83.614,29.016],[83.612,29.015],[83.613,29.013],[83.615,29.01],[83.617,29.007],[83.616,29.005],[83.616,29.003],[83.615,29.001],[83.615,29.0],[83.615,28.998],[83.615,28.997],[83.615,28.996],[83.616,28.993],[83.615,28.991],[83.615,28.989],[83.615,28.988],[83.614,28.986],[83.612,28.985],[83.61,28.983],[83.61,28.981],[83.609,28.98],[83.608,28.98],[83.606,28.98],[83.605,28.98],[83.604,28.981],[83.603,28.983],[83.602,28.984],[83.6,28.985],[83.6,28.986],[83.599,28.986],[83.597,28.986],[83.596,28.985],[83.592,28.983],[83.591,28.982],[83.589,28.98],[83.588,28.978],[83.587,28.976],[83.587,28.975],[83.587,28.974],[83.587,28.972],[83.587,28.97],[83.586,28.969],[83.585,28.968],[83.585,28.967],[83.582,28.966],[83.582,28.964],[83.583,28.963],[83.582,28.961],[83.582,28.958],[83.58,28.956],[83.578,28.955],[83.576,28.955],[83.575,28.954],[83.574,28.952],[83.573,28.95],[83.572,28.949],[83.571,28.948],[83.571,28.947],[83.568,28.944],[83.565,28.944],[83.562,28.945],[83.56,28.945],[83.559,28.945],[83.557,28.943],[83.557,28.941],[83.558,28.94],[83.558,28.939],[83.558,28.938],[83.557,28.936],[83.556,28.934],[83.555,28.932],[83.554,28.931],[83.552,28.929],[83.55,28.927],[83.548,28.924],[83.546,28.922],[83.542,28.919],[83.541,28.916],[83.54,28.915],[83.538,28.914],[83.537,28.913],[83.535,28.911],[83.533,28.91],[83.529,28.909],[83.528,28.907],[83.528,28.905],[83.528,28.904],[83.526,28.903],[83.525,28.901],[83.524,28.899],[83.523,28.898],[83.522,28.897],[83.52,28.896],[83.519,28.894],[83.517,28.892],[83.515,28.89],[83.514,28.889],[83.513,28.889],[83.511,28.888],[83.51,28.888],[83.508,28.886],[83.507,28.885],[83.504,28.882],[83.503,28.881],[83.502,28.879],[83.5,28.877],[83.5,28.876],[83.502,28.873],[83.503,28.871],[83.504,28.869],[83.506,28.866],[83.506,28.864],[83.506,28.863],[83.506,28.86],[83.506,28.857],[83.506,28.856],[83.504,28.854],[83.503,28.853],[83.502,28.851],[83.502,28.849],[83.502,28.848],[83.502,28.846],[83.501,28.845],[83.5,28.845],[83.495,28.844],[83.493,28.846],[83.491,28.847],[83.49,28.847],[83.488,28.846],[83.485,28.846],[83.482,28.845],[83.481,28.842],[83.481,28.84],[83.481,28.839],[83.48,28.838],[83.481,28.836],[83.482,28.835],[83.483,28.833],[83.483,28.832],[83.483,28.831],[83.482,28.829],[83.482,28.828],[83.481,28.826],[83.48,28.825],[83.48,28.824],[83.48,28.823],[83.48,28.82],[83.48,28.819],[83.48,28.817],[83.482,28.815],[83.484,28.814],[83.485,28.813],[83.485,28.812],[83.485,28.81],[83.485,28.808],[83.488,28.804],[83.488,28.802],[83.488,28.8],[83.488,28.798],[83.487,28.796],[83.487,28.794],[83.487,28.791],[83.486,28.789],[83.484,28.786],[83.481,28.783],[83.477,28.782],[83.472,28.782],[83.469,28.782],[83.466,28.781],[83.461,28.78],[83.459,28.776],[83.456,28.773],[83.453,28.772],[83.45,28.771],[83.445,28.769],[83.441,28.77],[83.436,28.769],[83.434,28.768],[83.427,28.766],[83.423,28.765],[83.419,28.764],[83.415,28.762],[83.41,28.761],[83.405,28.761],[83.4,28.761],[83.397,28.762],[83.393,28.763],[83.387,28.762],[83.384,28.758],[83.381,28.755],[83.377,28.752],[83.377,28.749],[83.376,28.748],[83.376,28.747],[83.375,28.745],[83.373,28.744],[83.372,28.743],[83.371,28.742],[83.37,28.741],[83.368,28.74],[83.367,28.739],[83.366,28.738],[83.364,28.737],[83.363,28.736],[83.362,28.734],[83.36,28.734],[83.358,28.734],[83.357,28.734],[83.355,28.734],[83.354,28.734],[83.353,28.735],[83.352,28.736],[83.351,28.736],[83.349,28.736],[83.348,28.736],[83.347,28.736],[83.345,28.736],[83.344,28.736],[83.343,28.736],[83.342,28.736],[83.338,28.737],[83.337,28.737],[83.335,28.737],[83.335,28.738],[83.333,28.738],[83.332,28.738],[83.329,28.738],[83.327,28.738],[83.325,28.738],[83.324,28.738],[83.324,28.737],[83.322,28.737],[83.321,28.736],[83.32,28.736],[83.318,28.736],[83.316,28.736],[83.313,28.736],[83.311,28.734],[83.309,28.733],[83.308,28.733],[83.305,28.733],[83.303,28.732],[83.301,28.732],[83.299,28.732],[83.299,28.732],[83.297,28.731],[83.295,28.73],[83.293,28.73],[83.293,28.729],[83.291,28.729],[83.291,28.729],[83.289,28.728],[83.288,28.728],[83.285,28.727],[83.283,28.726],[83.281,28.725],[83.28,28.724],[83.279,28.723],[83.277,28.722],[83.274,28.724],[83.272,28.725],[83.27,28.725],[83.269,28.725],[83.269,28.726],[83.268,28.726],[83.267,28.726],[83.266,28.726],[83.264,28.726],[83.261,28.726],[83.259,28.726],[83.259,28.726],[83.256,28.727],[83.255,28.728],[83.254,28.728],[83.253,28.729],[83.252,28.729],[83.25,28.729],[83.247,28.731],[83.245,28.733],[83.243,28.734],[83.24,28.735],[83.239,28.736],[83.238,28.737],[83.238,28.739],[83.237,28.74],[83.236,28.74],[83.235,28.741],[83.234,28.741],[83.232,28.742],[83.231,28.742],[83.23,28.743],[83.227,28.743],[83.224,28.741],[83.223,28.741],[83.221,28.739],[83.22,28.737],[83.219,28.736],[83.215,28.734],[83.214,28.733],[83.213,28.733],[83.212,28.733],[83.21,28.732],[83.207,28.733],[83.206,28.733],[83.205,28.733],[83.204,28.734],[83.202,28.734],[83.201,28.735],[83.198,28.737],[83.197,28.738],[83.196,28.738],[83.195,28.739],[83.194,28.74],[83.192,28.741],[83.188,28.743],[83.187,28.744],[83.186,28.744],[83.185,28.744],[83.184,28.744],[83.181,28.744],[83.18,28.744],[83.179,28.744],[83.174,28.744],[83.173,28.744],[83.172,28.745],[83.171,28.745],[83.171,28.745],[83.169,28.745],[83.167,28.745],[83.166,28.745],[83.163,28.746],[83.162,28.747],[83.161,28.747],[83.16,28.747],[83.16,28.747],[83.158,28.747],[83.155,28.748],[83.153,28.748],[83.151,28.748],[83.149,28.748],[83.147,28.748],[83.145,28.747],[83.144,28.747],[83.143,28.747],[83.142,28.746],[83.141,28.746],[83.14,28.747],[83.139,28.747],[83.139,28.747],[83.137,28.748],[83.134,28.748],[83.132,28.748],[83.131,28.747],[83.13,28.747],[83.129,28.746],[83.129,28.746],[83.126,28.746],[83.124,28.746],[83.123,28.746],[83.122,28.746],[83.121,28.745],[83.119,28.744],[83.117,28.744],[83.116,28.744],[83.115,28.743],[83.114,28.743],[83.114,28.744],[83.113,28.745],[83.113,28.746],[83.112,28.747],[83.111,28.748],[83.11,28.749],[83.108,28.749],[83.107,28.75],[83.106,28.751],[83.105,28.752],[83.104,28.752],[83.103,28.753],[83.102,28.754],[83.102,28.755],[83.103,28.756],[83.103,28.756],[83.103,28.757],[83.102,28.758],[83.102,28.759],[83.102,28.76],[83.102,28.761],[83.101,28.761],[83.101,28.762],[83.1,28.763],[83.099,28.764],[83.099,28.765],[83.098,28.766],[83.098,28.767],[83.096,28.767],[83.095,28.768],[83.094,28.768],[83.094,28.769],[83.093,28.77],[83.093,28.771],[83.092,28.772],[83.091,28.773],[83.09,28.773],[83.089,28.774],[83.088,28.775],[83.087,28.776],[83.087,28.776],[83.086,28.777],[83.085,28.778],[83.084,28.778],[83.084,28.778],[83.083,28.779],[83.082,28.779],[83.081,28.781],[83.08,28.782],[83.08,28.782],[83.08,28.783],[83.08,28.784],[83.08,28.785],[83.079,28.786],[83.079,28.786],[83.078,28.786],[83.077,28.785],[83.076,28.785],[83.075,28.785],[83.074,28.784],[83.073,28.784],[83.072,28.783],[83.071,28.782],[83.07,28.782],[83.07,28.781],[83.069,28.78],[83.068,28.78],[83.068,28.78],[83.068,28.781],[83.067,28.782],[83.067,28.782],[83.066,28.783],[83.065,28.784],[83.064,28.784],[83.063,28.784],[83.062,28.785],[83.061,28.785],[83.061,28.785],[83.06,28.785],[83.059,28.786],[83.057,28.786],[83.056,28.786],[83.055,28.786],[83.055,28.786],[83.054,28.786],[83.052,28.786],[83.052,28.786],[83.051,28.786],[83.05,28.786],[83.049,28.787],[83.047,28.787],[83.046,28.787],[83.046,28.787],[83.044,28.787],[83.044,28.788],[83.043,28.788],[83.041,28.789],[83.041,28.79],[83.04,28.791],[83.039,28.791],[83.038,28.792],[83.037,28.792],[83.036,28.793],[83.035,28.793],[83.034,28.793],[83.033,28.793],[83.032,28.793],[83.031,28.793],[83.03,28.793],[83.029,28.793],[83.028,28.793],[83.026,28.793],[83.025,28.792],[83.024,28.792],[83.023,28.791],[83.023,28.791],[83.022,28.791],[83.021,28.792],[83.02,28.792],[83.02,28.793],[83.019,28.794],[83.018,28.795],[83.017,28.795],[83.016,28.796],[83.015,28.796],[83.014,28.798],[83.013,28.798],[83.012,28.799],[83.011,28.799],[83.01,28.799],[83.009,28.8],[83.008,28.8],[83.007,28.8],[83.006,28.8],[83.005,28.8],[83.005,28.8],[83.004,28.8],[83.003,28.801],[83.002,28.801],[83.001,28.802],[83.0,28.802],[82.998,28.804],[82.997,28.804],[82.995,28.804],[82.994,28.803],[82.993,28.803],[82.991,28.802],[82.989,28.802],[82.987,28.803],[82.986,28.802],[82.984,28.802],[82.983,28.801],[82.982,28.801],[82.98,28.801],[82.979,28.802],[82.978,28.802],[82.976,28.803],[82.976,28.804],[82.975,28.805],[82.975,28.806],[82.975,28.807],[82.974,28.808],[82.974,28.809],[82.972,28.811],[82.971,28.811],[82.97,28.812],[82.97,28.813],[82.969,28.814],[82.969,28.815],[82.967,28.816],[82.966,28.816],[82.966,28.818],[82.966,28.819],[82.966,28.82],[82.965,28.82],[82.963,28.82],[82.962,28.82],[82.96,28.82],[82.959,28.82],[82.957,28.821],[82.955,28.822],[82.954,28.823],[82.952,28.824],[82.951,28.824],[82.95,28.825],[82.95,28.826],[82.95,28.828],[82.947,28.829],[82.946,28.829],[82.945,28.828],[82.944,28.828],[82.943,28.827],[82.942,28.827],[82.941,28.827],[82.939,28.828],[82.938,28.828],[82.937,28.828],[82.936,28.827],[82.934,28.827],[82.932,28.827],[82.929,28.828],[82.926,28.828],[82.925,28.828],[82.923,28.829],[82.922,28.83],[82.92,28.83],[82.918,28.831],[82.916,28.831],[82.914,28.831],[82.911,28.831],[82.909,28.831],[82.907,28.832],[82.907,28.832],[82.905,28.832],[82.904,28.831],[82.904,28.83],[82.903,28.83],[82.901,28.829],[82.9,28.829],[82.899,28.827],[82.899,28.826],[82.897,28.825],[82.896,28.825],[82.894,28.826],[82.893,28.827],[82.892,28.826],[82.89,28.826],[82.889,28.826],[82.887,28.826],[82.886,28.826],[82.884,28.827],[82.883,28.828],[82.882,28.829],[82.88,28.83],[82.879,28.831],[82.877,28.831],[82.876,28.831],[82.874,28.831],[82.872,28.832],[82.871,28.833],[82.868,28.834],[82.865,28.833],[82.864,28.832],[82.863,28.832],[82.861,28.832],[82.859,28.832],[82.857,28.833],[82.855,28.832],[82.853,28.831],[82.852,28.83],[82.849,28.828],[82.848,28.827],[82.847,28.827],[82.845,28.827],[82.843,28.827],[82.842,28.827],[82.841,28.828],[82.841,28.828],[82.839,28.83],[82.837,28.831],[82.836,28.832],[82.834,28.831],[82.833,28.83],[82.832,28.83],[82.83,28.831],[82.827,28.831],[82.824,28.831],[82.822,28.83],[82.82,28.83],[82.819,28.83],[82.817,28.831],[82.817,28.831],[82.816,28.83],[82.814,28.829],[82.813,28.828],[82.812,28.828],[82.811,28.827],[82.809,28.826],[82.807,28.825],[82.805,28.824],[82.803,28.823],[82.801,28.822],[82.8,28.821],[82.798,28.821],[82.796,28.821],[82.795,28.821],[82.794,28.82],[82.792,28.821],[82.789,28.822],[82.786,28.822],[82.785,28.823],[82.783,28.824],[82.782,28.824],[82.781,28.823],[82.78,28.822],[82.778,28.819],[82.776,28.819],[82.775,28.817],[82.773,28.816],[82.772,28.815],[82.77,28.813],[82.769,28.812],[82.769,28.812],[82.768,28.81],[82.767,28.809],[82.765,28.81],[82.759,28.82],[82.755,28.826],[82.748,28.833],[82.745,28.839],[82.742,28.846],[82.738,28.846],[82.733,28.848],[82.727,28.847],[82.724,28.849],[82.719,28.85],[82.711,28.852],[82.705,28.855],[82.701,28.859],[82.698,28.862],[82.691,28.863],[82.682,28.858],[82.674,28.853],[82.669,28.852],[82.663,28.856],[82.659,28.86],[82.656,28.864],[82.654,28.867],[82.647,28.868],[82.641,28.863],[82.637,28.859],[82.636,28.855],[82.628,28.85],[82.625,28.844],[82.624,28.836],[82.618,28.829],[82.615,28.823],[82.62,28.812],[82.617,28.808],[82.612,28.806],[82.608,28.803],[82.604,28.8],[82.601,28.797],[82.598,28.793],[82.595,28.791],[82.59,28.79],[82.59,28.787],[82.588,28.785],[82.587,28.782],[82.584,28.781],[82.581,28.78],[82.578,28.777],[82.575,28.776],[82.572,28.774],[82.57,28.772],[82.567,28.771],[82.564,28.768],[82.563,28.767],[82.564,28.762],[82.567,28.757],[82.567,28.755],[82.567,28.751],[82.566,28.748],[82.565,28.747],[82.567,28.745],[82.569,28.744],[82.571,28.743],[82.575,28.741],[82.578,28.741],[82.582,28.741],[82.586,28.74],[82.589,28.74],[82.592,28.74],[82.595,28.743],[82.596,28.744],[82.6,28.743],[82.602,28.742],[82.602,28.739],[82.602,28.735],[82.602,28.733],[82.603,28.73],[82.604,28.726],[82.604,28.723],[82.605,28.719],[82.605,28.717],[82.606,28.715],[82.61,28.714],[82.614,28.711],[82.615,28.71],[82.615,28.708],[82.615,28.705],[82.614,28.703],[82.614,28.699],[82.612,28.696],[82.614,28.694],[82.616,28.691],[82.615,28.689],[82.613,28.688],[82.611,28.688],[82.606,28.687],[82.604,28.687],[82.602,28.686],[82.6,28.684],[82.6,28.68],[82.601,28.677],[82.6,28.674],[82.6,28.671],[82.599,28.669],[82.595,28.668],[82.592,28.668],[82.59,28.666],[82.588,28.664],[82.584,28.665],[82.582,28.665],[82.58,28.665],[82.578,28.664],[82.577,28.661],[82.575,28.659],[82.573,28.657],[82.571,28.655],[82.567,28.653],[82.564,28.651],[82.562,28.649],[82.559,28.646],[82.555,28.645],[82.553,28.645],[82.551,28.646],[82.548,28.646],[82.545,28.646],[82.542,28.647],[82.54,28.647],[82.538,28.648],[82.537,28.65],[82.536,28.65],[82.532,28.651],[82.53,28.653],[82.528,28.655],[82.524,28.655],[82.523,28.657],[82.522,28.659],[82.52,28.66],[82.517,28.661],[82.514,28.659],[82.511,28.66],[82.508,28.661],[82.504,28.664],[82.503,28.665],[82.502,28.667],[82.501,28.666],[82.5,28.662],[82.497,28.662],[82.494,28.663],[82.49,28.66],[82.489,28.656],[82.491,28.652],[82.487,28.643],[82.489,28.64],[82.494,28.636],[82.498,28.635],[82.503,28.632],[82.506,28.631],[82.507,28.629],[82.509,28.628],[82.512,28.627],[82.515,28.625],[82.517,28.625],[82.52,28.625],[82.524,28.625],[82.525,28.625],[82.528,28.625],[82.531,28.624],[82.534,28.624],[82.536,28.623],[82.539,28.622],[82.54,28.621],[82.543,28.622],[82.544,28.624],[82.543,28.626],[82.545,28.627],[82.548,28.627],[82.55,28.626],[82.551,28.625],[82.549,28.624],[82.547,28.622],[82.546,28.618],[82.548,28.618],[82.551,28.616],[82.554,28.615],[82.556,28.613],[82.558,28.612],[82.56,28.611],[82.563,28.61],[82.565,28.61],[82.567,28.61],[82.57,28.61],[82.573,28.611],[82.575,28.612],[82.578,28.615],[82.58,28.613],[82.58,28.61],[82.58,28.608],[82.58,28.606],[82.579,28.605],[82.579,28.601],[82.581,28.6],[82.581,28.599],[82.581,28.597],[82.581,28.594],[82.581,28.591],[82.579,28.59],[82.581,28.589],[82.581,28.587],[82.578,28.585],[82.577,28.583],[82.575,28.58],[82.573,28.579],[82.57,28.578],[82.567,28.578],[82.564,28.579],[82.561,28.58],[82.558,28.58],[82.555,28.581],[82.553,28.582],[82.552,28.58],[82.547,28.577],[82.546,28.575],[82.544,28.573],[82.54,28.571],[82.538,28.572],[82.535,28.571],[82.534,28.569],[82.533,28.566],[82.531,28.565],[82.53,28.563],[82.53,28.56],[82.529,28.558],[82.528,28.558],[82.526,28.558],[82.525,28.557],[82.522,28.556],[82.522,28.555],[82.521,28.554],[82.52,28.554],[82.518,28.554],[82.516,28.555],[82.515,28.553],[82.514,28.553],[82.512,28.552],[82.511,28.552],[82.508,28.552],[82.506,28.552],[82.502,28.553],[82.501,28.554],[82.499,28.554],[82.497,28.554],[82.495,28.554],[82.494,28.553],[82.492,28.553],[82.492,28.551],[82.492,28.549],[82.493,28.547],[82.494,28.544],[82.494,28.542],[82.494,28.541],[82.493,28.54],[82.492,28.539],[82.49,28.538],[82.489,28.537],[82.486,28.536],[82.484,28.535],[82.483,28.534],[82.481,28.532],[82.479,28.53],[82.476,28.53],[82.475,28.529],[82.473,28.529],[82.472,28.528],[82.471,28.528],[82.469,28.527],[82.466,28.525],[82.464,28.522],[82.463,28.522],[82.463,28.521],[82.461,28.521],[82.457,28.521],[82.454,28.522],[82.452,28.522],[82.45,28.523],[82.446,28.523],[82.445,28.523],[82.444,28.523],[82.441,28.524],[82.439,28.525],[82.437,28.526],[82.434,28.526],[82.433,28.526],[82.432,28.525],[82.431,28.525],[82.429,28.525],[82.429,28.525],[82.426,28.526],[82.423,28.527],[82.421,28.527],[82.419,28.529],[82.418,28.528],[82.417,28.526],[82.417,28.523],[82.416,28.521],[82.417,28.519],[82.417,28.518],[82.417,28.518],[82.416,28.516],[82.415,28.514],[82.414,28.513],[82.414,28.513],[82.412,28.513],[82.411,28.512],[82.411,28.509],[82.41,28.508],[82.408,28.506],[82.408,28.504],[82.408,28.503],[82.409,28.502],[82.409,28.501],[82.409,28.5],[82.41,28.498],[82.412,28.497],[82.411,28.492],[82.41,28.49],[82.409,28.489],[82.408,28.488],[82.406,28.487],[82.405,28.486],[82.406,28.483],[82.406,28.482],[82.406,28.48],[82.405,28.478],[82.403,28.476],[82.402,28.473],[82.401,28.471],[82.4,28.47],[82.399,28.47],[82.398,28.469],[82.396,28.468],[82.396,28.467],[82.396,28.465],[82.396,28.465],[82.397,28.463],[82.396,28.462],[82.395,28.46],[82.393,28.459],[82.392,28.458],[82.389,28.458],[82.386,28.458],[82.384,28.456],[82.382,28.455],[82.38,28.453],[82.378,28.451],[82.376,28.45],[82.374,28.449],[82.374,28.448],[82.374,28.446],[82.375,28.442],[82.375,28.441],[82.376,28.439],[82.377,28.437],[82.377,28.434],[82.377,28.431],[82.377,28.43],[82.374,28.429],[82.372,28.428],[82.368,28.426],[82.365,28.426],[82.363,28.426],[82.358,28.425],[82.353,28.424],[82.351,28.423],[82.35,28.422],[82.351,28.419],[82.352,28.417],[82.353,28.416],[82.354,28.414],[82.353,28.411],[82.354,28.41],[82.356,28.409],[82.358,28.409],[82.361,28.408],[82.362,28.406],[82.363,28.405],[82.366,28.403],[82.365,28.4],[82.364,28.397],[82.363,28.393],[82.363,28.39],[82.364,28.389],[82.366,28.387],[82.368,28.386],[82.369,28.383],[82.371,28.381],[82.373,28.38],[82.374,28.378],[82.377,28.377],[82.379,28.375],[82.382,28.374],[82.384,28.372],[82.383,28.368],[82.382,28.364],[82.38,28.363],[82.379,28.361],[82.376,28.359],[82.378,28.357],[82.379,28.356],[82.38,28.353],[82.379,28.351],[82.376,28.349],[82.373,28.349],[82.367,28.345],[82.365,28.343],[82.363,28.339],[82.364,28.337],[82.364,28.334],[82.364,28.332],[82.364,28.33],[82.365,28.33],[82.367,28.33],[82.367,28.327],[82.367,28.325],[82.366,28.323],[82.364,28.322],[82.364,28.319],[82.366,28.319],[82.369,28.319],[82.371,28.318],[82.373,28.318],[82.375,28.317],[82.377,28.313],[82.377,28.309],[82.376,28.306],[82.378,28.302],[82.38,28.299],[82.382,28.297],[82.382,28.296],[82.383,28.295],[82.383,28.292],[82.385,28.291],[82.387,28.29],[82.391,28.287],[82.393,28.285],[82.395,28.283],[82.396,28.281],[82.396,28.277],[82.398,28.274],[82.399,28.272],[82.4,28.27],[82.401,28.268],[82.402,28.267],[82.404,28.264],[82.404,28.262],[82.405,28.261],[82.407,28.26],[82.41,28.258],[82.412,28.257],[82.413,28.254],[82.416,28.253],[82.42,28.254],[82.423,28.252],[82.425,28.251],[82.428,28.252],[82.43,28.25],[82.431,28.249],[82.434,28.249],[82.436,28.248],[82.437,28.247],[82.436,28.244],[82.433,28.242],[82.432,28.242],[82.43,28.242],[82.427,28.24],[82.427,28.238],[82.428,28.235],[82.428,28.232],[82.428,28.23],[82.426,28.23],[82.424,28.228],[82.423,28.229],[82.421,28.23],[82.418,28.229],[82.417,28.228],[82.416,28.226],[82.414,28.224],[82.411,28.223],[82.407,28.221],[82.407,28.219],[82.406,28.216],[82.405,28.215],[82.404,28.213],[82.404,28.211],[82.404,28.209],[82.402,28.206],[82.402,28.205],[82.403,28.203],[82.402,28.2],[82.402,28.199],[82.402,28.197],[82.401,28.195],[82.401,28.193],[82.401,28.191],[82.401,28.189],[82.404,28.185],[82.402,28.183],[82.4,28.181],[82.399,28.179],[82.401,28.177],[82.401,28.175],[82.4,28.174],[82.399,28.172],[82.398,28.17],[82.397,28.169],[82.395,28.171],[82.394,28.173],[82.394,28.177],[82.395,28.178],[82.396,28.18],[82.396,28.181],[82.397,28.183],[82.395,28.185],[82.393,28.187],[82.393,28.189],[82.39,28.189],[82.389,28.189],[82.387,28.189],[82.385,28.188],[82.383,28.186],[82.38,28.185],[82.378,28.185],[82.376,28.186],[82.373,28.188],[82.37,28.189],[82.367,28.19],[82.366,28.191],[82.366,28.193],[82.364,28.195],[82.363,28.197],[82.361,28.198],[82.359,28.199],[82.358,28.201],[82.357,28.202],[82.356,28.204],[82.354,28.206],[82.351,28.207],[82.348,28.209],[82.346,28.211],[82.347,28.213],[82.346,28.216],[82.344,28.218],[82.341,28.22],[82.34,28.222],[82.338,28.223],[82.337,28.224],[82.335,28.224],[82.332,28.224],[82.329,28.224],[82.327,28.225],[82.325,28.225],[82.322,28.224],[82.319,28.225],[82.315,28.224],[82.312,28.223],[82.312,28.225],[82.312,28.227],[82.312,28.228],[82.311,28.229],[82.311,28.231],[82.31,28.232],[82.306,28.231],[82.304,28.232],[82.302,28.233],[82.302,28.234],[82.302,28.236],[82.301,28.238],[82.301,28.241],[82.301,28.244],[82.301,28.246],[82.299,28.246],[82.297,28.245],[82.295,28.246],[82.292,28.247],[82.29,28.246],[82.289,28.246],[82.287,28.246],[82.285,28.247],[82.282,28.248],[82.279,28.248],[82.277,28.249],[82.275,28.248],[82.273,28.247],[82.27,28.245],[82.266,28.244],[82.263,28.244],[82.258,28.244],[82.257,28.242],[82.256,28.24],[82.253,28.24],[82.25,28.239],[82.248,28.24],[82.245,28.239],[82.243,28.238],[82.239,28.239],[82.236,28.24],[82.233,28.24],[82.231,28.242],[82.228,28.243],[82.225,28.246],[82.223,28.248],[82.219,28.249],[82.217,28.249],[82.213,28.247],[82.212,28.247],[82.208,28.246],[82.205,28.245],[82.203,28.244],[82.199,28.243],[82.196,28.245],[82.194,28.247],[82.19,28.248],[82.187,28.249],[82.183,28.25],[82.181,28.25],[82.177,28.249],[82.174,28.25],[82.173,28.25],[82.171,28.251],[82.17,28.252],[82.167,28.251],[82.167,28.25],[82.166,28.248],[82.164,28.246],[82.162,28.244],[82.161,28.242],[82.159,28.241],[82.157,28.241],[82.153,28.241],[82.153,28.238],[82.151,28.239],[82.149,28.239],[82.147,28.238],[82.145,28.238],[82.143,28.237],[82.143,28.239],[82.143,28.241],[82.142,28.243],[82.139,28.245],[82.136,28.247],[82.134,28.249],[82.134,28.251],[82.131,28.252],[82.129,28.253],[82.126,28.254],[82.123,28.254],[82.119,28.252],[82.118,28.252],[82.116,28.253],[82.114,28.253],[82.113,28.254],[82.11,28.256],[82.108,28.258],[82.105,28.259],[82.103,28.259],[82.101,28.259],[82.098,28.257],[82.095,28.256],[82.093,28.254],[82.092,28.252],[82.092,28.25],[82.09,28.249],[82.085,28.249],[82.082,28.249],[82.081,28.248],[82.08,28.247],[82.079,28.246],[82.077,28.244],[82.074,28.242],[82.072,28.241],[82.07,28.24],[82.069,28.237],[82.068,28.237],[82.065,28.239],[82.062,28.24],[82.06,28.241],[82.054,28.242],[82.051,28.239],[82.049,28.237],[82.048,28.235],[82.047,28.234],[82.045,28.232],[82.044,28.231],[82.042,28.23],[82.042,28.228],[82.04,28.224],[82.039,28.22],[82.036,28.218],[82.036,28.217],[82.037,28.215],[82.034,28.215],[82.031,28.214],[82.029,28.211],[82.027,28.209],[82.027,28.206],[82.025,28.203],[82.023,28.202],[82.026,28.198],[82.029,28.194],[82.029,28.191],[82.029,28.187],[82.027,28.185],[82.024,28.185],[82.02,28.183],[82.015,28.174],[82.015,28.166],[82.011,28.16],[82.012,28.154],[82.007,28.152],[82.005,28.153],[82.004,28.155],[82.003,28.158],[82.002,28.159],[82.001,28.16],[82.0,28.161],[81.999,28.162],[81.996,28.166],[81.991,28.169],[81.989,28.17],[81.988,28.171],[81.987,28.173],[81.987,28.173],[81.985,28.177],[81.983,28.178],[81.98,28.178],[81.979,28.182],[81.976,28.183],[81.975,28.184],[81.974,28.185],[81.973,28.185],[81.972,28.183],[81.97,28.182],[81.968,28.183],[81.966,28.184],[81.965,28.185],[81.964,28.186],[81.963,28.189],[81.964,28.191],[81.964,28.192],[81.964,28.193],[81.963,28.194],[81.961,28.195],[81.96,28.195],[81.96,28.194],[81.958,28.194],[81.956,28.195],[81.953,28.194],[81.951,28.195],[81.949,28.196],[81.948,28.197],[81.947,28.199],[81.946,28.2],[81.942,28.2],[81.939,28.201],[81.939,28.202],[81.939,28.204],[81.939,28.205],[81.937,28.207],[81.933,28.208],[81.929,28.208],[81.928,28.209],[81.927,28.209],[81.928,28.211],[81.928,28.214],[81.927,28.216],[81.924,28.218],[81.922,28.22],[81.921,28.222],[81.922,28.223],[81.922,28.225],[81.922,28.225],[81.922,28.227],[81.921,28.227],[81.917,28.227],[81.914,28.228],[81.911,28.231],[81.908,28.232],[81.905,28.233],[81.902,28.233],[81.899,28.233],[81.896,28.234],[81.892,28.236],[81.889,28.237],[81.888,28.239],[81.885,28.242],[81.883,28.244],[81.88,28.242],[81.877,28.24],[81.876,28.24],[81.873,28.24],[81.869,28.239],[81.864,28.238],[81.861,28.239],[81.861,28.241],[81.863,28.243],[81.864,28.245],[81.864,28.247],[81.865,28.25],[81.864,28.251],[81.862,28.253],[81.86,28.256],[81.859,28.257],[81.857,28.258],[81.855,28.26],[81.853,28.262],[81.851,28.265],[81.849,28.267],[81.846,28.269],[81.844,28.271],[81.843,28.272],[81.84,28.273],[81.838,28.273],[81.835,28.274],[81.832,28.274],[81.83,28.275],[81.827,28.277],[81.824,28.277],[81.821,28.277],[81.817,28.279],[81.814,28.279],[81.811,28.282],[81.808,28.283],[81.805,28.282],[81.803,28.279],[81.802,28.277],[81.798,28.274],[81.796,28.274],[81.794,28.274],[81.792,28.276],[81.791,28.278],[81.792,28.281],[81.791,28.284],[81.791,28.287],[81.789,28.289],[81.789,28.292],[81.786,28.295],[81.784,28.296],[81.78,28.295],[81.778,28.297],[81.775,28.298],[81.774,28.297],[81.771,28.299],[81.768,28.301],[81.766,28.302],[81.764,28.306],[81.762,28.308],[81.759,28.309],[81.756,28.308],[81.754,28.308],[81.751,28.309],[81.749,28.31],[81.747,28.312],[81.745,28.314],[81.744,28.317],[81.744,28.321],[81.746,28.324],[81.747,28.328],[81.75,28.329],[81.752,28.332],[81.751,28.338],[81.751,28.341],[81.752,28.344],[81.754,28.348],[81.757,28.352],[81.759,28.355],[81.76,28.358],[81.76,28.36],[81.763,28.362],[81.764,28.364],[81.766,28.366],[81.766,28.368],[81.766,28.37],[81.764,28.371],[81.762,28.371],[81.758,28.37],[81.755,28.371],[81.753,28.374],[81.751,28.375],[81.748,28.375],[81.746,28.376],[81.743,28.376],[81.74,28.376],[81.737,28.377],[81.733,28.378],[81.731,28.378],[81.727,28.381],[81.725,28.382],[81.724,28.383],[81.72,28.383],[81.717,28.384],[81.715,28.386],[81.712,28.388],[81.71,28.39],[81.706,28.392],[81.702,28.394],[81.7,28.397],[81.698,28.398],[81.695,28.4],[81.694,28.402],[81.692,28.403],[81.692,28.405],[81.69,28.408],[81.688,28.411],[81.686,28.411],[81.683,28.412],[81.682,28.412],[81.679,28.415],[81.676,28.417],[81.674,28.418],[81.673,28.417],[81.671,28.414],[81.668,28.414],[81.665,28.415],[81.663,28.415],[81.659,28.415],[81.657,28.417],[81.655,28.419],[81.653,28.42],[81.649,28.422],[81.647,28.424],[81.646,28.427],[81.643,28.43],[81.64,28.432],[81.637,28.434],[81.634,28.435],[81.631,28.438],[81.628,28.442],[81.626,28.445],[81.623,28.445],[81.621,28.446],[81.618,28.449],[81.615,28.451],[81.613,28.454],[81.611,28.455],[81.608,28.454],[81.607,28.455],[81.605,28.456],[81.604,28.458],[81.602,28.46],[81.601,28.462],[81.599,28.464],[81.595,28.467],[81.592,28.469],[81.59,28.47],[81.587,28.469],[81.586,28.471],[81.584,28.473],[81.582,28.474],[81.579,28.476],[81.575,28.478],[81.574,28.48],[81.573,28.483],[81.571,28.485],[81.567,28.487],[81.565,28.489],[81.561,28.492],[81.559,28.492],[81.558,28.495],[81.555,28.494],[81.552,28.494],[81.548,28.494],[81.546,28.495],[81.542,28.495],[81.539,28.495],[81.539,28.496],[81.539,28.499],[81.539,28.501],[81.537,28.503],[81.534,28.506],[81.532,28.508],[81.53,28.509],[81.527,28.51],[81.524,28.512],[81.519,28.512],[81.517,28.513],[81.515,28.515],[81.514,28.518],[81.512,28.52],[81.512,28.521],[81.513,28.524],[81.511,28.525],[81.508,28.526],[81.506,28.528],[81.503,28.529],[81.5,28.532],[81.497,28.534],[81.492,28.532],[81.489,28.536],[81.486,28.539],[81.483,28.539],[81.478,28.539],[81.474,28.542],[81.473,28.546],[81.47,28.548],[81.467,28.551],[81.464,28.554],[81.46,28.554],[81.455,28.553],[81.452,28.553],[81.446,28.554],[81.442,28.558],[81.438,28.56],[81.433,28.564],[81.433,28.567],[81.433,28.571],[81.432,28.573],[81.432,28.575],[81.43,28.578],[81.425,28.578],[81.423,28.58],[81.422,28.582],[81.425,28.587],[81.423,28.588],[81.42,28.591],[81.418,28.595],[81.415,28.595],[81.411,28.595],[81.407,28.598],[81.405,28.6],[81.402,28.602],[81.401,28.605],[81.4,28.607],[81.394,28.608],[81.389,28.61],[81.386,28.61],[81.382,28.612],[81.377,28.613],[81.374,28.617],[81.371,28.617],[81.37,28.619],[81.365,28.623],[81.357,28.623],[81.35,28.625],[81.345,28.625],[81.344,28.626],[81.341,28.627],[81.34,28.629],[81.336,28.63],[81.334,28.63],[81.331,28.631],[81.329,28.632],[81.327,28.633],[81.325,28.635],[81.321,28.636],[81.318,28.636],[81.316,28.637],[81.315,28.639],[81.315,28.64],[81.316,28.641],[81.315,28.643],[81.313,28.645],[81.311,28.647],[81.311,28.649],[81.311,28.652],[81.312,28.653],[81.316,28.652],[81.316,28.654],[81.317,28.657],[81.32,28.659],[81.321,28.661],[81.322,28.663],[81.322,28.665],[81.321,28.667],[81.321,28.668],[81.318,28.67],[81.316,28.671],[81.312,28.671],[81.31,28.672],[81.308,28.672],[81.307,28.673],[81.304,28.672],[81.304,28.671],[81.302,28.671],[81.302,28.672],[81.3,28.674],[81.297,28.673],[81.295,28.673],[81.291,28.675],[81.289,28.674],[81.287,28.673],[81.285,28.676],[81.285,28.679],[81.284,28.685],[81.283,28.687],[81.282,28.689],[81.282,28.692],[81.28,28.696],[81.278,28.698],[81.274,28.7],[81.272,28.702],[81.27,28.703],[81.267,28.704],[81.267,28.706],[81.27,28.711],[81.272,28.714],[81.273,28.717],[81.273,28.722],[81.273,28.726],[81.271,28.728],[81.267,28.729],[81.262,28.729],[81.257,28.729],[81.256,28.733],[81.256,28.735],[81.259,28.739],[81.26,28.742],[81.261,28.746],[81.26,28.749],[81.258,28.751],[81.255,28.753],[81.251,28.755],[81.249,28.758],[81.248,28.76],[81.247,28.763],[81.248,28.765],[81.25,28.767],[81.25,28.769],[81.251,28.771],[81.249,28.775],[81.249,28.777],[81.248,28.779],[81.246,28.782],[81.244,28.783],[81.241,28.784],[81.239,28.784],[81.237,28.784],[81.235,28.785],[81.232,28.786],[81.23,28.789],[81.227,28.792],[81.226,28.797],[81.227,28.799],[81.23,28.8],[81.233,28.801],[81.237,28.802],[81.239,28.803],[81.24,28.805],[81.241,28.808],[81.242,28.811],[81.24,28.813],[81.235,28.814],[81.232,28.815],[81.23,28.816],[81.229,28.821],[81.23,28.824],[81.23,28.827],[81.233,28.829],[81.232,28.831],[81.23,28.833],[81.227,28.835],[81.226,28.837],[81.224,28.839],[81.22,28.841],[81.215,28.843],[81.211,28.845],[81.207,28.849],[81.205,28.853],[81.206,28.856],[81.208,28.857],[81.208,28.859],[81.207,28.861],[81.206,28.863],[81.202,28.863],[81.2,28.863],[81.199,28.86],[81.2,28.854],[81.2,28.851],[81.199,28.846],[81.198,28.842],[81.197,28.84],[81.196,28.836],[81.195,28.833],[81.198,28.831],[81.202,28.829],[81.204,28.828],[81.207,28.825],[81.207,28.821],[81.205,28.818],[81.204,28.817],[81.202,28.817],[81.199,28.819],[81.196,28.821],[81.192,28.822],[81.189,28.823],[81.186,28.824],[81.182,28.825],[81.179,28.827],[81.177,28.83],[81.176,28.833],[81.175,28.835],[81.171,28.835],[81.166,28.835],[81.164,28.834],[81.16,28.831],[81.157,28.829],[81.154,28.83],[81.153,28.831],[81.153,28.834],[81.154,28.836],[81.156,28.839],[81.157,28.842],[81.158,28.844],[81.157,28.846],[81.153,28.848],[81.15,28.851],[81.149,28.853],[81.148,28.856],[81.146,28.86],[81.145,28.865],[81.145,28.871],[81.143,28.873],[81.14,28.873],[81.137,28.872],[81.132,28.869],[81.129,28.866],[81.128,28.863],[81.127,28.861],[81.128,28.857],[81.127,28.853],[81.125,28.851],[81.122,28.851],[81.112,28.85],[81.106,28.847],[81.102,28.845],[81.098,28.851],[81.093,28.855],[81.091,28.859],[81.088,28.863],[81.079,28.864],[81.074,28.864],[81.073,28.872],[81.073,28.876],[81.071,28.877],[81.069,28.878],[81.065,28.876],[81.062,28.875],[81.056,28.874],[81.052,28.877],[81.05,28.879],[81.048,28.883],[81.043,28.888],[81.041,28.889],[81.04,28.89],[81.038,28.893],[81.036,28.896],[81.034,28.899],[81.031,28.904],[81.031,28.908],[81.029,28.909],[81.026,28.911],[81.025,28.913],[81.021,28.92],[81.017,28.922],[81.011,28.925],[81.008,28.928],[81.005,28.928],[81.002,28.928],[80.998,28.929],[80.994,28.931],[80.989,28.933],[80.985,28.936],[80.982,28.938],[80.982,28.94],[80.984,28.943],[80.988,28.945],[80.993,28.948],[80.995,28.951],[80.997,28.953],[80.998,28.954],[81.0,28.956],[81.004,28.957],[81.007,28.957],[81.009,28.957],[81.012,28.956],[81.015,28.954],[81.017,28.953],[81.021,28.953],[81.023,28.955],[81.027,28.959],[81.028,28.961],[81.031,28.965],[81.036,28.967],[81.039,28.968],[81.042,28.97],[81.045,28.973],[81.047,28.976],[81.048,28.978],[81.052,28.978],[81.054,28.976],[81.056,28.974],[81.059,28.972],[81.062,28.971],[81.067,28.97],[81.07,28.97],[81.074,28.97],[81.077,28.969],[81.079,28.968],[81.085,28.968],[81.089,28.968],[81.092,28.966],[81.096,28.965],[81.098,28.964],[81.102,28.964],[81.104,28.966],[81.108,28.966],[81.112,28.966],[81.115,28.965],[81.119,28.964],[81.122,28.962],[81.123,28.961],[81.125,28.959],[81.128,28.956],[81.129,28.954],[81.131,28.95],[81.133,28.948],[81.135,28.947],[81.139,28.946],[81.141,28.946],[81.143,28.944],[81.145,28.941],[81.148,28.937],[81.15,28.936],[81.154,28.934],[81.158,28.932],[81.161,28.928],[81.165,28.925],[81.169,28.921],[81.173,28.919],[81.175,28.919],[81.18,28.917],[81.183,28.915],[81.184,28.915],[81.187,28.916],[81.191,28.916],[81.194,28.916],[81.198,28.914],[81.201,28.91],[81.202,28.909],[81.204,28.908],[81.207,28.908],[81.211,28.908],[81.214,28.907],[81.217,28.907],[81.22,28.906],[81.225,28.906],[81.229,28.906],[81.234,28.906],[81.237,28.906],[81.239,28.909],[81.24,28.912],[81.242,28.915],[81.247,28.915],[81.25,28.914],[81.252,28.914],[81.254,28.911],[81.255,28.91],[81.257,28.907],[81.259,28.905],[81.262,28.903],[81.264,28.902],[81.267,28.903],[81.269,28.905],[81.272,28.907],[81.273,28.91],[81.274,28.912],[81.275,28.915],[81.277,28.917],[81.279,28.918],[81.282,28.919],[81.284,28.922],[81.286,28.923],[81.289,28.923],[81.291,28.922],[81.294,28.924],[81.297,28.924],[81.299,28.925],[81.302,28.926],[81.306,28.923],[81.308,28.921],[81.312,28.92],[81.316,28.92],[81.318,28.917],[81.321,28.915],[81.322,28.912],[81.324,28.908],[81.327,28.908],[81.33,28.908],[81.332,28.909],[81.335,28.908],[81.337,28.906],[81.337,28.904],[81.337,28.9],[81.338,28.898],[81.339,28.895],[81.342,28.893],[81.345,28.892],[81.35,28.89],[81.353,28.89],[81.358,28.89],[81.359,28.89],[81.362,28.891],[81.364,28.891],[81.367,28.891],[81.37,28.892],[81.373,28.893],[81.375,28.893],[81.379,28.896],[81.382,28.898],[81.386,28.899],[81.388,28.901],[81.39,28.904],[81.391,28.905],[81.394,28.908],[81.396,28.909],[81.399,28.909],[81.403,28.909],[81.407,28.91],[81.411,28.912],[81.415,28.914],[81.416,28.913],[81.418,28.912],[81.42,28.91],[81.425,28.909],[81.428,28.909],[81.432,28.911],[81.434,28.909],[81.435,28.907],[81.436,28.904],[81.438,28.903],[81.439,28.901],[81.442,28.9],[81.446,28.899],[81.453,28.897],[81.455,28.897],[81.457,28.896],[81.46,28.895],[81.464,28.894],[81.467,28.891],[81.467,28.888],[81.466,28.886],[81.465,28.884],[81.464,28.882],[81.462,28.879],[81.462,28.876],[81.463,28.873],[81.466,28.868],[81.467,28.861],[81.464,28.857],[81.463,28.853],[81.471,28.85],[81.478,28.847],[81.486,28.843],[81.491,28.841],[81.491,28.838],[81.493,28.834],[81.495,28.83],[81.498,28.822],[81.5,28.82],[81.502,28.818],[81.505,28.815],[81.507,28.813],[81.51,28.81],[81.513,28.808],[81.515,28.808],[81.518,28.807],[81.519,28.806],[81.521,28.804],[81.523,28.801],[81.522,28.798],[81.519,28.796],[81.518,28.793],[81.517,28.792],[81.516,28.788],[81.516,28.786],[81.516,28.781],[81.517,28.778],[81.518,28.777],[81.52,28.776],[81.524,28.776],[81.528,28.774],[81.529,28.772],[81.531,28.768],[81.533,28.765],[81.535,28.763],[81.535,28.761],[81.532,28.758],[81.529,28.755],[81.523,28.753],[81.52,28.751],[81.52,28.75],[81.522,28.748],[81.529,28.749],[81.537,28.749],[81.546,28.749],[81.554,28.75],[81.557,28.751],[81.559,28.752],[81.562,28.753],[81.565,28.754],[81.569,28.755],[81.572,28.756],[81.578,28.755],[81.58,28.757],[81.581,28.759],[81.582,28.762],[81.582,28.764],[81.582,28.766],[81.582,28.767],[81.581,28.769],[81.581,28.771],[81.581,28.774],[81.581,28.776],[81.581,28.777],[81.58,28.779],[81.579,28.781],[81.576,28.783],[81.573,28.785],[81.571,28.787],[81.568,28.79],[81.564,28.793],[81.561,28.794],[81.559,28.796],[81.557,28.797],[81.557,28.8],[81.556,28.802],[81.555,28.805],[81.554,28.807],[81.552,28.81],[81.553,28.811],[81.552,28.815],[81.55,28.817],[81.548,28.82],[81.547,28.823],[81.545,28.826],[81.544,28.829],[81.543,28.832],[81.541,28.833],[81.539,28.835],[81.538,28.838],[81.538,28.84],[81.537,28.844],[81.536,28.846],[81.535,28.85],[81.532,28.855],[81.532,28.856],[81.53,28.858],[81.528,28.859],[81.527,28.861],[81.526,28.864],[81.525,28.865],[81.523,28.867],[81.522,28.87],[81.521,28.871],[81.518,28.872],[81.516,28.873],[81.515,28.874],[81.514,28.876],[81.512,28.881],[81.509,28.887],[81.507,28.89],[81.502,28.889],[81.498,28.89],[81.495,28.892],[81.493,28.894],[81.488,28.897],[81.486,28.899],[81.483,28.904],[81.482,28.906],[81.48,28.91],[81.479,28.911],[81.477,28.912],[81.476,28.915],[81.474,28.917],[81.473,28.919],[81.47,28.923],[81.468,28.927],[81.466,28.929],[81.463,28.929],[81.461,28.93],[81.457,28.931],[81.455,28.932],[81.455,28.934],[81.453,28.937],[81.45,28.94],[81.447,28.94],[81.445,28.94],[81.444,28.943],[81.444,28.945],[81.445,28.948],[81.445,28.95],[81.445,28.955],[81.445,28.957],[81.443,28.96],[81.442,28.96],[81.439,28.958],[81.436,28.957],[81.432,28.957],[81.431,28.958],[81.43,28.96],[81.428,28.963],[81.427,28.965],[81.426,28.966],[81.423,28.969],[81.424,28.974],[81.426,28.978],[81.423,28.982],[81.421,28.985],[81.419,28.989],[81.416,28.992],[81.415,28.994],[81.411,28.996],[81.41,28.997],[81.412,28.998],[81.414,28.998],[81.415,28.999],[81.419,29.004],[81.415,29.014],[81.416,29.018],[81.426,29.023],[81.431,29.031],[81.432,29.037],[81.437,29.039],[81.44,29.042],[81.443,29.047],[81.451,29.058],[81.459,29.065],[81.468,29.069],[81.469,29.078],[81.484,29.083],[81.493,29.088],[81.501,29.091],[81.506,29.09],[81.511,29.092],[81.515,29.095],[81.519,29.099],[81.522,29.103],[81.527,29.105],[81.533,29.106],[81.539,29.109],[81.544,29.113],[81.55,29.119],[81.56,29.124],[81.564,29.127],[81.554,29.128],[81.543,29.133],[81.536,29.137],[81.535,29.137],[81.534,29.138],[81.533,29.142],[81.533,29.145],[81.532,29.148],[81.527,29.152],[81.522,29.153],[81.519,29.153],[81.517,29.153],[81.513,29.153],[81.511,29.151],[81.507,29.152],[81.499,29.152],[81.499,29.152],[81.499,29.152],[81.499,29.153],[81.498,29.153],[81.498,29.153],[81.498,29.153],[81.497,29.156],[81.495,29.161],[81.495,29.167],[81.489,29.171],[81.49,29.181],[81.49,29.187],[81.485,29.193],[81.482,29.199],[81.484,29.206],[81.486,29.211],[81.486,29.217],[81.487,29.225],[81.489,29.229],[81.492,29.233],[81.495,29.236],[81.499,29.238],[81.497,29.243],[81.495,29.247],[81.495,29.255],[81.493,29.259],[81.488,29.263],[81.482,29.264],[81.478,29.264],[81.474,29.267],[81.472,29.269],[81.47,29.273],[81.478,29.277],[81.482,29.279],[81.486,29.283],[81.492,29.291],[81.5,29.297],[81.504,29.305],[81.506,29.311],[81.509,29.314],[81.517,29.313],[81.521,29.316],[81.525,29.318],[81.529,29.325],[81.533,29.328],[81.538,29.332],[81.544,29.335],[81.547,29.338],[81.551,29.347],[81.552,29.351],[81.558,29.358],[81.56,29.353],[81.562,29.351],[81.567,29.348],[81.573,29.354],[81.574,29.361],[81.579,29.363],[81.583,29.365],[81.593,29.366],[81.609,29.368],[81.626,29.369],[81.635,29.364],[81.639,29.356],[81.644,29.354],[81.642,29.337],[81.645,29.33],[81.646,29.324],[81.653,29.322],[81.663,29.32],[81.67,29.317],[81.678,29.321],[81.684,29.32],[81.692,29.322],[81.712,29.331],[81.722,29.332],[81.732,29.335],[81.741,29.335],[81.744,29.337],[81.746,29.341],[81.747,29.344],[81.747,29.347],[81.751,29.35],[81.75,29.354],[81.75,29.357],[81.75,29.36],[81.749,29.364],[81.753,29.373],[81.757,29.376],[81.758,29.381],[81.76,29.385],[81.766,29.386],[81.767,29.39],[81.769,29.392],[81.775,29.391],[81.782,29.39],[81.787,29.389],[81.789,29.389],[81.79,29.394],[81.795,29.4],[81.796,29.405],[81.798,29.407],[81.797,29.41],[81.797,29.414],[81.798,29.419],[81.799,29.426],[81.8,29.43],[81.804,29.436],[81.804,29.442],[81.803,29.448],[81.805,29.453],[81.808,29.455],[81.808,29.46],[81.807,29.466],[81.805,29.469],[81.804,29.475],[81.799,29.483],[81.792,29.491],[81.789,29.495],[81.788,29.499],[81.784,29.502],[81.78,29.501],[81.775,29.503],[81.77,29.504],[81.767,29.503],[81.765,29.504],[81.763,29.505],[81.769,29.509],[81.777,29.508],[81.78,29.511],[81.777,29.517],[81.781,29.52],[81.785,29.527],[81.792,29.53],[81.792,29.535],[81.791,29.542],[81.793,29.547],[81.797,29.551],[81.798,29.556],[81.799,29.559],[81.799,29.564],[81.798,29.57],[81.798,29.574],[81.797,29.579],[81.795,29.581],[81.792,29.587],[81.79,29.59],[81.791,29.593],[81.79,29.597],[81.784,29.597],[81.778,29.6],[81.775,29.604],[81.771,29.606],[81.765,29.606],[81.761,29.605],[81.756,29.606],[81.751,29.605],[81.745,29.606],[81.739,29.606],[81.734,29.609],[81.732,29.612],[81.728,29.615],[81.723,29.615],[81.72,29.618],[81.72,29.621],[81.716,29.621],[81.714,29.623],[81.712,29.626],[81.71,29.629],[81.709,29.633],[81.703,29.638],[81.703,29.641],[81.7,29.642],[81.702,29.644],[81.703,29.646],[81.701,29.649],[81.702,29.652],[81.702,29.657],[81.699,29.662],[81.699,29.665],[81.699,29.671],[81.698,29.676],[81.697,29.68],[81.7,29.684],[81.703,29.688],[81.704,29.691],[81.705,29.695],[81.707,29.697],[81.709,29.702],[81.709,29.704],[81.711,29.708],[81.712,29.711],[81.713,29.716],[81.714,29.72],[81.715,29.724],[81.718,29.727],[81.721,29.729],[81.725,29.732],[81.727,29.736],[81.727,29.74],[81.727,29.743],[81.727,29.746],[81.728,29.75],[81.73,29.753],[81.732,29.758],[81.732,29.761],[81.731,29.766],[81.731,29.771],[81.735,29.774],[81.736,29.778],[81.737,29.781],[81.738,29.785],[81.74,29.791],[81.741,29.793],[81.744,29.794],[81.747,29.795],[81.749,29.797],[81.753,29.799],[81.755,29.797],[81.761,29.799],[81.764,29.802],[81.767,29.8],[81.771,29.799],[81.772,29.799],[81.776,29.8],[81.778,29.804],[81.78,29.807],[81.781,29.811],[81.779,29.814],[81.781,29.818],[81.782,29.825],[81.782,29.825],[81.783,29.829],[81.783,29.832],[81.783,29.837],[81.782,29.838],[81.781,29.84],[81.784,29.841],[81.79,29.845],[81.793,29.847],[81.794,29.85],[81.792,29.854],[81.793,29.858],[81.795,29.86],[81.795,29.864],[81.797,29.867],[81.796,29.871],[81.797,29.874],[81.797,29.877],[81.797,29.88],[81.796,29.885],[81.797,29.887],[81.796,29.89],[81.795,29.892],[81.794,29.896],[81.797,29.897],[81.799,29.897],[81.799,29.9],[81.798,29.902],[81.795,29.905],[81.792,29.907],[81.789,29.909],[81.786,29.91],[81.782,29.909],[81.78,29.911],[81.773,29.91],[81.767,29.91],[81.762,29.912],[81.757,29.91],[81.752,29.909],[81.747,29.909],[81.743,29.907],[81.739,29.908],[81.735,29.908],[81.732,29.909],[81.731,29.911],[81.728,29.912],[81.722,29.912],[81.717,29.91],[81.716,29.91],[81.714,29.911],[81.711,29.914],[81.711,29.916],[81.71,29.92],[81.71,29.924],[81.71,29.926],[81.709,29.927],[81.707,29.928],[81.703,29.929],[81.699,29.931],[81.698,29.933],[81.698,29.936],[81.699,29.937],[81.699,29.939],[81.698,29.941],[81.694,29.944],[81.692,29.946],[81.689,29.949],[81.685,29.949],[81.682,29.947],[81.677,29.944],[81.673,29.942],[81.67,29.941],[81.666,29.941],[81.663,29.941],[81.659,29.943],[81.657,29.943],[81.655,29.943],[81.653,29.943],[81.651,29.944],[81.649,29.946],[81.646,29.948],[81.642,29.947],[81.637,29.945],[81.637,29.944],[81.635,29.942],[81.631,29.94],[81.627,29.938],[81.621,29.939],[81.619,29.938],[81.616,29.941],[81.613,29.943],[81.612,29.942],[81.61,29.94],[81.606,29.937],[81.605,29.933],[81.603,29.931],[81.602,29.93],[81.6,29.931],[81.597,29.931],[81.594,29.931],[81.59,29.932],[81.587,29.936],[81.585,29.937],[81.584,29.937],[81.583,29.936],[81.581,29.936],[81.58,29.936],[81.579,29.934],[81.578,29.934],[81.575,29.934],[81.574,29.935],[81.571,29.933],[81.569,29.933],[81.567,29.931],[81.563,29.929],[81.562,29.928],[81.56,29.926],[81.558,29.926],[81.556,29.927],[81.552,29.925],[81.55,29.923],[81.544,29.926],[81.54,29.927],[81.537,29.927],[81.535,29.927],[81.53,29.925],[81.527,29.924],[81.524,29.923],[81.518,29.923],[81.517,29.923],[81.516,29.922],[81.515,29.92],[81.513,29.918],[81.512,29.917],[81.513,29.913],[81.514,29.911],[81.515,29.909],[81.515,29.907],[81.517,29.906],[81.517,29.905],[81.516,29.904],[81.514,29.902],[81.51,29.899],[81.507,29.897],[81.505,29.894],[81.505,29.894],[81.504,29.893],[81.502,29.892],[81.498,29.891],[81.496,29.89],[81.494,29.889],[81.493,29.887],[81.491,29.887],[81.489,29.888],[81.486,29.89],[81.484,29.891],[81.482,29.892],[81.48,29.892],[81.476,29.891],[81.475,29.89],[81.473,29.89],[81.471,29.89],[81.47,29.89],[81.467,29.892],[81.465,29.893],[81.463,29.895],[81.46,29.897],[81.458,29.899],[81.457,29.904],[81.457,29.906],[81.459,29.908],[81.46,29.91],[81.462,29.913],[81.461,29.915],[81.46,29.916],[81.46,29.919],[81.463,29.921],[81.461,29.923],[81.46,29.926],[81.46,29.928],[81.46,29.93],[81.46,29.931],[81.457,29.933],[81.455,29.935],[81.456,29.938],[81.458,29.94],[81.459,29.942],[81.458,29.944],[81.456,29.946],[81.453,29.949],[81.454,29.952],[81.457,29.954],[81.459,29.956],[81.462,29.958],[81.464,29.958],[81.467,29.961],[81.468,29.963],[81.468,29.966],[81.468,29.969],[81.468,29.971],[81.47,29.975],[81.468,29.977],[81.466,29.979],[81.465,29.981],[81.462,29.984],[81.461,29.986],[81.461,29.989],[81.462,29.991],[81.463,29.993],[81.463,29.995],[81.462,29.997],[81.459,29.999],[81.458,30.0],[81.457,30.001],[81.455,30.002],[81.45,30.003],[81.448,30.002],[81.443,30.004],[81.442,30.005],[81.44,30.007],[81.435,30.008],[81.433,30.008],[81.431,30.008],[81.424,30.011],[81.422,30.011],[81.42,30.012],[81.419,30.013],[81.417,30.014],[81.416,30.016],[81.413,30.018],[81.401,30.023],[81.4,30.018],[81.394,30.017],[81.391,30.017],[81.385,30.014],[81.384,30.012],[81.383,30.01],[81.383,30.009],[81.382,30.007],[81.376,30.008],[81.376,30.009],[81.372,30.01],[81.371,30.01],[81.369,30.01],[81.368,30.011],[81.366,30.01],[81.364,30.01],[81.363,30.01],[81.361,30.01],[81.357,30.011],[81.349,30.017],[81.347,30.018],[81.341,30.02],[81.324,30.025],[81.32,30.025],[81.318,30.026],[81.315,30.033],[81.311,30.033],[81.309,30.033],[81.308,30.032],[81.307,30.031],[81.305,30.032],[81.302,30.032],[81.301,30.033],[81.299,30.034],[81.294,30.035],[81.288,30.037],[81.286,30.037],[81.283,30.04],[81.279,30.044],[81.277,30.044],[81.275,30.044],[81.272,30.045],[81.272,30.049],[81.271,30.051],[81.273,30.053],[81.274,30.055],[81.274,30.057],[81.277,30.06],[81.278,30.062],[81.279,30.064],[81.28,30.066],[81.282,30.067],[81.286,30.069],[81.288,30.071],[81.288,30.073],[81.289,30.074],[81.289,30.075],[81.286,30.078],[81.288,30.081],[81.289,30.083],[81.287,30.088],[81.288,30.09],[81.289,30.092],[81.289,30.095],[81.288,30.1],[81.286,30.102],[81.286,30.106],[81.288,30.107],[81.289,30.108],[81.289,30.11],[81.29,30.112],[81.289,30.113],[81.285,30.117],[81.284,30.119],[81.283,30.122],[81.28,30.124],[81.278,30.126],[81.276,30.128],[81.274,30.13],[81.271,30.134],[81.268,30.135],[81.265,30.136],[81.262,30.139],[81.26,30.142],[81.257,30.144],[81.257,30.147],[81.257,30.149],[81.26,30.152],[81.262,30.152],[81.265,30.152],[81.267,30.153],[81.269,30.153],[81.271,30.154],[81.273,30.155],[81.28,30.155],[81.283,30.155],[81.285,30.155],[81.289,30.156],[81.291,30.158],[81.294,30.158],[81.296,30.159],[81.299,30.159],[81.302,30.159],[81.304,30.16],[81.304,30.162],[81.306,30.164],[81.307,30.163],[81.309,30.161],[81.309,30.159],[81.309,30.158],[81.311,30.156],[81.313,30.155],[81.315,30.153],[81.319,30.152],[81.321,30.153],[81.325,30.153],[81.328,30.153],[81.331,30.153],[81.333,30.155],[81.334,30.159],[81.335,30.161],[81.337,30.163],[81.34,30.165],[81.342,30.167],[81.344,30.169],[81.346,30.172],[81.348,30.174],[81.349,30.176],[81.354,30.179],[81.357,30.18],[81.358,30.182],[81.362,30.184],[81.37,30.187],[81.371,30.19],[81.372,30.192],[81.373,30.194],[81.375,30.197],[81.377,30.198],[81.379,30.199],[81.384,30.202],[81.386,30.203],[81.39,30.205],[81.394,30.206],[81.396,30.211],[81.395,30.213],[81.397,30.218],[81.396,30.22],[81.395,30.223],[81.394,30.226],[81.392,30.229],[81.391,30.231],[81.39,30.233],[81.392,30.236],[81.394,30.239],[81.396,30.241],[81.396,30.243],[81.396,30.246],[81.392,30.25],[81.392,30.251],[81.395,30.251],[81.398,30.254],[81.402,30.256],[81.405,30.259],[81.408,30.261],[81.41,30.266],[81.411,30.269],[81.414,30.273],[81.415,30.276],[81.416,30.28],[81.417,30.282],[81.414,30.284],[81.41,30.283],[81.406,30.282],[81.402,30.282],[81.4,30.282],[81.403,30.284],[81.403,30.287],[81.402,30.292],[81.404,30.294],[81.408,30.294],[81.411,30.296],[81.414,30.299],[81.416,30.301],[81.419,30.303],[81.423,30.304],[81.422,30.306],[81.42,30.309],[81.416,30.315],[81.414,30.317],[81.41,30.317],[81.407,30.316],[81.404,30.317],[81.399,30.322],[81.396,30.323],[81.398,30.326],[81.399,30.329],[81.401,30.331],[81.402,30.333],[81.405,30.335],[81.406,30.338],[81.404,30.342],[81.403,30.345],[81.403,30.347],[81.404,30.35],[81.406,30.353],[81.405,30.355],[81.402,30.355],[81.401,30.357],[81.4,30.359],[81.4,30.364],[81.396,30.367],[81.395,30.368],[81.397,30.37],[81.4,30.371],[81.402,30.37],[81.404,30.371],[81.406,30.371],[81.409,30.371],[81.411,30.372],[81.414,30.371],[81.418,30.371],[81.42,30.371],[81.422,30.373],[81.423,30.376],[81.424,30.378],[81.426,30.381],[81.429,30.383],[81.427,30.384],[81.423,30.385],[81.421,30.386],[81.42,30.389],[81.417,30.389],[81.414,30.39],[81.412,30.393],[81.411,30.394],[81.41,30.393],[81.407,30.395],[81.403,30.395],[81.4,30.397],[81.402,30.4],[81.404,30.403],[81.405,30.407],[81.403,30.41],[81.404,30.412],[81.407,30.415],[81.406,30.419],[81.41,30.421],[81.415,30.42],[81.42,30.42],[81.425,30.421],[81.428,30.422],[81.43,30.419],[81.432,30.415],[81.435,30.413],[81.438,30.416],[81.44,30.418],[81.445,30.416],[81.449,30.413],[81.454,30.41],[81.457,30.406],[81.462,30.405],[81.468,30.403],[81.471,30.399],[81.473,30.395],[81.475,30.391],[81.477,30.388],[81.483,30.385],[81.489,30.381],[81.493,30.381],[81.495,30.382],[81.501,30.381],[81.504,30.381],[81.506,30.381],[81.508,30.38],[81.51,30.38],[81.512,30.38],[81.515,30.379],[81.519,30.377],[81.522,30.376],[81.524,30.375],[81.528,30.374],[81.531,30.373],[81.534,30.372],[81.536,30.371],[81.539,30.371],[81.542,30.371],[81.545,30.372],[81.546,30.372],[81.549,30.371],[81.551,30.37],[81.553,30.37],[81.555,30.373],[81.555,30.375],[81.552,30.377],[81.551,30.379],[81.55,30.38],[81.55,30.382],[81.55,30.385],[81.55,30.387],[81.55,30.39],[81.551,30.392],[81.55,30.395],[81.551,30.398],[81.551,30.4],[81.551,30.403],[81.551,30.405],[81.553,30.407],[81.555,30.407],[81.558,30.407],[81.559,30.407],[81.56,30.408],[81.559,30.409],[81.559,30.41],[81.559,30.411],[81.558,30.413],[81.558,30.415],[81.558,30.417],[81.558,30.42],[81.558,30.422],[81.559,30.424],[81.56,30.426],[81.561,30.428],[81.563,30.429],[81.566,30.429],[81.57,30.428],[81.573,30.427],[81.576,30.425],[81.578,30.425],[81.581,30.424],[81.585,30.422],[81.587,30.419],[81.588,30.417],[81.591,30.416],[81.594,30.415],[81.596,30.415],[81.601,30.414],[81.603,30.414],[81.606,30.412],[81.607,30.412],[81.609,30.413],[81.612,30.414],[81.615,30.418],[81.616,30.42],[81.619,30.422],[81.621,30.423],[81.622,30.425],[81.621,30.428],[81.62,30.43],[81.619,30.433],[81.619,30.435],[81.618,30.438],[81.618,30.441],[81.617,30.443],[81.618,30.445],[81.62,30.447],[81.621,30.447],[81.625,30.446],[81.626,30.446]]]]}},{"type":"Feature","properties":{"PROVINCE":"Sudurpashchim","PCODE":"NP07"},"geometry":{"type":"MultiPolygon","coordinates":[[[[80.99,30.246],[80.992,30.246],[80.995,30.245],[80.998,30.245],[80.999,30.245],[81.0,30.244],[81.001,30.243],[81.002,30.243],[81.003,30.242],[81.004,30.242],[81.005,30.242],[81.005,30.241],[81.005,30.241],[81.006,30.241],[81.008,30.24],[81.008,30.24],[81.009,30.24],[81.01,30.24],[81.012,30.239],[81.012,30.239],[81.013,30.239],[81.014,30.239],[81.015,30.238],[81.016,30.237],[81.017,30.237],[81.018,30.237],[81.019,30.236],[81.02,30.236],[81.02,30.235],[81.021,30.235],[81.022,30.235],[81.024,30.235],[81.025,30.235],[81.026,30.235],[81.027,30.234],[81.028,30.234],[81.029,30.233],[81.028,30.232],[81.028,30.231],[81.027,30.23],[81.026,30.229],[81.026,30.228],[81.026,30.227],[81.026,30.227],[81.028,30.226],[81.029,30.226],[81.03,30.225],[81.03,30.224],[81.03,30.223],[81.029,30.222],[81.029,30.221],[81.029,30.22],[81.03,30.219],[81.031,30.219],[81.033,30.219],[81.035,30.218],[81.035,30.217],[81.037,30.216],[81.039,30.216],[81.04,30.215],[81.041,30.215],[81.041,30.214],[81.042,30.213],[81.042,30.212],[81.044,30.212],[81.045,30.211],[81.045,30.21],[81.045,30.209],[81.046,30.208],[81.045,30.207],[81.045,30.206],[81.044,30.205],[81.043,30.205],[81.042,30.204],[81.04,30.203],[81.039,30.203],[81.038,30.203],[81.036,30.203],[81.035,30.202],[81.034,30.201],[81.034,30.2],[81.035,30.199],[81.035,30.198],[81.034,30.197],[81.034,30.197],[81.035,30.196],[81.037,30.196],[81.038,30.195],[81.04,30.194],[81.041,30.194],[81.042,30.194],[81.042,30.193],[81.042,30.192],[81.043,30.19],[81.043,30.189],[81.043,30.188],[81.044,30.187],[81.043,30.186],[81.044,30.185],[81.043,30.184],[81.043,30.183],[81.043,30.181],[81.044,30.18],[81.046,30.18],[81.047,30.18],[81.048,30.179],[81.049,30.179],[81.05,30.18],[81.052,30.179],[81.052,30.178],[81.053,30.177],[81.053,30.176],[81.055,30.175],[81.056,30.174],[81.056,30.173],[81.057,30.172],[81.057,30.171],[81.057,30.17],[81.058,30.169],[81.06,30.168],[81.061,30.168],[81.062,30.168],[81.062,30.166],[81.063,30.165],[81.063,30.163],[81.063,30.162],[81.063,30.161],[81.064,30.16],[81.064,30.159],[81.066,30.157],[81.068,30.157],[81.069,30.157],[81.07,30.157],[81.071,30.156],[81.073,30.156],[81.075,30.156],[81.077,30.155],[81.078,30.155],[81.078,30.153],[81.079,30.152],[81.08,30.151],[81.081,30.15],[81.082,30.149],[81.083,30.148],[81.083,30.148],[81.082,30.146],[81.082,30.145],[81.083,30.144],[81.082,30.143],[81.082,30.142],[81.082,30.14],[81.082,30.138],[81.082,30.137],[81.083,30.136],[81.082,30.134],[81.082,30.133],[81.081,30.132],[81.081,30.131],[81.08,30.13],[81.079,30.129],[81.079,30.128],[81.079,30.127],[81.078,30.126],[81.078,30.124],[81.079,30.123],[81.08,30.123],[81.082,30.122],[81.082,30.121],[81.083,30.12],[81.083,30.119],[81.084,30.118],[81.084,30.117],[81.084,30.116],[81.084,30.114],[81.085,30.113],[81.084,30.112],[81.084,30.111],[81.084,30.109],[81.084,30.107],[81.084,30.107],[81.084,30.106],[81.083,30.104],[81.082,30.103],[81.082,30.102],[81.081,30.1],[81.082,30.1],[81.084,30.099],[81.087,30.099],[81.089,30.099],[81.091,30.1],[81.092,30.1],[81.094,30.101],[81.095,30.101],[81.097,30.1],[81.098,30.1],[81.1,30.099],[81.101,30.098],[81.102,30.097],[81.102,30.096],[81.102,30.095],[81.103,30.094],[81.104,30.093],[81.104,30.092],[81.105,30.091],[81.106,30.09],[81.108,30.089],[81.108,30.088],[81.109,30.086],[81.109,30.086],[81.108,30.084],[81.108,30.083],[81.107,30.082],[81.107,30.081],[81.107,30.08],[81.106,30.08],[81.106,30.079],[81.107,30.078],[81.107,30.078],[81.105,30.077],[81.104,30.077],[81.102,30.076],[81.101,30.075],[81.101,30.074],[81.101,30.073],[81.101,30.072],[81.1,30.07],[81.1,30.069],[81.1,30.068],[81.099,30.067],[81.099,30.065],[81.099,30.064],[81.098,30.064],[81.097,30.063],[81.096,30.061],[81.095,30.06],[81.094,30.059],[81.094,30.058],[81.093,30.057],[81.092,30.055],[81.091,30.054],[81.091,30.054],[81.092,30.054],[81.094,30.053],[81.095,30.052],[81.096,30.051],[81.097,30.05],[81.098,30.049],[81.098,30.049],[81.099,30.048],[81.1,30.047],[81.101,30.047],[81.103,30.046],[81.104,30.046],[81.105,30.045],[81.106,30.045],[81.107,30.044],[81.107,30.043],[81.108,30.042],[81.108,30.041],[81.108,30.04],[81.108,30.04],[81.108,30.039],[81.11,30.038],[81.11,30.037],[81.111,30.036],[81.111,30.035],[81.113,30.035],[81.114,30.034],[81.115,30.035],[81.116,30.034],[81.118,30.034],[81.118,30.034],[81.119,30.033],[81.119,30.032],[81.12,30.031],[81.12,30.031],[81.12,30.03],[81.121,30.03],[81.122,30.029],[81.122,30.028],[81.122,30.027],[81.123,30.026],[81.123,30.025],[81.123,30.024],[81.123,30.023],[81.124,30.021],[81.124,30.021],[81.124,30.02],[81.125,30.02],[81.127,30.019],[81.128,30.019],[81.129,30.018],[81.13,30.018],[81.131,30.017],[81.132,30.017],[81.133,30.016],[81.134,30.016],[81.136,30.016],[81.137,30.016],[81.138,30.017],[81.14,30.017],[81.142,30.017],[81.143,30.017],[81.145,30.016],[81.145,30.016],[81.146,30.014],[81.147,30.014],[81.148,30.013],[81.149,30.012],[81.15,30.012],[81.151,30.012],[81.153,30.012],[81.155,30.012],[81.156,30.012],[81.157,30.012],[81.159,30.011],[81.16,30.011],[81.162,30.011],[81.163,30.01],[81.165,30.011],[81.166,30.011],[81.167,30.012],[81.168,30.012],[81.169,30.013],[81.17,30.013],[81.171,30.014],[81.172,30.014],[81.173,30.014],[81.175,30.014],[81.176,30.015],[81.177,30.015],[81.178,30.015],[81.179,30.015],[81.18,30.014],[81.181,30.013],[81.182,30.012],[81.184,30.011],[81.184,30.011],[81.186,30.012],[81.187,30.013],[81.187,30.014],[81.189,30.016],[81.19,30.016],[81.19,30.017],[81.191,30.018],[81.191,30.019],[81.192,30.02],[81.193,30.021],[81.194,30.022],[81.195,30.023],[81.196,30.023],[81.197,30.022],[81.199,30.022],[81.2,30.022],[81.201,30.021],[81.203,30.022],[81.204,30.022],[81.205,30.022],[81.206,30.021],[81.208,30.021],[81.208,30.02],[81.209,30.018],[81.21,30.017],[81.21,30.016],[81.211,30.015],[81.212,30.014],[81.214,30.014],[81.214,30.014],[81.215,30.012],[81.216,30.011],[81.216,30.01],[81.217,30.009],[81.217,30.008],[81.218,30.007],[81.22,30.007],[81.221,30.008],[81.223,30.008],[81.225,30.008],[81.226,30.008],[81.227,30.008],[81.229,30.008],[81.23,30.008],[81.232,30.008],[81.233,30.008],[81.234,30.009],[81.235,30.01],[81.236,30.011],[81.237,30.011],[81.238,30.012],[81.24,30.013],[81.242,30.013],[81.243,30.012],[81.244,30.012],[81.245,30.011],[81.246,30.012],[81.248,30.013],[81.249,30.015],[81.25,30.016],[81.251,30.018],[81.253,30.019],[81.254,30.021],[81.253,30.022],[81.253,30.024],[81.25,30.026],[81.248,30.027],[81.247,30.028],[81.245,30.028],[81.243,30.029],[81.242,30.029],[81.241,30.03],[81.24,30.03],[81.238,30.031],[81.237,30.032],[81.238,30.032],[81.239,30.032],[81.241,30.033],[81.242,30.033],[81.243,30.034],[81.244,30.035],[81.245,30.035],[81.246,30.036],[81.247,30.037],[81.249,30.037],[81.25,30.039],[81.256,30.039],[81.258,30.039],[81.26,30.04],[81.262,30.04],[81.264,30.042],[81.264,30.043],[81.265,30.043],[81.267,30.044],[81.27,30.045],[81.272,30.045],[81.275,30.044],[81.277,30.044],[81.279,30.044],[81.283,30.04],[81.286,30.037],[81.288,30.037],[81.294,30.035],[81.299,30.034],[81.301,30.033],[81.302,30.032],[81.305,30.032],[81.307,30.031],[81.308,30.032],[81.309,30.033],[81.311,30.033],[81.315,30.033],[81.318,30.026],[81.32,30.025],[81.324,30.025],[81.341,30.02],[81.347,30.018],[81.349,30.017],[81.357,30.011],[81.361,30.01],[81.363,30.01],[81.364,30.01],[81.366,30.01],[81.368,30.011],[81.369,30.01],[81.371,30.01],[81.372,30.01],[81.376,30.009],[81.376,30.008],[81.382,30.007],[81.383,30.009],[81.383,30.01],[81.384,30.012],[81.385,30.014],[81.391,30.017],[81.394,30.017],[81.4,30.018],[81.401,30.023],[81.413,30.018],[81.416,30.016],[81.417,30.014],[81.419,30.013],[81.42,30.012],[81.422,30.011],[81.424,30.011],[81.431,30.008],[81.433,30.008],[81.435,30.008],[81.44,30.007],[81.442,30.005],[81.443,30.004],[81.448,30.002],[81.45,30.003],[81.455,30.002],[81.457,30.001],[81.458,30.0],[81.459,29.999],[81.462,29.997],[81.463,29.995],[81.463,29.993],[81.462,29.991],[81.461,29.989],[81.461,29.986],[81.462,29.984],[81.465,29.981],[81.466,29.979],[81.468,29.977],[81.47,29.975],[81.468,29.971],[81.468,29.969],[81.468,29.966],[81.468,29.963],[81.467,29.961],[81.464,29.958],[81.462,29.958],[81.459,29.956],[81.457,29.954],[81.454,29.952],[81.453,29.949],[81.456,29.946],[81.458,29.944],[81.459,29.942],[81.458,29.94],[81.456,29.938],[81.455,29.935],[81.457,29.933],[81.46,29.931],[81.46,29.93],[81.46,29.928],[81.46,29.926],[81.461,29.923],[81.463,29.921],[81.46,29.919],[81.46,29.916],[81.461,29.915],[81.462,29.913],[81.46,29.91],[81.459,29.908],[81.457,29.906],[81.457,29.904],[81.458,29.899],[81.46,29.897],[81.463,29.895],[81.465,29.893],[81.467,29.892],[81.47,29.89],[81.471,29.89],[81.473,29.89],[81.475,29.89],[81.476,29.891],[81.48,29.892],[81.482,29.892],[81.484,29.891],[81.486,29.89],[81.489,29.888],[81.491,29.887],[81.493,29.887],[81.494,29.889],[81.496,29.89],[81.498,29.891],[81.502,29.892],[81.504,29.893],[81.505,29.894],[81.505,29.894],[81.507,29.897],[81.51,29.899],[81.514,29.902],[81.516,29.904],[81.517,29.905],[81.517,29.906],[81.515,29.907],[81.515,29.909],[81.514,29.911],[81.513,29.913],[81.512,29.917],[81.513,29.918],[81.515,29.92],[81.516,29.922],[81.517,29.923],[81.518,29.923],[81.524,29.923],[81.527,29.924],[81.53,29.925],[81.535,29.927],[81.537,29.927],[81.54,29.927],[81.544,29.926],[81.55,29.923],[81.552,29.925],[81.556,29.927],[81.558,29.926],[81.56,29.926],[81.562,29.928],[81.563,29.929],[81.567,29.931],[81.569,29.933],[81.571,29.933],[81.574,29.935],[81.575,29.934],[81.578,29.934],[81.579,29.934],[81.58,29.936],[81.581,29.936],[81.583,29.936],[81.584,29.937],[81.585,29.937],[81.587,29.936],[81.59,29.932],[81.594,29.931],[81.597,29.931],[81.6,29.931],[81.602,29.93],[81.603,29.931],[81.605,29.933],[81.606,29.937],[81.61,29.94],[81.612,29.942],[81.613,29.943],[81.616,29.941],[81.619,29.938],[81.621,29.939],[81.627,29.938],[81.631,29.94],[81.635,29.942],[81.637,29.944],[81.637,29.945],[81.642,29.947],[81.646,29.948],[81.649,29.946],[81.651,29.944],[81.653,29.943],[81.655,29.943],[81.657,29.943],[81.659,29.943],[81.663,29.941],[81.666,29.941],[81.67,29.941],[81.673,29.942],[81.677,29.944],[81.682,29.947],[81.685,29.949],[81.689,29.949],[81.692,29.946],[81.694,29.944],[81.698,29.941],[81.699,29.939],[81.699,29.937],[81.698,29.936],[81.698,29.933],[81.699,29.931],[81.703,29.929],[81.707,29.928],[81.709,29.927],[81.71,29.926],[81.71,29.924],[81.71,29.92],[81.711,29.916],[81.711,29.914],[81.714,29.911],[81.716,29.91],[81.717,29.91],[81.722,29.912],[81.728,29.912],[81.731,29.911],[81.732,29.909],[81.735,29.908],[81.739,29.908],[81.743,29.907],[81.747,29.909],[81.752,29.909],[81.757,29.91],[81.762,29.912],[81.767,29.91],[81.773,29.91],[81.78,29.911],[81.782,29.909],[81.786,29.91],[81.789,29.909],[81.792,29.907],[81.795,29.905],[81.798,29.902],[81.799,29.9],[81.799,29.897],[81.797,29.897],[81.794,29.896],[81.795,29.892],[81.796,29.89],[81.797,29.887],[81.796,29.885],[81.797,29.88],[81.797,29.877],[81.797,29.874],[81.796,29.871],[81.797,29.867],[81.795,29.864],[81.795,29.86],[81.793,29.858],[81.792,29.854],[81.794,29.85],[81.793,29.847],[81.79,29.845],[81.784,29.841],[81.781,29.84],[81.782,29.838],[81.783,29.837],[81.783,29.832],[81.783,29.829],[81.782,29.825],[81.782,29.825],[81.781,29.818],[81.779,29.814],[81.781,29.811],[81.78,29.807],[81.778,29.804],[81.776,29.8],[81.772,29.799],[81.771,29.799],[81.767,29.8],[81.764,29.802],[81.761,29.799],[81.755,29.797],[81.753,29.799],[81.749,29.797],[81.747,29.795],[81.744,29.794],[81.741,29.793],[81.74,29.791],[81.738,29.785],[81.737,29.781],[81.736,29.778],[81.735,29.774],[81.731,29.771],[81.731,29.766],[81.732,29.761],[81.732,29.758],[81.73,29.753],[81.728,29.75],[81.727,29.746],[81.727,29.743],[81.727,29.74],[81.727,29.736],[81.725,29.732],[81.721,29.729],[81.718,29.727],[81.715,29.724],[81.714,29.72],[81.713,29.716],[81.712,29.711],[81.711,29.708],[81.709,29.704],[81.709,29.702],[81.707,29.697],[81.705,29.695],[81.704,29.691],[81.703,29.688],[81.7,29.684],[81.697,29.68],[81.698,29.676],[81.699,29.671],[81.699,29.665],[81.699,29.662],[81.702,29.657],[81.702,29.652],[81.701,29.649],[81.703,29.646],[81.702,29.644],[81.7,29.642],[81.703,29.641],[81.703,29.638],[81.709,29.633],[81.71,29.629],[81.712,29.626],[81.714,29.623],[81.716,29.621],[81.72,29.621],[81.72,29.618],[81.723,29.615],[81.728,29.615],[81.732,29.612],[81.734,29.609],[81.739,29.606],[81.745,29.606],[81.751,29.605],[81.756,29.606],[81.761,29.605],[81.765,29.606],[81.771,29.606],[81.775,29.604],[81.778,29.6],[81.784,29.597],[81.79,29.597],[81.791,29.593],[81.79,29.59],[81.792,29.587],[81.795,29.581],[81.797,29.579],[81.798,29.574],[81.798,29.57],[81.799,29.564],[81.799,29.559],[81.798,29.556],[81.797,29.551],[81.793,29.547],[81.791,29.542],[81.792,29.535],[81.792,29.53],[81.785,29.527],[81.781,29.52],[81.777,29.517],[81.78,29.511],[81.777,29.508],[81.769,29.509],[81.763,29.505],[81.765,29.504],[81.767,29.503],[81.77,29.504],[81.775,29.503],[81.78,29.501],[81.784,29.502],[81.788,29.499],[81.789,29.495],[81.792,29.491],[81.799,29.483],[81.804,29.475],[81.805,29.469],[81.807,29.466],[81.808,29.46],[81.808,29.455],[81.805,29.453],[81.803,29.448],[81.804,29.442],[81.804,29.436],[81.8,29.43],[81.799,29.426],[81.798,29.419],[81.797,29.414],[81.797,29.41],[81.798,29.407],[81.796,29.405],[81.795,29.4],[81.79,29.394],[81.789,29.389],[81.787,29.389],[81.782,29.39],[81.775,29.391],[81.769,29.392],[81.767,29.39],[81.766,29.386],[81.76,29.385],[81.758,29.381],[81.757,29.376],[81.753,29.373],[81.749,29.364],[81.75,29.36],[81.75,29.357],[81.75,29.354],[81.751,29.35],[81.747,29.347],[81.747,29.344],[81.746,29.341],[81.744,29.337],[81.741,29.335],[81.732,29.335],[81.722,29.332],[81.712,29.331],[81.692,29.322],[81.684,29.32],[81.678,29.321],[81.67,29.317],[81.663,29.32],[81.653,29.322],[81.646,29.324],[81.645,29.33],[81.642,29.337],[81.644,29.354],[81.639,29.356],[81.635,29.364],[81.626,29.369],[81.609,29.368],[81.593,29.366],[81.583,29.365],[81.579,29.363],[81.574,29.361],[81.573,29.354],[81.567,29.348],[81.562,29.351],[81.56,29.353],[81.558,29.358],[81.552,29.351],[81.551,29.347],[81.547,29.338],[81.544,29.335],[81.538,29.332],[81.533,29.328],[81.529,29.325],[81.525,29.318],[81.521,29.316],[81.517,29.313],[81.509,29.314],[81.506,29.311],[81.504,29.305],[81.5,29.297],[81.492,29.291],[81.486,29.283],[81.482,29.279],[81.478,29.277],[81.47,29.273],[81.472,29.269],[81.474,29.267],[81.478,29.264],[81.482,29.264],[81.488,29.263],[81.493,29.259],[81.495,29.255],[81.495,29.247],[81.497,29.243],[81.499,29.238],[81.495,29.236],[81.492,29.233],[81.489,29.229],[81.487,29.225],[81.486,29.217],[81.486,29.211],[81.484,29.206],[81.482,29.199],[81.485,29.193],[81.49,29.187],[81.49,29.181],[81.489,29.171],[81.495,29.167],[81.495,29.161],[81.497,29.156],[81.498,29.153],[81.498,29.153],[81.498,29.153],[81.499,29.153],[81.499,29.152],[81.499,29.152],[81.499,29.152],[81.507,29.152],[81.511,29.151],[81.513,29.153],[81.517,29.153],[81.519,29.153],[81.522,29.153],[81.527,29.152],[81.532,29.148],[81.533,29.145],[81.533,29.142],[81.534,29.138],[81.535,29.137],[81.536,29.137],[81.543,29.133],[81.554,29.128],[81.564,29.127],[81.56,29.124],[81.55,29.119],[81.544,29.113],[81.539,29.109],[81.533,29.106],[81.527,29.105],[81.522,29.103],[81.519,29.099],[81.515,29.095],[81.511,29.092],[81.506,29.09],[81.501,29.091],[81.493,29.088],[81.484,29.083],[81.469,29.078],[81.468,29.069],[81.459,29.065],[81.451,29.058],[81.443,29.047],[81.44,29.042],[81.437,29.039],[81.432,29.037],[81.431,29.031],[81.426,29.023],[81.416,29.018],[81.415,29.014],[81.419,29.004],[81.415,28.999],[81.414,28.998],[81.412,28.998],[81.41,28.997],[81.411,28.996],[81.415,28.994],[81.416,28.992],[81.419,28.989],[81.421,28.985],[81.423,28.982],[81.426,28.978],[81.424,28.974],[81.423,28.969],[81.426,28.966],[81.427,28.965],[81.428,28.963],[81.43,28.96],[81.431,28.958],[81.432,28.957],[81.436,28.957],[81.439,28.958],[81.442,28.96],[81.443,28.96],[81.445,28.957],[81.445,28.955],[81.445,28.95],[81.445,28.948],[81.444,28.945],[81.444,28.943],[81.445,28.94],[81.447,28.94],[81.45,28.94],[81.453,28.937],[81.455,28.934],[81.455,28.932],[81.457,28.931],[81.461,28.93],[81.463,28.929],[81.466,28.929],[81.468,28.927],[81.47,28.923],[81.473,28.919],[81.474,28.917],[81.476,28.915],[81.477,28.912],[81.479,28.911],[81.48,28.91],[81.482,28.906],[81.483,28.904],[81.486,28.899],[81.488,28.897],[81.493,28.894],[81.495,28.892],[81.498,28.89],[81.502,28.889],[81.507,28.89],[81.509,28.887],[81.512,28.881],[81.514,28.876],[81.515,28.874],[81.516,28.873],[81.518,28.872],[81.521,28.871],[81.522,28.87],[81.523,28.867],[81.525,28.865],[81.526,28.864],[81.527,28.861],[81.528,28.859],[81.53,28.858],[81.532,28.856],[81.532,28.855],[81.535,28.85],[81.536,28.846],[81.537,28.844],[81.538,28.84],[81.538,28.838],[81.539,28.835],[81.541,28.833],[81.543,28.832],[81.544,28.829],[81.545,28.826],[81.547,28.823],[81.548,28.82],[81.55,28.817],[81.552,28.815],[81.553,28.811],[81.552,28.81],[81.554,28.807],[81.555,28.805],[81.556,28.802],[81.557,28.8],[81.557,28.797],[81.559,28.796],[81.561,28.794],[81.564,28.793],[81.568,28.79],[81.571,28.787],[81.573,28.785],[81.576,28.783],[81.579,28.781],[81.58,28.779],[81.581,28.777],[81.581,28.776],[81.581,28.774],[81.581,28.771],[81.581,28.769],[81.582,28.767],[81.582,28.766],[81.582,28.764],[81.582,28.762],[81.581,28.759],[81.58,28.757],[81.578,28.755],[81.572,28.756],[81.569,28.755],[81.565,28.754],[81.562,28.753],[81.559,28.752],[81.557,28.751],[81.554,28.75],[81.546,28.749],[81.537,28.749],[81.529,28.749],[81.522,28.748],[81.52,28.75],[81.52,28.751],[81.523,28.753],[81.529,28.755],[81.532,28.758],[81.535,28.761],[81.535,28.763],[81.533,28.765],[81.531,28.768],[81.529,28.772],[81.528,28.774],[81.524,28.776],[81.52,28.776],[81.518,28.777],[81.517,28.778],[81.516,28.781],[81.516,28.786],[81.516,28.788],[81.517,28.792],[81.518,28.793],[81.519,28.796],[81.522,28.798],[81.523,28.801],[81.521,28.804],[81.519,28.806],[81.518,28.807],[81.515,28.808],[81.513,28.808],[81.51,28.81],[81.507,28.813],[81.505,28.815],[81.502,28.818],[81.5,28.82],[81.498,28.822],[81.495,28.83],[81.493,28.834],[81.491,28.838],[81.491,28.841],[81.486,28.843],[81.478,28.847],[81.471,28.85],[81.463,28.853],[81.464,28.857],[81.467,28.861],[81.466,28.868],[81.463,28.873],[81.462,28.876],[81.462,28.879],[81.464,28.882],[81.465,28.884],[81.466,28.886],[81.467,28.888],[81.467,28.891],[81.464,28.894],[81.46,28.895],[81.457,28.896],[81.455,28.897],[81.453,28.897],[81.446,28.899],[81.442,28.9],[81.439,28.901],[81.438,28.903],[81.436,28.904],[81.435,28.907],[81.434,28.909],[81.432,28.911],[81.428,28.909],[81.425,28.909],[81.42,28.91],[81.418,28.912],[81.416,28.913],[81.415,28.914],[81.411,28.912],[81.407,28.91],[81.403,28.909],[81.399,28.909],[81.396,28.909],[81.394,28.908],[81.391,28.905],[81.39,28.904],[81.388,28.901],[81.386,28.899],[81.382,28.898],[81.379,28.896],[81.375,28.893],[81.373,28.893],[81.37,28.892],[81.367,28.891],[81.364,28.891],[81.362,28.891],[81.359,28.89],[81.358,28.89],[81.353,28.89],[81.35,28.89],[81.345,28.892],[81.342,28.893],[81.339,28.895],[81.338,28.898],[81.337,28.9],[81.337,28.904],[81.337,28.906],[81.335,28.908],[81.332,28.909],[81.33,28.908],[81.327,28.908],[81.324,28.908],[81.322,28.912],[81.321,28.915],[81.318,28.917],[81.316,28.92],[81.312,28.92],[81.308,28.921],[81.306,28.923],[81.302,28.926],[81.299,28.925],[81.297,28.924],[81.294,28.924],[81.291,28.922],[81.289,28.923],[81.286,28.923],[81.284,28.922],[81.282,28.919],[81.279,28.918],[81.277,28.917],[81.275,28.915],[81.274,28.912],[81.273,28.91],[81.272,28.907],[81.269,28.905],[81.267,28.903],[81.264,28.902],[81.262,28.903],[81.259,28.905],[81.257,28.907],[81.255,28.91],[81.254,28.911],[81.252,28.914],[81.25,28.914],[81.247,28.915],[81.242,28.915],[81.24,28.912],[81.239,28.909],[81.237,28.906],[81.234,28.906],[81.229,28.906],[81.225,28.906],[81.22,28.906],[81.217,28.907],[81.214,28.907],[81.211,28.908],[81.207,28.908],[81.204,28.908],[81.202,28.909],[81.201,28.91],[81.198,28.914],[81.194,28.916],[81.191,28.916],[81.187,28.916],[81.184,28.915],[81.183,28.915],[81.18,28.917],[81.175,28.919],[81.173,28.919],[81.169,28.921],[81.165,28.925],[81.161,28.928],[81.158,28.932],[81.154,28.934],[81.15,28.936],[81.148,28.937],[81.145,28.941],[81.143,28.944],[81.141,28.946],[81.139,28.946],[81.135,28.947],[81.133,28.948],[81.131,28.95],[81.129,28.954],[81.128,28.956],[81.125,28.959],[81.123,28.961],[81.122,28.962],[81.119,28.964],[81.115,28.965],[81.112,28.966],[81.108,28.966],[81.104,28.966],[81.102,28.964],[81.098,28.964],[81.096,28.965],[81.092,28.966],[81.089,28.968],[81.085,28.968],[81.079,28.968],[81.077,28.969],[81.074,28.97],[81.07,28.97],[81.067,28.97],[81.062,28.971],[81.059,28.972],[81.056,28.974],[81.054,28.976],[81.052,28.978],[81.048,28.978],[81.047,28.976],[81.045,28.973],[81.042,28.97],[81.039,28.968],[81.036,28.967],[81.031,28.965],[81.028,28.961],[81.027,28.959],[81.023,28.955],[81.021,28.953],[81.017,28.953],[81.015,28.954],[81.012,28.956],[81.009,28.957],[81.007,28.957],[81.004,28.957],[81.0,28.956],[80.998,28.954],[80.997,28.953],[80.995,28.951],[80.993,28.948],[80.988,28.945],[80.984,28.943],[80.982,28.94],[80.982,28.938],[80.985,28.936],[80.989,28.933],[80.994,28.931],[80.998,28.929],[81.002,28.928],[81.005,28.928],[81.008,28.928],[81.011,28.925],[81.017,28.922],[81.021,28.92],[81.025,28.913],[81.026,28.911],[81.029,28.909],[81.031,28.908],[81.031,28.904],[81.034,28.899],[81.036,28.896],[81.038,28.893],[81.04,28.89],[81.041,28.889],[81.043,28.888],[81.048,28.883],[81.05,28.879],[81.052,28.877],[81.056,28.874],[81.062,28.875],[81.065,28.876],[81.069,28.878],[81.071,28.877],[81.073,28.876],[81.073,28.872],[81.074,28.864],[81.079,28.864],[81.088,28.863],[81.091,28.859],[81.093,28.855],[81.098,28.851],[81.102,28.845],[81.106,28.847],[81.112,28.85],[81.122,28.851],[81.125,28.851],[81.127,28.853],[81.128,28.857],[81.127,28.861],[81.128,28.863],[81.129,28.866],[81.132,28.869],[81.137,28.872],[81.14,28.873],[81.143,28.873],[81.145,28.871],[81.145,28.865],[81.146,28.86],[81.148,28.856],[81.149,28.853],[81.15,28.851],[81.153,28.848],[81.157,28.846],[81.158,28.844],[81.157,28.842],[81.156,28.839],[81.154,28.836],[81.153,28.834],[81.153,28.831],[81.154,28.83],[81.157,28.829],[81.16,28.831],[81.164,28.834],[81.166,28.835],[81.171,28.835],[81.175,28.835],[81.176,28.833],[81.177,28.83],[81.179,28.827],[81.182,28.825],[81.186,28.824],[81.189,28.823],[81.192,28.822],[81.196,28.821],[81.199,28.819],[81.202,28.817],[81.204,28.817],[81.205,28.818],[81.207,28.821],[81.207,28.825],[81.204,28.828],[81.202,28.829],[81.198,28.831],[81.195,28.833],[81.196,28.836],[81.197,28.84],[81.198,28.842],[81.199,28.846],[81.2,28.851],[81.2,28.854],[81.199,28.86],[81.2,28.863],[81.202,28.863],[81.206,28.863],[81.207,28.861],[81.208,28.859],[81.208,28.857],[81.206,28.856],[81.205,28.853],[81.207,28.849],[81.211,28.845],[81.215,28.843],[81.22,28.841],[81.224,28.839],[81.226,28.837],[81.227,28.835],[81.23,28.833],[81.232,28.831],[81.233,28.829],[81.23,28.827],[81.23,28.824],[81.229,28.821],[81.23,28.816],[81.232,28.815],[81.235,28.814],[81.24,28.813],[81.242,28.811],[81.241,28.808],[81.24,28.805],[81.239,28.803],[81.237,28.802],[81.233,28.801],[81.23,28.8],[81.227,28.799],[81.226,28.797],[81.227,28.792],[81.23,28.789],[81.232,28.786],[81.235,28.785],[81.237,28.784],[81.239,28.784],[81.241,28.784],[81.244,28.783],[81.246,28.782],[81.248,28.779],[81.249,28.777],[81.249,28.775],[81.251,28.771],[81.25,28.769],[81.25,28.767],[81.248,28.765],[81.247,28.763],[81.248,28.76],[81.249,28.758],[81.251,28.755],[81.255,28.753],[81.258,28.751],[81.26,28.749],[81.261,28.746],[81.26,28.742],[81.259,28.739],[81.256,28.735],[81.256,28.733],[81.257,28.729],[81.262,28.729],[81.267,28.729],[81.271,28.728],[81.273,28.726],[81.273,28.722],[81.273,28.717],[81.272,28.714],[81.27,28.711],[81.267,28.706],[81.267,28.704],[81.27,28.703],[81.272,28.702],[81.274,28.7],[81.278,28.698],[81.28,28.696],[81.282,28.692],[81.282,28.689],[81.283,28.687],[81.284,28.685],[81.285,28.679],[81.285,28.676],[81.285,28.671],[81.286,28.668],[81.287,28.665],[81.288,28.658],[81.288,28.654],[81.288,28.651],[81.288,28.648],[81.285,28.644],[81.283,28.641],[81.282,28.639],[81.279,28.637],[81.277,28.635],[81.273,28.632],[81.271,28.63],[81.271,28.626],[81.27,28.623],[81.268,28.617],[81.261,28.613],[81.257,28.607],[81.254,28.603],[81.25,28.595],[81.248,28.594],[81.243,28.589],[81.237,28.582],[81.229,28.575],[81.219,28.567],[81.207,28.56],[81.203,28.557],[81.197,28.552],[81.187,28.543],[81.174,28.529],[81.167,28.523],[81.168,28.521],[81.164,28.516],[81.162,28.509],[81.161,28.504],[81.158,28.501],[81.154,28.502],[81.15,28.5],[81.146,28.496],[81.147,28.496],[81.141,28.493],[81.134,28.487],[81.127,28.48],[81.123,28.477],[81.117,28.474],[81.114,28.471],[81.112,28.468],[81.11,28.463],[81.106,28.461],[81.095,28.46],[81.091,28.458],[81.089,28.453],[81.089,28.448],[81.088,28.444],[81.086,28.438],[81.082,28.435],[81.076,28.433],[81.07,28.428],[81.065,28.422],[81.063,28.417],[81.06,28.41],[81.062,28.406],[81.067,28.4],[81.068,28.395],[81.061,28.399],[81.042,28.411],[81.034,28.411],[81.033,28.401],[81.026,28.405],[81.017,28.416],[81.025,28.421],[81.034,28.428],[81.031,28.435],[81.026,28.436],[81.017,28.434],[81.014,28.44],[81.016,28.447],[81.015,28.452],[81.006,28.453],[80.998,28.453],[80.979,28.436],[80.965,28.438],[80.98,28.455],[80.956,28.448],[80.944,28.455],[80.943,28.468],[80.926,28.458],[80.915,28.468],[80.916,28.458],[80.903,28.478],[80.907,28.49],[80.901,28.5],[80.896,28.506],[80.862,28.504],[80.844,28.5],[80.832,28.51],[80.8,28.521],[80.789,28.542],[80.77,28.55],[80.748,28.571],[80.738,28.573],[80.739,28.567],[80.735,28.568],[80.731,28.571],[80.727,28.573],[80.725,28.575],[80.721,28.572],[80.716,28.569],[80.71,28.572],[80.708,28.574],[80.707,28.576],[80.705,28.578],[80.7,28.581],[80.696,28.584],[80.69,28.587],[80.692,28.592],[80.694,28.598],[80.696,28.603],[80.691,28.604],[80.682,28.604],[80.678,28.608],[80.679,28.617],[80.679,28.621],[80.677,28.622],[80.674,28.625],[80.672,28.627],[80.67,28.63],[80.67,28.633],[80.669,28.638],[80.668,28.642],[80.664,28.64],[80.658,28.637],[80.653,28.635],[80.649,28.636],[80.644,28.641],[80.642,28.643],[80.639,28.641],[80.635,28.639],[80.631,28.638],[80.626,28.638],[80.623,28.638],[80.611,28.642],[80.604,28.652],[80.59,28.648],[80.598,28.656],[80.584,28.66],[80.583,28.666],[80.589,28.677],[80.583,28.683],[80.57,28.687],[80.561,28.689],[80.548,28.691],[80.54,28.691],[80.53,28.685],[80.518,28.678],[80.506,28.671],[80.504,28.664],[80.506,28.655],[80.506,28.651],[80.508,28.642],[80.51,28.633],[80.511,28.624],[80.514,28.619],[80.515,28.613],[80.516,28.608],[80.517,28.601],[80.519,28.594],[80.519,28.592],[80.52,28.584],[80.521,28.582],[80.522,28.577],[80.525,28.574],[80.529,28.574],[80.53,28.574],[80.53,28.571],[80.527,28.564],[80.525,28.559],[80.524,28.556],[80.522,28.553],[80.52,28.554],[80.519,28.552],[80.517,28.552],[80.516,28.555],[80.515,28.557],[80.513,28.56],[80.51,28.563],[80.509,28.566],[80.506,28.568],[80.503,28.569],[80.499,28.57],[80.498,28.572],[80.496,28.574],[80.493,28.577],[80.491,28.578],[80.489,28.58],[80.486,28.581],[80.484,28.582],[80.481,28.585],[80.479,28.585],[80.476,28.583],[80.471,28.583],[80.468,28.583],[80.469,28.584],[80.471,28.585],[80.471,28.589],[80.471,28.591],[80.469,28.595],[80.467,28.599],[80.466,28.603],[80.464,28.607],[80.463,28.611],[80.462,28.613],[80.46,28.614],[80.462,28.615],[80.463,28.614],[80.464,28.615],[80.463,28.617],[80.46,28.617],[80.46,28.618],[80.462,28.619],[80.46,28.622],[80.457,28.623],[80.455,28.626],[80.45,28.629],[80.444,28.628],[80.441,28.63],[80.439,28.633],[80.437,28.636],[80.429,28.638],[80.426,28.638],[80.422,28.638],[80.418,28.639],[80.413,28.638],[80.405,28.635],[80.398,28.633],[80.389,28.631],[80.386,28.63],[80.383,28.631],[80.379,28.63],[80.375,28.629],[80.373,28.63],[80.371,28.629],[80.371,28.632],[80.369,28.634],[80.366,28.635],[80.363,28.635],[80.359,28.637],[80.357,28.64],[80.359,28.644],[80.361,28.645],[80.358,28.646],[80.355,28.647],[80.353,28.65],[80.35,28.652],[80.345,28.656],[80.337,28.661],[80.332,28.664],[80.329,28.665],[80.326,28.667],[80.326,28.67],[80.325,28.673],[80.324,28.676],[80.322,28.679],[80.322,28.683],[80.323,28.687],[80.322,28.691],[80.32,28.696],[80.317,28.7],[80.313,28.702],[80.309,28.704],[80.306,28.705],[80.301,28.706],[80.298,28.709],[80.295,28.711],[80.29,28.712],[80.285,28.711],[80.279,28.71],[80.275,28.711],[80.272,28.715],[80.271,28.717],[80.266,28.721],[80.264,28.723],[80.259,28.727],[80.256,28.729],[80.26,28.731],[80.264,28.736],[80.265,28.741],[80.265,28.745],[80.264,28.747],[80.261,28.75],[80.259,28.753],[80.255,28.755],[80.252,28.757],[80.249,28.758],[80.247,28.757],[80.244,28.756],[80.241,28.756],[80.238,28.757],[80.235,28.759],[80.233,28.759],[80.229,28.758],[80.226,28.757],[80.222,28.757],[80.217,28.756],[80.213,28.757],[80.21,28.759],[80.206,28.762],[80.202,28.764],[80.198,28.767],[80.194,28.769],[80.191,28.771],[80.188,28.772],[80.184,28.775],[80.18,28.777],[80.177,28.779],[80.173,28.781],[80.169,28.784],[80.167,28.787],[80.164,28.789],[80.162,28.791],[80.16,28.793],[80.157,28.796],[80.155,28.798],[80.152,28.801],[80.149,28.803],[80.146,28.807],[80.142,28.81],[80.139,28.814],[80.134,28.817],[80.13,28.82],[80.126,28.823],[80.108,28.828],[80.095,28.826],[80.08,28.825],[80.068,28.833],[80.064,28.851],[80.063,28.863],[80.061,28.883],[80.059,28.916],[80.073,28.94],[80.085,28.958],[80.108,28.984],[80.124,28.999],[80.125,29.002],[80.127,29.005],[80.134,29.007],[80.135,29.01],[80.129,29.012],[80.125,29.015],[80.127,29.019],[80.129,29.024],[80.131,29.029],[80.127,29.032],[80.128,29.036],[80.13,29.041],[80.131,29.044],[80.133,29.05],[80.135,29.055],[80.136,29.059],[80.129,29.061],[80.135,29.077],[80.138,29.085],[80.141,29.093],[80.143,29.1],[80.146,29.104],[80.15,29.106],[80.155,29.11],[80.16,29.114],[80.165,29.118],[80.166,29.123],[80.168,29.126],[80.174,29.127],[80.18,29.132],[80.184,29.137],[80.188,29.135],[80.198,29.131],[80.203,29.13],[80.206,29.125],[80.209,29.122],[80.214,29.122],[80.218,29.121],[80.223,29.12],[80.227,29.119],[80.232,29.119],[80.236,29.12],[80.24,29.124],[80.245,29.127],[80.248,29.129],[80.251,29.133],[80.252,29.136],[80.255,29.138],[80.258,29.14],[80.262,29.14],[80.267,29.14],[80.27,29.141],[80.272,29.143],[80.272,29.146],[80.269,29.15],[80.265,29.154],[80.264,29.157],[80.262,29.16],[80.259,29.165],[80.258,29.168],[80.26,29.172],[80.261,29.175],[80.26,29.178],[80.259,29.182],[80.258,29.187],[80.255,29.191],[80.253,29.193],[80.251,29.195],[80.249,29.197],[80.244,29.199],[80.241,29.202],[80.244,29.208],[80.246,29.214],[80.247,29.217],[80.248,29.221],[80.252,29.221],[80.255,29.22],[80.257,29.217],[80.258,29.213],[80.259,29.209],[80.26,29.207],[80.266,29.206],[80.271,29.207],[80.275,29.207],[80.278,29.205],[80.282,29.2],[80.285,29.197],[80.288,29.195],[80.29,29.195],[80.293,29.197],[80.295,29.2],[80.296,29.203],[80.297,29.205],[80.296,29.208],[80.295,29.21],[80.294,29.213],[80.295,29.216],[80.296,29.218],[80.296,29.221],[80.295,29.224],[80.293,29.228],[80.291,29.23],[80.291,29.233],[80.294,29.235],[80.296,29.238],[80.298,29.239],[80.3,29.241],[80.301,29.244],[80.3,29.247],[80.299,29.25],[80.299,29.253],[80.3,29.258],[80.3,29.263],[80.302,29.266],[80.304,29.275],[80.304,29.281],[80.305,29.287],[80.308,29.29],[80.311,29.292],[80.314,29.296],[80.316,29.3],[80.318,29.303],[80.316,29.307],[80.317,29.313],[80.313,29.319],[80.308,29.323],[80.302,29.324],[80.297,29.324],[80.293,29.329],[80.291,29.333],[80.29,29.337],[80.283,29.342],[80.28,29.348],[80.28,29.354],[80.279,29.359],[80.275,29.362],[80.271,29.365],[80.272,29.37],[80.271,29.373],[80.274,29.376],[80.277,29.378],[80.279,29.379],[80.276,29.382],[80.274,29.385],[80.273,29.388],[80.276,29.391],[80.274,29.394],[80.27,29.395],[80.264,29.397],[80.261,29.4],[80.257,29.401],[80.256,29.403],[80.252,29.405],[80.248,29.406],[80.245,29.408],[80.243,29.411],[80.242,29.412],[80.245,29.415],[80.245,29.418],[80.244,29.422],[80.245,29.426],[80.247,29.43],[80.247,29.432],[80.248,29.435],[80.246,29.439],[80.243,29.442],[80.244,29.446],[80.25,29.447],[80.254,29.448],[80.257,29.45],[80.259,29.452],[80.265,29.449],[80.268,29.449],[80.27,29.451],[80.275,29.45],[80.272,29.454],[80.269,29.455],[80.272,29.457],[80.276,29.458],[80.281,29.458],[80.279,29.454],[80.28,29.451],[80.283,29.451],[80.287,29.451],[80.289,29.45],[80.292,29.452],[80.294,29.454],[80.296,29.453],[80.298,29.451],[80.303,29.453],[80.302,29.456],[80.297,29.46],[80.294,29.464],[80.292,29.468],[80.29,29.47],[80.288,29.473],[80.287,29.477],[80.289,29.478],[80.293,29.478],[80.295,29.482],[80.296,29.485],[80.296,29.488],[80.299,29.49],[80.302,29.489],[80.305,29.486],[80.309,29.485],[80.312,29.484],[80.315,29.488],[80.315,29.491],[80.314,29.494],[80.313,29.496],[80.314,29.499],[80.316,29.5],[80.32,29.502],[80.325,29.504],[80.328,29.505],[80.331,29.507],[80.331,29.511],[80.332,29.513],[80.335,29.513],[80.338,29.511],[80.341,29.51],[80.343,29.512],[80.346,29.515],[80.348,29.517],[80.35,29.52],[80.349,29.523],[80.349,29.525],[80.351,29.526],[80.354,29.527],[80.358,29.531],[80.357,29.534],[80.355,29.535],[80.351,29.537],[80.349,29.54],[80.347,29.541],[80.344,29.54],[80.342,29.541],[80.342,29.544],[80.345,29.547],[80.346,29.549],[80.343,29.552],[80.343,29.553],[80.346,29.554],[80.349,29.555],[80.352,29.555],[80.355,29.555],[80.359,29.556],[80.362,29.556],[80.364,29.557],[80.364,29.559],[80.363,29.561],[80.362,29.562],[80.364,29.564],[80.367,29.563],[80.37,29.563],[80.372,29.563],[80.379,29.561],[80.379,29.566],[80.379,29.57],[80.382,29.571],[80.387,29.572],[80.389,29.574],[80.391,29.577],[80.391,29.581],[80.397,29.585],[80.4,29.588],[80.403,29.59],[80.406,29.593],[80.408,29.595],[80.409,29.598],[80.409,29.603],[80.408,29.607],[80.408,29.61],[80.406,29.613],[80.408,29.615],[80.408,29.62],[80.411,29.625],[80.413,29.626],[80.415,29.626],[80.417,29.626],[80.419,29.627],[80.42,29.628],[80.421,29.63],[80.421,29.632],[80.42,29.633],[80.42,29.635],[80.42,29.636],[80.42,29.638],[80.42,29.64],[80.417,29.641],[80.415,29.642],[80.414,29.644],[80.414,29.645],[80.415,29.648],[80.416,29.65],[80.416,29.651],[80.415,29.653],[80.413,29.654],[80.41,29.654],[80.409,29.656],[80.409,29.657],[80.408,29.658],[80.407,29.66],[80.404,29.66],[80.4,29.658],[80.398,29.659],[80.398,29.661],[80.399,29.662],[80.398,29.663],[80.395,29.663],[80.392,29.664],[80.39,29.666],[80.389,29.668],[80.39,29.67],[80.39,29.671],[80.387,29.673],[80.385,29.674],[80.384,29.675],[80.384,29.677],[80.383,29.679],[80.384,29.681],[80.385,29.683],[80.385,29.685],[80.383,29.687],[80.382,29.688],[80.38,29.689],[80.38,29.692],[80.38,29.695],[80.38,29.697],[80.379,29.699],[80.38,29.7],[80.379,29.702],[80.377,29.702],[80.376,29.705],[80.375,29.707],[80.374,29.71],[80.375,29.712],[80.373,29.714],[80.372,29.716],[80.375,29.718],[80.376,29.72],[80.375,29.721],[80.373,29.722],[80.371,29.722],[80.368,29.722],[80.366,29.724],[80.366,29.727],[80.367,29.731],[80.37,29.733],[80.369,29.735],[80.367,29.737],[80.364,29.74],[80.365,29.743],[80.366,29.747],[80.368,29.75],[80.369,29.751],[80.371,29.75],[80.373,29.749],[80.375,29.749],[80.378,29.75],[80.381,29.751],[80.384,29.75],[80.386,29.752],[80.385,29.755],[80.385,29.758],[80.388,29.76],[80.392,29.76],[80.395,29.758],[80.398,29.759],[80.396,29.763],[80.397,29.766],[80.399,29.769],[80.399,29.772],[80.4,29.774],[80.403,29.776],[80.404,29.778],[80.404,29.78],[80.405,29.783],[80.407,29.784],[80.407,29.786],[80.406,29.788],[80.408,29.791],[80.407,29.793],[80.409,29.794],[80.413,29.792],[80.414,29.794],[80.417,29.796],[80.422,29.796],[80.425,29.797],[80.429,29.798],[80.431,29.801],[80.433,29.803],[80.435,29.806],[80.439,29.803],[80.442,29.8],[80.446,29.799],[80.448,29.799],[80.45,29.8],[80.454,29.802],[80.458,29.803],[80.461,29.802],[80.466,29.802],[80.468,29.801],[80.471,29.8],[80.474,29.799],[80.478,29.797],[80.48,29.796],[80.485,29.796],[80.489,29.796],[80.492,29.795],[80.494,29.797],[80.494,29.8],[80.494,29.802],[80.495,29.803],[80.496,29.805],[80.499,29.807],[80.5,29.808],[80.5,29.809],[80.498,29.81],[80.498,29.812],[80.499,29.813],[80.5,29.815],[80.501,29.817],[80.502,29.818],[80.503,29.818],[80.504,29.819],[80.506,29.821],[80.507,29.822],[80.509,29.824],[80.51,29.824],[80.512,29.825],[80.514,29.825],[80.515,29.825],[80.517,29.825],[80.519,29.826],[80.523,29.828],[80.524,29.83],[80.524,29.832],[80.526,29.833],[80.528,29.833],[80.529,29.835],[80.53,29.836],[80.531,29.837],[80.533,29.839],[80.535,29.838],[80.536,29.839],[80.537,29.841],[80.537,29.843],[80.538,29.844],[80.538,29.846],[80.539,29.847],[80.541,29.847],[80.544,29.846],[80.545,29.847],[80.546,29.848],[80.548,29.849],[80.549,29.85],[80.55,29.85],[80.553,29.851],[80.554,29.852],[80.553,29.854],[80.552,29.856],[80.553,29.858],[80.554,29.86],[80.555,29.862],[80.558,29.864],[80.56,29.865],[80.562,29.866],[80.56,29.868],[80.558,29.869],[80.557,29.87],[80.559,29.873],[80.562,29.875],[80.564,29.877],[80.566,29.879],[80.566,29.88],[80.567,29.882],[80.568,29.885],[80.569,29.888],[80.569,29.889],[80.57,29.891],[80.572,29.893],[80.573,29.895],[80.572,29.897],[80.571,29.902],[80.571,29.904],[80.57,29.907],[80.57,29.91],[80.571,29.912],[80.571,29.914],[80.571,29.916],[80.572,29.918],[80.574,29.921],[80.574,29.923],[80.576,29.925],[80.578,29.928],[80.579,29.93],[80.579,29.932],[80.58,29.933],[80.581,29.935],[80.582,29.937],[80.583,29.938],[80.584,29.939],[80.586,29.941],[80.586,29.942],[80.587,29.942],[80.588,29.944],[80.59,29.947],[80.591,29.949],[80.593,29.951],[80.595,29.953],[80.596,29.953],[80.6,29.956],[80.603,29.958],[80.606,29.959],[80.608,29.959],[80.61,29.959],[80.612,29.96],[80.616,29.961],[80.618,29.963],[80.621,29.964],[80.624,29.964],[80.626,29.964],[80.629,29.965],[80.632,29.965],[80.635,29.964],[80.639,29.963],[80.641,29.96],[80.643,29.959],[80.644,29.958],[80.646,29.957],[80.649,29.956],[80.651,29.956],[80.654,29.956],[80.657,29.955],[80.659,29.956],[80.662,29.956],[80.664,29.957],[80.668,29.957],[80.671,29.957],[80.674,29.957],[80.676,29.958],[80.678,29.959],[80.679,29.961],[80.681,29.962],[80.683,29.964],[80.684,29.967],[80.686,29.969],[80.688,29.971],[80.69,29.974],[80.692,29.976],[80.695,29.978],[80.697,29.979],[80.699,29.98],[80.701,29.98],[80.701,29.982],[80.703,29.983],[80.704,29.985],[80.706,29.987],[80.709,29.988],[80.71,29.989],[80.713,29.99],[80.714,29.992],[80.715,29.994],[80.716,29.996],[80.716,29.997],[80.718,29.999],[80.719,30.0],[80.722,30.001],[80.724,30.0],[80.726,30.0],[80.729,30.0],[80.731,30.0],[80.734,30.0],[80.737,30.0],[80.739,30.0],[80.741,30.001],[80.742,30.003],[80.744,30.003],[80.746,30.005],[80.748,30.007],[80.75,30.009],[80.75,30.011],[80.752,30.013],[80.752,30.015],[80.753,30.017],[80.754,30.019],[80.754,30.02],[80.757,30.023],[80.758,30.025],[80.758,30.027],[80.758,30.029],[80.756,30.031],[80.756,30.033],[80.756,30.035],[80.756,30.037],[80.756,30.039],[80.758,30.041],[80.759,30.044],[80.758,30.045],[80.76,30.047],[80.761,30.049],[80.764,30.051],[80.766,30.052],[80.77,30.053],[80.773,30.054],[80.776,30.054],[80.779,30.056],[80.781,30.058],[80.783,30.061],[80.784,30.063],[80.786,30.065],[80.787,30.067],[80.789,30.069],[80.789,30.071],[80.79,30.073],[80.793,30.076],[80.795,30.078],[80.798,30.08],[80.8,30.082],[80.801,30.084],[80.803,30.087],[80.805,30.089],[80.809,30.091],[80.812,30.092],[80.814,30.094],[80.815,30.096],[80.817,30.097],[80.82,30.097],[80.821,30.1],[80.825,30.1],[80.828,30.098],[80.831,30.097],[80.835,30.098],[80.838,30.098],[80.841,30.1],[80.844,30.102],[80.845,30.103],[80.846,30.106],[80.844,30.108],[80.842,30.11],[80.843,30.113],[80.844,30.115],[80.847,30.117],[80.85,30.118],[80.854,30.119],[80.855,30.12],[80.858,30.121],[80.861,30.121],[80.864,30.122],[80.866,30.124],[80.869,30.126],[80.872,30.126],[80.874,30.126],[80.876,30.127],[80.878,30.129],[80.878,30.131],[80.878,30.133],[80.877,30.135],[80.876,30.137],[80.876,30.14],[80.876,30.142],[80.873,30.145],[80.873,30.147],[80.872,30.149],[80.872,30.151],[80.871,30.154],[80.872,30.156],[80.872,30.159],[80.871,30.161],[80.87,30.163],[80.868,30.165],[80.865,30.167],[80.863,30.169],[80.864,30.171],[80.866,30.173],[80.868,30.175],[80.87,30.176],[80.872,30.177],[80.875,30.179],[80.878,30.18],[80.88,30.182],[80.882,30.184],[80.884,30.186],[80.885,30.188],[80.884,30.191],[80.884,30.193],[80.885,30.195],[80.887,30.197],[80.888,30.199],[80.89,30.201],[80.891,30.203],[80.893,30.205],[80.895,30.208],[80.896,30.211],[80.898,30.213],[80.902,30.214],[80.903,30.216],[80.905,30.218],[80.907,30.22],[80.909,30.222],[80.912,30.224],[80.916,30.225],[80.918,30.226],[80.92,30.229],[80.921,30.231],[80.923,30.233],[80.926,30.235],[80.929,30.236],[80.932,30.236],[80.935,30.235],[80.939,30.235],[80.942,30.235],[80.945,30.236],[80.949,30.236],[80.953,30.236],[80.956,30.237],[80.958,30.237],[80.962,30.238],[80.964,30.237],[80.967,30.238],[80.969,30.238],[80.972,30.238],[80.975,30.238],[80.977,30.239],[80.979,30.241],[80.982,30.244],[80.984,30.245],[80.987,30.246],[80.99,30.246]]]]}}]}